id_intento,aprobado
I000000,True
I000002,False
I000003,True
I000006,False
I000008,True
I000009,True
I000010,True
I000012,True
I000013,True
I000014,False
I000015,True
I000016,False
I000017,True
I000018,True
I000019,True
I000022,True
I000023,True
I000024,False
I000025,False
I000028,False
I000029,True
I000030,True
I000031,True
I000032,False
I000033,True
I000034,False
I000036,True
I000037,False
I000038,True
I000039,True
I000040,True
I000042,False
I000043,False
I000044,True
I000046,True
I000047,True
I000048,True
I000050,True
I000051,True
I000053,True
I000056,True
I000057,False
I000060,False
I000061,False
I000062,False
I000063,False
I000065,True
I000066,True
I000067,False
I000068,False
I000069,True
I000070,True
I000071,True
I000072,True
I000073,False
I000075,True
I000076,True
I000077,False
I000078,True
I000080,True
I000081,True
I000082,True
I000084,True
I000085,False
I000087,True
I000088,True
I000089,False
I000090,False
I000091,True
I000092,True
I000094,True
I000095,False
I000097,True
I000099,True
I000100,True
I000101,True
I000102,False
I000103,False
I000104,True
I000106,False
I000107,True
I000108,True
I000109,False
I000111,False
I000113,True
I000114,True
I000116,True
I000118,False
I000119,False
I000121,True
I000122,True
I000123,True
I000124,False
I000128,True
I000129,True
I000130,True
I000131,False
I000132,False
I000133,True
I000134,True
I000139,False
I000140,False
I000143,False
I000144,False
I000145,False
I000146,False
I000147,True
I000150,False
I000152,True
I000154,True
I000156,False
I000157,True
I000158,True
I000159,False
I000163,True
I000164,True
I000165,False
I000166,False
I000168,False
I000169,True
I000171,False
I000172,False
I000173,True
I000176,True
I000177,True
I000178,False
I000179,True
I000180,False
I000182,False
I000183,True
I000184,False
I000185,True
I000186,False
I000187,True
I000188,False
I000189,True
I000190,True
I000191,False
I000192,True
I000193,True
I000194,True
I000196,True
I000199,False
I000200,True
I000201,False
I000202,False
I000204,True
I000205,True
I000208,False
I000209,True
I000210,True
I000211,True
I000213,False
I000214,False
I000216,False
I000217,False
I000218,False
I000219,False
I000221,True
I000223,True
I000224,True
I000225,False
I000227,False
I000228,False
I000229,True
I000231,True
I000233,True
I000235,True
I000236,False
I000237,False
I000240,False
I000241,True
I000242,False
I000243,True
I000244,True
I000245,True
I000246,False
I000248,False
I000251,True
I000252,True
I000253,False
I000254,True
I000257,False
I000258,True
I000260,False
I000264,True
I000265,True
I000266,True
I000267,True
I000268,False
I000269,False
I000270,True
I000271,True
I000272,False
I000274,True
I000275,True
I000277,False
I000279,False
I000280,True
I000282,True
I000283,False
I000284,False
I000286,False
I000287,False
I000289,True
I000290,False
I000292,False
I000293,False
I000294,True
I000295,False
I000297,False
I000300,True
I000301,False
I000302,False
I000304,True
I000305,False
I000306,True
I000307,True
I000308,True
I000310,False
I000311,False
I000313,True
I000316,True
I000318,False
I000319,True
I000320,True
I000323,True
I000324,True
I000325,False
I000326,False
I000330,True
I000334,False
I000335,False
I000336,True
I000337,True
I000338,False
I000339,True
I000340,True
I000341,True
I000342,True
I000343,True
I000345,True
I000346,True
I000347,True
I000348,True
I000349,True
I000351,False
I000352,True
I000356,False
I000358,False
I000363,False
I000364,False
I000365,False
I000367,True
I000368,True
I000369,False
I000371,False
I000372,False
I000373,True
I000374,True
I000375,False
I000376,False
I000377,False
I000378,False
I000379,True
I000380,True
I000381,False
I000383,True
I000384,True
I000387,False
I000388,True
I000389,True
I000391,True
I000393,False
I000395,False
I000396,True
I000397,False
I000398,False
I000399,True
I000400,True
I000401,True
I000407,False
I000408,False
I000411,True
I000412,True
I000413,True
I000414,True
I000415,True
I000416,True
I000417,False
I000418,True
I000419,True
I000421,True
I000423,True
I000424,False
I000426,False
I000427,True
I000428,True
I000430,True
I000431,True
I000434,False
I000435,False
I000436,True
I000437,True
I000439,True
I000440,True
I000442,True
I000443,False
I000444,False
I000445,True
I000446,False
I000450,False
I000452,False
I000454,False
I000455,True
I000457,False
I000459,False
I000460,False
I000463,False
I000464,True
I000465,False
I000466,True
I000468,True
I000470,True
I000473,True
I000474,False
I000475,False
I000476,True
I000477,False
I000478,False
I000480,True
I000482,True
I000483,False
I000484,False
I000485,False
I000487,False
I000488,False
I000489,False
I000490,True
I000491,False
I000492,True
I000493,False
I000494,False
I000495,True
I000496,True
I000497,True
I000499,True
I000500,True
I000502,False
I000504,False
I000505,False
I000507,True
I000508,False
I000509,True
I000511,True
I000512,False
I000513,False
I000515,False
I000518,True
I000519,False
I000520,False
I000521,True
I000522,True
I000523,True
I000527,True
I000528,True
I000529,True
I000530,False
I000532,True
I000533,True
I000534,False
I000535,False
I000536,False
I000537,False
I000538,True
I000541,False
I000542,True
I000543,False
I000544,True
I000545,False
I000547,False
I000550,True
I000551,True
I000553,True
I000555,False
I000559,True
I000560,False
I000561,True
I000562,True
I000563,False
I000565,False
I000566,False
I000567,True
I000569,True
I000570,True
I000571,True
I000572,False
I000573,True
I000575,True
I000577,True
I000578,True
I000580,False
I000581,False
I000582,True
I000584,True
I000585,True
I000586,False
I000587,False
I000588,False
I000589,True
I000590,True
I000591,True
I000592,True
I000593,False
I000595,True
I000596,False
I000599,False
I000600,True
I000601,False
I000603,False
I000604,True
I000605,True
I000606,False
I000607,False
I000608,True
I000609,True
I000610,True
I000611,True
I000612,True
I000615,False
I000617,False
I000618,True
I000619,True
I000620,True
I000621,True
I000622,True
I000623,True
I000625,True
I000626,False
I000628,False
I000629,False
I000630,False
I000631,True
I000633,False
I000634,True
I000635,True
I000636,False
I000638,False
I000641,True
I000643,True
I000645,False
I000647,False
I000648,True
I000650,False
I000651,True
I000652,True
I000653,True
I000654,True
I000655,True
I000656,False
I000657,True
I000658,True
I000659,True
I000660,True
I000661,False
I000665,True
I000666,False
I000667,True
I000668,True
I000669,True
I000670,False
I000671,True
I000674,True
I000676,True
I000677,True
I000678,True
I000679,True
I000680,False
I000681,False
I000682,True
I000683,True
I000684,True
I000687,False
I000688,False
I000691,False
I000692,True
I000693,False
I000694,True
I000696,False
I000697,False
I000698,True
I000700,True
I000701,False
I000702,True
I000704,False
I000705,True
I000706,True
I000709,True
I000710,False
I000711,False
I000715,True
I000717,True
I000718,True
I000719,False
I000720,False
I000721,False
I000722,True
I000723,True
I000724,True
I000725,True
I000726,False
I000728,False
I000729,True
I000730,False
I000731,True
I000732,False
I000733,True
I000735,True
I000736,True
I000738,True
I000739,True
I000740,True
I000741,False
I000742,False
I000744,False
I000746,True
I000747,False
I000748,False
I000749,False
I000750,True
I000751,True
I000752,False
I000754,True
I000755,False
I000756,True
I000757,True
I000759,False
I000761,False
I000762,True
I000763,False
I000764,False
I000765,True
I000768,False
I000769,True
I000773,False
I000774,True
I000775,False
I000777,True
I000778,False
I000781,True
I000782,True
I000783,False
I000784,True
I000785,True
I000786,False
I000787,False
I000788,True
I000789,True
I000790,False
I000792,False
I000793,False
I000794,False
I000795,False
I000796,False
I000797,False
I000798,True
I000799,True
I000800,True
I000802,False
I000804,True
I000805,True
I000807,False
I000808,True
I000809,False
I000810,False
I000811,False
I000812,True
I000814,True
I000816,True
I000818,True
I000819,False
I000820,True
I000821,False
I000823,True
I000824,True
I000825,True
I000826,False
I000827,False
I000828,False
I000830,False
I000831,False
I000832,False
I000833,True
I000835,True
I000836,False
I000837,True
I000839,False
I000840,False
I000841,True
I000842,False
I000843,False
I000844,False
I000845,True
I000846,True
I000848,True
I000850,True
I000851,True
I000852,True
I000853,True
I000856,True
I000857,False
I000860,False
I000861,False
I000863,True
I000864,True
I000866,True
I000867,True
I000868,False
I000869,True
I000871,True
I000872,True
I000873,True
I000875,True
I000876,True
I000877,True
I000878,False
I000879,False
I000880,True
I000881,True
I000883,False
I000884,True
I000885,True
I000887,True
I000890,True
I000891,False
I000893,True
I000897,True
I000898,True
I000899,True
I000901,False
I000902,False
I000904,True
I000905,True
I000907,True
I000908,True
I000909,True
I000912,False
I000913,False
I000914,False
I000915,True
I000917,True
I000918,False
I000919,True
I000920,True
I000921,False
I000922,True
I000923,False
I000924,True
I000925,False
I000927,True
I000928,True
I000929,False
I000931,True
I000933,False
I000934,False
I000935,True
I000936,True
I000937,False
I000938,True
I000940,False
I000941,True
I000943,False
I000945,False
I000946,True
I000947,True
I000948,False
I000950,True
I000951,False
I000952,True
I000953,True
I000954,False
I000955,True
I000956,False
I000957,False
I000958,False
I000959,True
I000960,False
I000961,True
I000962,False
I000963,True
I000964,False
I000965,False
I000966,False
I000967,False
I000968,False
I000970,False
I000973,True
I000974,True
I000975,True
I000976,False
I000977,True
I000978,True
I000979,False
I000980,False
I000981,True
I000984,False
I000986,True
I000987,False
I000988,True
I000989,True
I000990,True
I000991,True
I000993,False
I000994,False
I000995,False
I000996,True
I000997,False
I000999,False
I001000,True
I001001,True
I001002,True
I001003,True
I001004,True
I001005,True
I001006,True
I001007,True
I001008,True
I001009,True
I001010,True
I001011,True
I001012,False
I001013,True
I001014,True
I001015,False
I001016,False
I001017,True
I001019,False
I001023,True
I001024,True
I001025,True
I001027,False
I001028,False
I001031,True
I001033,False
I001034,True
I001035,False
I001036,False
I001038,False
I001040,True
I001041,True
I001042,False
I001043,False
I001044,True
I001045,True
I001046,False
I001047,True
I001048,False
I001050,False
I001052,True
I001053,False
I001054,True
I001055,False
I001056,False
I001057,True
I001058,False
I001059,False
I001060,True
I001063,True
I001064,True
I001067,True
I001069,False
I001070,False
I001072,False
I001073,True
I001074,True
I001076,False
I001077,False
I001079,True
I001082,False
I001084,False
I001085,True
I001087,False
I001088,False
I001089,False
I001090,True
I001091,True
I001093,True
I001095,True
I001096,False
I001097,True
I001099,True
I001104,False
I001105,False
I001107,True
I001110,True
I001111,False
I001112,False
I001113,True
I001115,True
I001116,True
I001118,True
I001119,False
I001120,True
I001121,True
I001122,False
I001123,False
I001124,True
I001125,True
I001126,False
I001127,True
I001128,True
I001129,False
I001132,False
I001133,False
I001137,False
I001139,False
I001142,True
I001143,False
I001144,True
I001145,True
I001146,True
I001147,True
I001148,False
I001150,False
I001151,False
I001152,True
I001154,False
I001155,True
I001156,True
I001157,True
I001158,True
I001159,True
I001161,False
I001163,False
I001164,False
I001165,True
I001166,False
I001167,False
I001169,False
I001171,True
I001172,False
I001173,False
I001174,False
I001177,False
I001178,True
I001179,False
I001180,True
I001181,True
I001182,True
I001183,True
I001184,True
I001186,False
I001189,False
I001190,True
I001191,True
I001192,True
I001193,False
I001194,True
I001195,False
I001196,False
I001198,True
I001199,True
I001200,True
I001203,True
I001207,True
I001208,False
I001212,True
I001213,False
I001214,False
I001215,False
I001216,True
I001217,True
I001218,False
I001219,True
I001220,False
I001221,True
I001223,True
I001224,False
I001226,True
I001228,False
I001229,False
I001230,True
I001231,True
I001232,False
I001233,False
I001234,False
I001235,True
I001236,True
I001237,False
I001238,True
I001239,False
I001240,False
I001241,False
I001243,False
I001246,True
I001247,True
I001248,False
I001249,True
I001251,True
I001252,True
I001253,True
I001255,True
I001256,True
I001258,True
I001259,True
I001260,False
I001261,True
I001263,False
I001264,True
I001265,False
I001266,True
I001267,True
I001268,True
I001269,False
I001270,True
I001272,True
I001273,False
I001275,True
I001276,True
I001281,False
I001284,True
I001285,True
I001286,False
I001287,True
I001288,True
I001289,False
I001291,True
I001292,False
I001293,False
I001294,True
I001296,True
I001297,True
I001298,False
I001301,True
I001303,True
I001304,False
I001306,False
I001307,False
I001308,True
I001309,False
I001310,False
I001311,True
I001312,True
I001313,False
I001317,True
I001318,True
I001319,True
I001321,True
I001322,False
I001323,False
I001324,True
I001325,True
I001326,True
I001327,True
I001329,False
I001330,True
I001331,True
I001334,True
I001335,True
I001336,False
I001337,True
I001338,False
I001339,True
I001340,False
I001342,True
I001345,True
I001346,True
I001347,True
I001348,False
I001349,True
I001352,True
I001353,True
I001354,True
I001355,False
I001356,True
I001357,True
I001358,False
I001359,True
I001360,False
I001361,True
I001362,True
I001364,True
I001365,False
I001366,True
I001368,True
I001370,False
I001371,False
I001372,True
I001373,True
I001374,False
I001376,True
I001377,True
I001378,False
I001380,True
I001381,True
I001383,True
I001384,False
I001387,True
I001390,False
I001391,False
I001394,False
I001395,True
I001396,False
I001397,True
I001398,True
I001400,True
I001401,True
I001402,True
I001403,True
I001404,True
I001405,True
I001406,True
I001407,False
I001409,True
I001410,True
I001412,False
I001413,True
I001414,True
I001415,True
I001417,False
I001418,True
I001419,True
I001420,False
I001422,True
I001424,True
I001425,True
I001426,True
I001427,False
I001428,False
I001429,True
I001431,False
I001433,True
I001434,False
I001435,True
I001436,False
I001438,False
I001441,True
I001443,False
I001444,False
I001448,False
I001450,False
I001451,True
I001453,True
I001454,True
I001455,True
I001456,False
I001457,False
I001459,True
I001460,True
I001461,False
I001463,False
I001464,True
I001466,True
I001468,False
I001469,True
I001470,False
I001471,True
I001474,True
I001475,True
I001477,True
I001478,True
I001479,False
I001480,False
I001481,False
I001482,True
I001484,True
I001485,True
I001486,False
I001487,True
I001489,True
I001490,True
I001491,True
I001492,False
I001493,False
I001495,True
I001496,False
I001498,True
I001500,False
I001501,False
I001502,True
I001503,True
I001504,False
I001505,True
I001506,True
I001507,False
I001508,True
I001510,False
I001512,False
I001514,True
I001515,False
I001517,False
I001519,True
I001520,True
I001521,True
I001522,True
I001524,True
I001525,False
I001526,True
I001527,False
I001528,False
I001529,True
I001530,True
I001531,True
I001536,False
I001537,True
I001541,True
I001542,True
I001543,False
I001546,True
I001548,False
I001550,False
I001551,True
I001552,True
I001553,True
I001557,True
I001561,True
I001563,True
I001565,True
I001566,False
I001567,False
I001570,True
I001571,True
I001572,True
I001573,False
I001575,False
I001576,False
I001578,True
I001579,True
I001580,False
I001582,True
I001583,True
I001585,True
I001586,False
I001588,False
I001589,True
I001590,True
I001593,True
I001595,True
I001597,False
I001598,False
I001599,True
I001600,False
I001601,False
I001602,True
I001603,True
I001605,True
I001606,True
I001608,True
I001609,False
I001611,True
I001612,False
I001614,False
I001617,False
I001618,True
I001620,True
I001621,False
I001624,True
I001625,False
I001626,True
I001628,False
I001629,False
I001630,True
I001632,True
I001633,True
I001637,False
I001638,False
I001642,True
I001643,False
I001644,False
I001645,True
I001646,True
I001647,False
I001648,False
I001651,True
I001652,False
I001653,True
I001654,False
I001656,True
I001659,True
I001660,True
I001661,True
I001662,True
I001663,True
I001668,False
I001669,False
I001670,False
I001671,False
I001674,False
I001675,True
I001677,False
I001678,False
I001679,False
I001680,False
I001682,True
I001683,True
I001685,True
I001687,True
I001688,True
I001689,True
I001690,False
I001692,True
I001693,True
I001694,False
I001695,True
I001696,True
I001697,False
I001699,False
I001700,True
I001703,True
I001704,True
I001705,False
I001707,True
I001708,True
I001710,True
I001712,False
I001713,False
I001714,True
I001717,False
I001719,False
I001722,True
I001725,True
I001728,True
I001729,False
I001730,True
I001731,False
I001732,False
I001734,True
I001735,True
I001737,True
I001738,False
I001739,True
I001741,True
I001742,False
I001745,False
I001747,True
I001748,True
I001749,True
I001751,True
I001752,True
I001753,True
I001754,False
I001756,True
I001757,False
I001758,True
I001759,False
I001761,False
I001762,False
I001763,False
I001766,True
I001767,False
I001769,True
I001771,True
I001772,True
I001773,True
I001774,True
I001777,False
I001781,True
I001782,True
I001783,True
I001784,True
I001790,True
I001791,False
I001792,True
I001793,False
I001794,False
I001796,True
I001797,True
I001798,False
I001801,False
I001803,False
I001804,False
I001805,True
I001806,False
I001807,False
I001809,True
I001810,True
I001811,True
I001812,False
I001813,False
I001814,True
I001815,True
I001817,True
I001819,True
I001821,True
I001822,True
I001823,False
I001825,True
I001826,False
I001827,False
I001828,True
I001830,True
I001833,False
I001835,True
I001836,True
I001837,True
I001838,True
I001842,True
I001843,False
I001844,True
I001847,True
I001848,True
I001849,False
I001850,False
I001851,True
I001852,False
I001854,True
I001855,True
I001856,False
I001857,True
I001858,True
I001861,True
I001863,True
I001864,False
I001865,False
I001866,True
I001867,True
I001868,True
I001869,True
I001872,True
I001873,True
I001874,True
I001877,False
I001878,False
I001880,True
I001883,True
I001884,True
I001886,False
I001887,True
I001888,False
I001889,True
I001890,True
I001891,True
I001892,True
I001895,True
I001897,True
I001899,False
I001900,True
I001901,True
I001902,False
I001903,True
I001905,False
I001906,True
I001907,False
I001908,True
I001909,True
I001910,True
I001911,True
I001912,False
I001914,True
I001917,False
I001918,True
I001920,False
I001922,True
I001923,True
I001925,True
I001926,True
I001927,True
I001928,True
I001931,True
I001932,False
I001933,False
I001934,True
I001935,True
I001936,False
I001938,True
I001939,True
I001940,False
I001942,False
I001943,True
I001944,True
I001945,False
I001946,False
I001948,True
I001949,False
I001951,False
I001952,False
I001953,False
I001954,True
I001955,False
I001956,False
I001958,True
I001959,False
I001960,False
I001961,False
I001962,True
I001963,True
I001964,True
I001965,False
I001966,True
I001969,True
I001970,True
I001975,False
I001977,True
I001980,True
I001984,True
I001985,True
I001986,True
I001987,True
I001988,True
I001989,False
I001990,True
I001991,False
I001992,False
I001993,True
I001996,False
I001997,False
I002000,False
I002001,True
I002002,True
I002004,False
I002005,False
I002006,False
I002007,False
I002008,True
I002010,False
I002012,False
I002016,True
I002018,True
I002021,False
I002022,True
I002023,False
I002024,True
I002026,True
I002027,True
I002028,False
I002029,False
I002030,False
I002031,False
I002032,True
I002033,False
I002034,True
I002037,True
I002039,True
I002040,True
I002041,False
I002042,False
I002043,True
I002044,False
I002046,False
I002048,True
I002049,False
I002051,True
I002052,True
I002053,False
I002054,False
I002055,False
I002057,True
I002058,True
I002061,True
I002062,False
I002064,False
I002065,False
I002066,False
I002067,False
I002068,False
I002069,False
I002071,True
I002072,True
I002074,False
I002075,True
I002076,True
I002077,True
I002079,True
I002080,False
I002082,True
I002083,False
I002084,False
I002089,True
I002093,True
I002096,True
I002097,False
I002098,False
I002100,True
I002103,True
I002104,True
I002105,False
I002106,False
I002107,True
I002109,True
I002110,True
I002112,False
I002113,False
I002117,True
I002119,False
I002120,True
I002121,True
I002122,True
I002123,True
I002124,True
I002125,True
I002127,False
I002133,True
I002134,False
I002136,True
I002137,False
I002138,False
I002139,True
I002140,False
I002141,True
I002142,False
I002143,False
I002144,True
I002145,False
I002147,True
I002149,False
I002152,True
I002154,False
I002155,False
I002156,True
I002157,True
I002158,False
I002160,True
I002161,False
I002162,True
I002163,True
I002165,True
I002166,False
I002167,True
I002168,True
I002169,False
I002170,False
I002171,True
I002173,True
I002175,False
I002176,True
I002178,True
I002179,False
I002180,False
I002181,False
I002183,True
I002186,True
I002187,False
I002188,False
I002189,False
I002191,False
I002192,True
I002193,True
I002194,False
I002195,True
I002197,True
I002198,False
I002201,False
I002203,False
I002206,False
I002207,True
I002208,False
I002210,True
I002212,True
I002213,True
I002214,False
I002215,False
I002217,False
I002218,True
I002221,False
I002222,True
I002223,False
I002224,True
I002225,False
I002227,True
I002228,False
I002229,True
I002230,True
I002231,False
I002232,True
I002233,False
I002234,True
I002235,False
I002236,True
I002238,False
I002239,True
I002242,False
I002243,False
I002245,True
I002246,False
I002247,True
I002248,True
I002250,False
I002251,True
I002253,True
I002255,True
I002257,True
I002259,True
I002261,False
I002262,False
I002264,True
I002265,False
I002269,True
I002272,True
I002273,False
I002274,False
I002275,True
I002276,False
I002278,True
I002279,True
I002280,True
I002282,True
I002283,True
I002284,False
I002285,True
I002286,False
I002287,True
I002288,True
I002289,True
I002290,True
I002291,True
I002292,False
I002293,True
I002294,True
I002295,False
I002296,True
I002297,True
I002299,False
I002300,False
I002302,True
I002303,False
I002304,False
I002305,True
I002306,True
I002307,False
I002309,False
I002310,False
I002311,True
I002312,False
I002313,True
I002314,True
I002315,True
I002316,True
I002317,False
I002319,False
I002320,True
I002321,True
I002322,False
I002323,True
I002324,True
I002325,True
I002327,False
I002329,False
I002330,False
I002333,False
I002334,True
I002335,False
I002336,False
I002337,True
I002338,True
I002343,False
I002345,True
I002346,False
I002347,True
I002348,True
I002349,True
I002350,False
I002351,False
I002352,True
I002355,True
I002357,False
I002358,False
I002359,False
I002360,False
I002361,False
I002362,False
I002363,True
I002364,False
I002365,False
I002366,True
I002367,True
I002368,True
I002371,False
I002372,False
I002373,False
I002374,True
I002375,False
I002377,True
I002378,False
I002379,True
I002380,True
I002381,False
I002382,True
I002384,True
I002386,False
I002387,True
I002388,True
I002389,True
I002391,False
I002393,False
I002394,True
I002395,False
I002398,False
I002399,False
I002401,False
I002402,False
I002403,False
I002405,False
I002406,True
I002407,True
I002409,True
I002410,True
I002411,True
I002412,True
I002414,True
I002415,True
I002416,True
I002417,False
I002419,False
I002420,False
I002421,True
I002422,True
I002424,True
I002425,False
I002427,True
I002428,True
I002429,False
I002431,True
I002434,False
I002435,True
I002437,True
I002440,True
I002441,False
I002442,True
I002443,True
I002444,False
I002446,False
I002447,False
I002448,True
I002450,False
I002451,False
I002452,False
I002453,True
I002454,False
I002457,True
I002458,True
I002459,False
I002461,False
I002462,False
I002463,True
I002464,True
I002466,True
I002467,True
I002468,True
I002471,True
I002474,False
I002475,True
I002476,True
I002477,True
I002478,True
I002479,True
I002480,True
I002481,True
I002483,True
I002484,True
I002485,False
I002486,True
I002487,False
I002490,True
I002491,True
I002492,True
I002493,False
I002494,False
I002495,False
I002496,True
I002497,False
I002498,True
I002499,True
I002501,True
I002502,False
I002503,True
I002504,False
I002507,True
I002508,True
I002509,False
I002511,True
I002513,False
I002514,True
I002516,True
I002517,True
I002519,False
I002520,True
I002521,True
I002522,False
I002524,False
I002526,True
I002527,False
I002528,True
I002529,True
I002531,False
I002532,True
I002533,False
I002534,True
I002535,True
I002536,True
I002537,True
I002538,False
I002540,True
I002541,False
I002542,True
I002543,False
I002545,True
I002546,True
I002547,True
I002548,False
I002549,True
I002550,True
I002551,True
I002552,True
I002553,True
I002554,True
I002555,False
I002556,True
I002557,True
I002558,False
I002560,True
I002561,True
I002562,True
I002563,True
I002564,False
I002565,True
I002566,False
I002567,True
I002569,False
I002570,True
I002571,True
I002572,True
I002573,False
I002574,False
I002575,False
I002576,False
I002577,True
I002578,False
I002579,False
I002580,False
I002581,False
I002582,True
I002583,False
I002586,False
I002588,True
I002590,True
I002592,True
I002595,True
I002596,True
I002597,False
I002599,True
I002601,True
I002602,True
I002603,False
I002604,True
I002606,True
I002607,False
I002608,False
I002609,True
I002610,True
I002611,True
I002612,True
I002613,True
I002614,False
I002615,False
I002616,True
I002617,True
I002619,False
I002620,True
I002622,False
I002624,False
I002625,False
I002626,True
I002628,False
I002629,False
I002630,False
I002631,True
I002632,False
I002635,True
I002636,True
I002637,True
I002638,True
I002640,True
I002641,True
I002642,False
I002643,True
I002644,False
I002645,True
I002646,True
I002649,True
I002650,False
I002651,True
I002652,True
I002657,True
I002658,False
I002659,False
I002665,False
I002666,False
I002667,True
I002668,False
I002669,True
I002670,True
I002671,True
I002676,False
I002677,True
I002680,True
I002681,True
I002682,False
I002685,True
I002686,False
I002687,False
I002688,False
I002689,True
I002690,True
I002691,True
I002692,True
I002693,True
I002694,True
I002695,True
I002696,True
I002697,True
I002699,False
I002700,True
I002703,False
I002704,True
I002705,True
I002706,False
I002707,False
I002708,True
I002712,True
I002713,True
I002714,True
I002716,False
I002717,False
I002718,True
I002719,True
I002720,True
I002721,True
I002722,True
I002724,True
I002730,False
I002731,True
I002732,False
I002733,False
I002734,True
I002735,True
I002736,True
I002737,False
I002738,False
I002739,True
I002742,False
I002743,False
I002746,True
I002747,False
I002748,False
I002749,True
I002751,True
I002752,False
I002753,True
I002754,True
I002755,True
I002756,False
I002757,True
I002758,False
I002759,True
I002762,False
I002763,True
I002764,True
I002765,True
I002766,False
I002767,True
I002768,False
I002770,True
I002773,True
I002776,False
I002777,True
I002779,False
I002780,False
I002781,False
I002782,False
I002784,True
I002785,True
I002786,True
I002787,False
I002788,False
I002789,True
I002790,False
I002791,False
I002792,True
I002793,False
I002794,False
I002796,False
I002797,False
I002798,True
I002799,False
I002800,False
I002804,True
I002805,True
I002806,False
I002807,True
I002808,True
I002809,True
I002810,True
I002811,True
I002812,True
I002813,False
I002814,False
I002815,False
I002817,True
I002818,True
I002819,True
I002821,True
I002824,True
I002825,True
I002827,True
I002828,True
I002829,True
I002830,False
I002831,True
I002833,True
I002835,True
I002836,False
I002837,False
I002838,True
I002839,False
I002840,True
I002842,False
I002843,True
I002844,True
I002845,True
I002846,True
I002847,False
I002850,True
I002853,False
I002854,True
I002855,False
I002857,True
I002858,False
I002859,False
I002860,True
I002861,False
I002862,True
I002864,True
I002865,False
I002866,True
I002869,True
I002871,True
I002873,True
I002874,False
I002875,True
I002876,False
I002878,True
I002879,True
I002881,True
I002882,True
I002883,True
I002884,False
I002885,True
I002886,False
I002887,False
I002889,True
I002892,False
I002894,False
I002895,True
I002898,True
I002899,True
I002900,True
I002901,True
I002902,False
I002903,True
I002906,True
I002907,False
I002908,False
I002909,True
I002913,False
I002914,True
I002915,False
I002916,False
I002920,False
I002921,True
I002923,True
I002924,False
I002925,False
I002926,False
I002928,True
I002929,False
I002930,True
I002932,False
I002933,True
I002934,True
I002935,True
I002936,True
I002938,False
I002941,False
I002942,True
I002943,True
I002944,True
I002945,True
I002946,True
I002947,False
I002948,True
I002949,True
I002950,False
I002951,True
I002952,True
I002955,False
I002956,False
I002958,True
I002959,False
I002960,False
I002961,False
I002962,True
I002964,False
I002966,False
I002967,True
I002968,True
I002969,True
I002971,True
I002975,True
I002976,False
I002977,False
I002978,True
I002980,False
I002983,True
I002984,False
I002985,True
I002986,True
I002988,True
I002989,True
I002990,True
I002991,True
I002993,False
I002994,False
I002995,True
I002996,False
I002997,True
I002998,False
I002999,False
I003005,True
I003006,True
I003007,True
I003008,True
I003010,True
I003011,False
I003013,True
I003014,True
I003017,True
I003019,False
I003020,False
I003021,True
I003022,True
I003023,True
I003024,False
I003025,True
I003026,True
I003027,True
I003030,True
I003032,False
I003034,True
I003035,True
I003036,True
I003037,False
I003038,True
I003040,False
I003042,False
I003043,True
I003044,False
I003045,True
I003047,False
I003049,False
I003050,True
I003051,True
I003053,False
I003054,False
I003056,False
I003057,False
I003058,False
I003060,False
I003062,True
I003063,False
I003064,True
I003066,True
I003067,False
I003068,True
I003071,True
I003072,False
I003073,True
I003074,True
I003075,False
I003076,False
I003077,False
I003079,True
I003080,True
I003083,True
I003087,True
I003088,True
I003089,False
I003090,False
I003091,False
I003092,False
I003095,True
I003096,True
I003097,True
I003098,True
I003099,False
I003101,True
I003102,True
I003103,False
I003104,True
I003105,True
I003106,True
I003109,True
I003112,False
I003113,True
I003115,False
I003116,True
I003117,True
I003118,True
I003119,True
I003120,True
I003121,True
I003122,False
I003123,True
I003126,False
I003127,True
I003128,False
I003129,False
I003130,False
I003131,True
I003132,False
I003133,True
I003135,False
I003136,True
I003137,True
I003138,True
I003139,True
I003140,True
I003141,True
I003144,True
I003146,False
I003147,False
I003149,True
I003150,True
I003151,True
I003152,True
I003153,False
I003154,True
I003157,True
I003158,True
I003159,False
I003160,True
I003162,True
I003163,True
I003166,False
I003167,False
I003170,True
I003171,False
I003175,False
I003177,True
I003178,False
I003179,True
I003180,True
I003181,True
I003182,True
I003183,True
I003184,True
I003186,False
I003191,False
I003192,True
I003193,True
I003194,True
I003195,False
I003196,False
I003197,False
I003198,True
I003199,False
I003201,True
I003202,True
I003204,True
I003205,True
I003206,True
I003207,False
I003208,False
I003211,True
I003212,True
I003214,True
I003215,False
I003217,False
I003219,False
I003220,True
I003221,True
I003222,True
I003224,False
I003225,True
I003226,True
I003227,True
I003229,True
I003231,False
I003232,False
I003234,False
I003236,True
I003238,False
I003239,False
I003240,True
I003242,False
I003243,False
I003244,True
I003245,False
I003246,False
I003249,True
I003250,False
I003251,True
I003254,True
I003256,True
I003257,True
I003258,True
I003259,True
I003260,True
I003261,True
I003262,True
I003263,False
I003264,True
I003266,False
I003267,True
I003268,True
I003270,False
I003272,False
I003273,True
I003277,False
I003279,False
I003280,False
I003284,False
I003285,True
I003286,False
I003287,True
I003288,False
I003289,True
I003290,True
I003291,True
I003292,False
I003293,True
I003296,False
I003298,False
I003299,False
I003301,False
I003302,False
I003304,False
I003306,False
I003307,False
I003308,True
I003309,True
I003311,True
I003312,False
I003313,False
I003314,False
I003315,True
I003316,True
I003318,True
I003320,True
I003321,True
I003322,False
I003325,True
I003326,False
I003327,True
I003328,True
I003329,True
I003335,True
I003336,True
I003337,False
I003339,True
I003340,False
I003342,True
I003343,True
I003344,True
I003345,True
I003346,True
I003348,False
I003349,True
I003350,True
I003351,False
I003352,True
I003355,True
I003356,False
I003357,False
I003360,True
I003361,True
I003364,False
I003365,True
I003366,False
I003367,False
I003369,True
I003371,False
I003374,False
I003375,False
I003377,True
I003378,False
I003380,True
I003381,True
I003383,True
I003384,True
I003386,False
I003387,False
I003388,False
I003390,False
I003391,True
I003392,True
I003393,True
I003394,False
I003395,False
I003396,True
I003397,False
I003398,False
I003400,False
I003401,True
I003402,True
I003404,True
I003405,True
I003406,True
I003410,True
I003412,False
I003413,True
I003414,True
I003416,False
I003417,True
I003418,True
I003419,True
I003422,True
I003427,True
I003429,False
I003430,False
I003431,False
I003432,True
I003433,False
I003434,True
I003435,False
I003437,True
I003438,False
I003440,False
I003441,False
I003444,False
I003445,False
I003446,False
I003447,False
I003449,False
I003450,True
I003451,False
I003455,True
I003456,False
I003457,False
I003458,False
I003460,True
I003462,False
I003463,True
I003464,True
I003466,True
I003468,True
I003469,False
I003470,False
I003471,True
I003472,False
I003474,True
I003478,True
I003479,True
I003482,False
I003484,True
I003485,True
I003487,True
I003488,False
I003489,False
I003493,False
I003494,False
I003495,True
I003496,False
I003497,False
I003498,False
I003500,False
I003501,False
I003502,True
I003504,False
I003505,True
I003506,False
I003509,True
I003510,True
I003511,False
I003512,False
I003513,False
I003514,False
I003515,False
I003516,True
I003517,True
I003518,False
I003522,True
I003524,True
I003525,True
I003526,False
I003529,True
I003530,False
I003531,False
I003532,False
I003533,False
I003534,False
I003535,True
I003536,True
I003537,True
I003539,True
I003540,False
I003541,True
I003542,False
I003543,True
I003546,False
I003547,False
I003548,True
I003549,False
I003550,True
I003551,True
I003552,True
I003553,False
I003555,False
I003559,True
I003560,True
I003562,True
I003564,True
I003565,False
I003567,False
I003569,False
I003571,False
I003572,False
I003573,False
I003576,True
I003577,True
I003578,False
I003579,False
I003580,True
I003581,True
I003584,True
I003587,True
I003588,False
I003589,False
I003591,True
I003594,True
I003595,True
I003596,True
I003599,False
I003601,False
I003604,False
I003606,False
I003607,False
I003608,True
I003611,False
I003612,True
I003613,True
I003614,True
I003615,True
I003616,True
I003617,False
I003618,True
I003619,True
I003620,True
I003621,False
I003623,True
I003625,True
I003626,False
I003627,False
I003629,True
I003630,True
I003634,True
I003635,False
I003637,True
I003638,False
I003640,False
I003641,False
I003643,False
I003644,False
I003645,True
I003646,False
I003647,False
I003650,False
I003652,True
I003654,False
I003656,False
I003658,True
I003659,False
I003661,True
I003664,False
I003665,False
I003667,True
I003669,False
I003670,True
I003671,False
I003672,True
I003673,True
I003674,False
I003675,True
I003676,False
I003677,False
I003678,True
I003679,False
I003680,True
I003684,False
I003686,True
I003687,False
I003688,False
I003689,True
I003692,False
I003693,False
I003695,True
I003696,False
I003697,True
I003698,True
I003699,False
I003702,False
I003703,True
I003704,False
I003705,True
I003706,False
I003707,True
I003709,False
I003710,True
I003713,False
I003715,False
I003716,True
I003717,False
I003720,True
I003722,False
I003723,False
I003726,True
I003728,True
I003729,True
I003730,True
I003732,True
I003733,False
I003734,True
I003735,True
I003736,True
I003738,True
I003739,True
I003740,True
I003741,True
I003743,False
I003746,True
I003748,True
I003749,True
I003751,True
I003753,True
I003754,False
I003755,True
I003756,False
I003758,False
I003760,True
I003761,False
I003762,False
I003763,False
I003765,True
I003766,False
I003767,False
I003769,True
I003770,True
I003771,False
I003774,True
I003775,True
I003776,True
I003777,False
I003779,False
I003780,True
I003782,True
I003783,False
I003785,False
I003786,True
I003787,True
I003791,False
I003792,False
I003793,False
I003796,False
I003797,True
I003798,True
I003800,False
I003801,True
I003802,True
I003803,False
I003804,False
I003806,False
I003807,True
I003808,True
I003809,False
I003810,True
I003811,True
I003812,False
I003813,False
I003814,False
I003815,True
I003816,True
I003817,True
I003818,True
I003819,False
I003822,False
I003823,False
I003825,True
I003826,True
I003827,True
I003828,True
I003829,True
I003830,False
I003831,False
I003834,True
I003835,True
I003836,True
I003838,True
I003839,True
I003840,False
I003842,True
I003843,False
I003846,True
I003849,False
I003850,True
I003851,True
I003852,True
I003855,False
I003856,True
I003857,False
I003858,False
I003859,False
I003860,True
I003861,True
I003862,True
I003863,True
I003864,True
I003866,True
I003868,False
I003870,True
I003871,False
I003873,True
I003875,False
I003877,True
I003879,True
I003882,False
I003883,True
I003884,True
I003886,True
I003887,False
I003889,True
I003890,True
I003891,False
I003893,False
I003895,True
I003896,False
I003897,True
I003900,True
I003901,False
I003902,False
I003903,True
I003904,False
I003906,False
I003908,True
I003911,False
I003913,True
I003914,False
I003915,True
I003916,False
I003920,True
I003923,True
I003924,False
I003925,False
I003926,True
I003927,True
I003928,False
I003933,False
I003934,True
I003935,False
I003936,True
I003937,True
I003938,False
I003940,False
I003942,True
I003945,False
I003946,False
I003947,True
I003948,False
I003951,False
I003954,True
I003955,True
I003956,True
I003957,False
I003958,True
I003959,True
I003960,False
I003961,False
I003962,True
I003963,False
I003964,True
I003965,False
I003967,False
I003968,False
I003969,False
I003971,True
I003973,True
I003975,True
I003976,False
I003977,True
I003979,False
I003980,False
I003981,True
I003982,False
I003983,True
I003985,True
I003986,False
I003987,True
I003988,False
I003989,False
I003990,False
I003995,True
I003996,False
I003997,True
I003998,True
I003999,False
I004000,True
I004001,True
I004003,False
I004004,True
I004007,False
I004008,False
I004009,True
I004010,False
I004011,True
I004013,False
I004015,True
I004016,False
I004017,False
I004018,True
I004020,False
I004021,False
I004022,True
I004023,True
I004024,True
I004025,False
I004026,False
I004027,True
I004028,True
I004030,True
I004031,False
I004032,True
I004033,True
I004034,True
I004035,True
I004036,False
I004037,False
I004038,True
I004039,False
I004040,True
I004041,True
I004042,False
I004043,False
I004044,False
I004045,True
I004048,False
I004049,True
I004051,False
I004052,True
I004054,True
I004055,True
I004057,True
I004059,False
I004062,True
I004063,True
I004064,False
I004066,False
I004067,False
I004068,False
I004069,True
I004071,True
I004072,True
I004073,True
I004074,True
I004075,True
I004076,True
I004080,False
I004082,True
I004085,True
I004087,False
I004088,False
I004089,True
I004090,False
I004091,True
I004092,False
I004093,False
I004094,False
I004095,True
I004096,True
I004098,False
I004099,True
I004101,True
I004103,False
I004105,False
I004106,False
I004109,False
I004110,False
I004111,False
I004114,True
I004116,True
I004117,False
I004118,True
I004119,True
I004120,True
I004122,True
I004123,True
I004124,True
I004126,True
I004127,True
I004128,True
I004129,True
I004131,False
I004133,False
I004134,True
I004135,False
I004136,True
I004140,True
I004144,True
I004145,False
I004147,False
I004148,True
I004150,True
I004151,False
I004152,True
I004153,False
I004156,True
I004157,False
I004160,True
I004162,False
I004164,False
I004166,False
I004167,False
I004168,False
I004169,False
I004170,False
I004171,True
I004172,True
I004173,False
I004174,False
I004176,False
I004177,False
I004178,True
I004180,False
I004182,True
I004183,True
I004184,True
I004185,True
I004187,False
I004189,True
I004190,False
I004191,True
I004193,True
I004194,True
I004196,True
I004198,False
I004199,True
I004201,False
I004202,False
I004203,False
I004204,True
I004206,False
I004208,True
I004209,False
I004215,True
I004216,False
I004217,False
I004220,False
I004222,True
I004223,False
I004224,False
I004226,True
I004227,False
I004232,True
I004233,False
I004234,True
I004235,True
I004236,True
I004237,True
I004238,True
I004239,True
I004240,True
I004241,False
I004244,True
I004245,False
I004247,False
I004248,True
I004249,False
I004250,False
I004251,False
I004253,True
I004256,False
I004257,True
I004258,True
I004260,True
I004261,False
I004262,True
I004263,False
I004265,True
I004266,False
I004268,False
I004270,False
I004271,True
I004272,False
I004273,False
I004274,False
I004275,False
I004276,False
I004277,False
I004278,True
I004280,False
I004282,True
I004284,True
I004286,True
I004287,True
I004288,False
I004289,False
I004290,False
I004292,False
I004294,True
I004298,True
I004299,True
I004301,True
I004302,False
I004304,False
I004305,False
I004306,False
I004308,False
I004310,True
I004311,False
I004313,True
I004315,True
I004316,False
I004317,False
I004319,True
I004320,False
I004322,False
I004324,True
I004325,False
I004326,True
I004327,False
I004328,True
I004329,True
I004330,False
I004331,True
I004332,False
I004334,False
I004336,True
I004338,False
I004339,False
I004340,True
I004342,True
I004346,True
I004347,True
I004348,True
I004349,True
I004350,True
I004351,True
I004353,True
I004354,True
I004355,True
I004358,False
I004359,False
I004361,True
I004362,False
I004363,True
I004365,True
I004366,True
I004367,True
I004368,True
I004369,False
I004370,False
I004371,True
I004372,False
I004375,True
I004381,True
I004382,False
I004386,False
I004389,True
I004390,True
I004391,True
I004393,True
I004396,False
I004397,True
I004399,False
I004400,True
I004403,True
I004404,True
I004405,True
I004406,True
I004407,True
I004408,True
I004410,True
I004412,False
I004413,True
I004414,True
I004415,False
I004417,True
I004418,True
I004419,True
I004420,True
I004421,True
I004423,True
I004424,True
I004425,False
I004426,False
I004428,True
I004430,False
I004431,True
I004434,False
I004436,True
I004437,True
I004438,False
I004439,True
I004440,False
I004441,False
I004442,False
I004444,True
I004445,True
I004446,True
I004447,False
I004448,True
I004451,False
I004453,False
I004454,True
I004457,False
I004458,False
I004459,True
I004462,False
I004463,False
I004464,False
I004465,True
I004466,False
I004467,False
I004470,True
I004471,True
I004473,True
I004474,True
I004475,True
I004476,False
I004478,False
I004479,True
I004481,True
I004485,True
I004486,False
I004488,False
I004492,False
I004493,True
I004494,False
I004496,True
I004497,True
I004498,False
I004499,False
I004501,True
I004504,False
I004506,False
I004507,True
I004508,False
I004509,False
I004510,False
I004511,True
I004513,True
I004514,False
I004515,False
I004517,True
I004518,False
I004520,False
I004521,False
I004523,True
I004525,True
I004526,False
I004527,True
I004529,False
I004531,False
I004532,True
I004533,False
I004536,True
I004537,False
I004538,False
I004539,False
I004540,False
I004541,False
I004542,True
I004543,True
I004544,False
I004545,False
I004546,False
I004547,True
I004548,False
I004550,False
I004552,True
I004554,False
I004556,True
I004557,True
I004558,True
I004559,True
I004560,False
I004562,True
I004563,True
I004564,False
I004565,True
I004566,True
I004567,True
I004568,False
I004569,False
I004570,True
I004573,True
I004574,True
I004575,True
I004576,True
I004577,False
I004578,True
I004580,True
I004581,True
I004583,False
I004584,False
I004587,False
I004588,True
I004589,True
I004592,False
I004594,False
I004595,True
I004597,True
I004598,False
I004599,False
I004600,True
I004601,False
I004603,False
I004604,True
I004606,True
I004607,False
I004608,True
I004609,False
I004610,False
I004612,True
I004613,True
I004614,False
I004616,False
I004622,False
I004623,True
I004624,False
I004625,True
I004626,False
I004627,False
I004628,False
I004629,True
I004630,False
I004632,False
I004633,True
I004634,False
I004637,False
I004638,False
I004640,True
I004641,False
I004644,True
I004647,True
I004649,False
I004650,True
I004653,True
I004654,True
I004655,True
I004659,True
I004661,True
I004662,True
I004665,False
I004666,True
I004668,True
I004669,False
I004671,True
I004672,True
I004673,False
I004674,True
I004675,True
I004677,False
I004680,False
I004681,False
I004683,True
I004684,False
I004685,True
I004687,False
I004688,False
I004689,True
I004692,False
I004693,True
I004694,True
I004696,True
I004697,True
I004698,True
I004700,True
I004701,True
I004702,False
I004703,True
I004704,False
I004705,False
I004706,True
I004707,True
I004708,True
I004710,False
I004712,True
I004713,False
I004714,True
I004715,False
I004716,True
I004717,True
I004718,True
I004719,True
I004720,True
I004721,False
I004722,False
I004723,True
I004724,True
I004726,False
I004727,False
I004728,True
I004729,False
I004730,False
I004731,True
I004732,True
I004733,True
I004736,False
I004737,True
I004738,True
I004739,True
I004741,False
I004743,False
I004744,False
I004745,False
I004747,True
I004748,True
I004753,True
I004754,False
I004755,False
I004757,True
I004758,False
I004760,False
I004761,False
I004762,True
I004763,True
I004765,True
I004766,True
I004767,False
I004768,True
I004769,False
I004770,True
I004773,False
I004775,True
I004777,False
I004778,True
I004779,True
I004780,True
I004781,True
I004782,False
I004783,True
I004785,True
I004786,True
I004789,False
I004791,True
I004794,True
I004795,False
I004796,True
I004797,True
I004800,False
I004801,False
I004803,True
I004804,True
I004806,True
I004807,False
I004809,True
I004811,False
I004812,True
I004813,False
I004814,True
I004815,False
I004816,False
I004817,True
I004818,True
I004819,False
I004821,True
I004822,True
I004823,False
I004824,False
I004825,True
I004826,False
I004827,True
I004828,True
I004829,False
I004830,False
I004831,False
I004832,True
I004835,True
I004836,True
I004837,True
I004839,False
I004841,True
I004842,True
I004843,True
I004844,True
I004845,True
I004847,False
I004848,True
I004851,True
I004852,False
I004856,True
I004857,False
I004858,True
I004859,True
I004860,False
I004862,False
I004863,True
I004865,False
I004867,True
I004869,True
I004872,True
I004874,True
I004876,False
I004877,False
I004878,False
I004879,True
I004881,True
I004884,False
I004885,True
I004886,True
I004887,False
I004888,True
I004889,False
I004890,False
I004892,False
I004894,True
I004895,True
I004897,True
I004898,True
I004899,True
I004900,True
I004901,False
I004902,True
I004905,False
I004906,False
I004907,True
I004908,False
I004909,False
I004910,True
I004911,True
I004912,True
I004920,True
I004922,False
I004923,False
I004924,True
I004927,True
I004929,True
I004931,True
I004933,True
I004934,True
I004935,True
I004936,False
I004938,False
I004939,True
I004940,True
I004942,False
I004944,False
I004946,True
I004947,True
I004949,False
I004950,True
I004951,False
I004952,True
I004953,True
I004954,True
I004955,True
I004956,False
I004957,True
I004958,False
I004961,False
I004963,False
I004964,False
I004965,True
I004966,False
I004967,False
I004969,False
I004970,False
I004973,True
I004974,True
I004975,False
I004977,False
I004978,False
I004980,True
I004981,False
I004982,False
I004983,True
I004984,False
I004985,True
I004986,True
I004988,False
I004989,True
I004991,True
I004994,False
I004995,False
I004996,False
I004997,False
I004998,True
I004999,True
I005000,False
I005001,False
I005002,True
I005003,False
I005005,True
I005006,False
I005007,True
I005010,False
I005012,False
I005013,False
I005015,True
I005016,False
I005017,True
I005021,True
I005022,False
I005023,False
I005025,True
I005026,False
I005028,True
I005029,False
I005030,False
I005032,True
I005034,False
I005035,False
I005036,False
I005039,True
I005040,True
I005041,True
I005042,False
I005044,False
I005045,True
I005046,False
I005047,False
I005048,True
I005051,True
I005052,False
I005053,False
I005055,False
I005057,False
I005058,False
I005060,True
I005061,True
I005062,False
I005063,False
I005065,False
I005067,True
I005069,False
I005070,False
I005071,True
I005072,False
I005074,False
I005075,False
I005076,False
I005078,True
I005079,False
I005080,False
I005081,False
I005083,True
I005084,False
I005087,True
I005091,False
I005092,True
I005095,True
I005096,True
I005097,False
I005098,False
I005099,True
I005101,True
I005102,False
I005103,True
I005104,False
I005105,True
I005106,True
I005109,True
I005112,True
I005113,False
I005114,True
I005116,False
I005117,True
I005118,True
I005119,True
I005120,False
I005122,True
I005123,False
I005124,True
I005125,True
I005126,False
I005127,True
I005129,True
I005130,False
I005131,False
I005132,True
I005133,False
I005136,True
I005138,False
I005139,False
I005141,False
I005142,False
I005143,True
I005144,True
I005145,True
I005146,True
I005147,True
I005149,True
I005150,False
I005151,False
I005152,False
I005159,True
I005160,True
I005161,False
I005162,False
I005163,True
I005164,True
I005166,True
I005167,False
I005169,False
I005170,True
I005171,False
I005172,True
I005174,False
I005175,True
I005176,True
I005177,True
I005180,False
I005182,True
I005183,False
I005184,True
I005185,False
I005187,True
I005189,False
I005191,True
I005192,True
I005193,True
I005194,True
I005195,True
I005196,True
I005197,True
I005198,False
I005200,False
I005201,True
I005202,False
I005204,True
I005205,True
I005206,True
I005208,False
I005210,False
I005211,True
I005212,False
I005213,True
I005214,True
I005216,True
I005218,True
I005219,True
I005222,True
I005224,False
I005225,False
I005226,False
I005227,False
I005228,True
I005230,False
I005232,True
I005233,True
I005234,True
I005235,True
I005236,False
I005239,False
I005243,True
I005245,True
I005246,True
I005247,False
I005248,True
I005249,True
I005251,True
I005252,True
I005255,False
I005256,False
I005257,False
I005258,False
I005259,True
I005261,False
I005262,True
I005264,False
I005265,True
I005267,True
I005268,True
I005269,False
I005270,True
I005274,True
I005277,False
I005278,True
I005280,False
I005281,True
I005282,True
I005288,False
I005290,False
I005292,True
I005293,True
I005295,True
I005296,True
I005298,True
I005299,False
I005300,True
I005302,True
I005303,False
I005304,False
I005306,True
I005307,True
I005308,True
I005310,True
I005311,False
I005312,True
I005313,True
I005318,False
I005320,False
I005321,True
I005324,False
I005325,True
I005326,False
I005327,False
I005328,True
I005329,False
I005332,True
I005335,True
I005337,False
I005338,True
I005340,True
I005341,True
I005342,True
I005343,False
I005344,True
I005345,True
I005347,True
I005348,False
I005349,True
I005350,True
I005351,True
I005352,True
I005353,False
I005354,True
I005355,True
I005356,True
I005357,False
I005358,True
I005359,True
I005360,False
I005361,True
I005365,True
I005366,False
I005370,False
I005371,False
I005373,False
I005374,True
I005376,False
I005377,True
I005381,False
I005382,True
I005383,True
I005384,True
I005385,True
I005386,False
I005387,True
I005388,False
I005389,False
I005392,True
I005393,True
I005395,False
I005396,False
I005397,False
I005399,True
I005400,False
I005401,False
I005402,True
I005404,True
I005405,True
I005406,False
I005407,False
I005408,True
I005409,False
I005410,False
I005411,False
I005412,True
I005413,False
I005414,True
I005416,False
I005417,False
I005418,True
I005420,True
I005421,True
I005422,True
I005423,False
I005424,False
I005426,True
I005427,False
I005430,False
I005431,True
I005433,False
I005434,True
I005435,True
I005437,True
I005438,True
I005440,True
I005442,False
I005443,False
I005444,False
I005445,True
I005446,True
I005448,False
I005450,True
I005453,True
I005455,True
I005456,False
I005457,True
I005458,True
I005460,True
I005461,True
I005463,True
I005464,True
I005467,True
I005468,False
I005469,False
I005470,False
I005472,True
I005477,True
I005479,False
I005480,True
I005481,True
I005482,True
I005485,False
I005486,False
I005487,True
I005488,True
I005489,False
I005491,False
I005492,False
I005494,False
I005496,True
I005497,True
I005498,True
I005499,True
I005501,False
I005502,True
I005503,True
I005504,True
I005505,True
I005506,True
I005508,True
I005510,False
I005511,True
I005512,True
I005513,True
I005514,True
I005520,True
I005521,True
I005523,False
I005524,False
I005526,False
I005527,False
I005528,True
I005529,True
I005530,True
I005531,True
I005532,True
I005533,False
I005535,False
I005536,True
I005537,False
I005538,False
I005540,False
I005541,True
I005543,True
I005544,True
I005546,True
I005547,True
I005548,True
I005549,True
I005550,False
I005555,True
I005556,False
I005557,True
I005558,True
I005559,True
I005560,False
I005562,False
I005564,False
I005566,True
I005567,False
I005570,True
I005571,False
I005572,True
I005573,True
I005576,True
I005581,True
I005582,True
I005583,False
I005586,True
I005587,False
I005588,True
I005589,True
I005590,False
I005591,False
I005593,True
I005594,True
I005595,True
I005597,False
I005598,False
I005599,True
I005600,False
I005601,True
I005602,True
I005603,False
I005604,True
I005605,True
I005606,True
I005608,False
I005609,True
I005612,False
I005614,False
I005616,False
I005617,False
I005618,True
I005619,False
I005620,False
I005621,True
I005623,True
I005624,True
I005625,True
I005627,True
I005628,True
I005629,False
I005630,False
I005631,False
I005634,False
I005635,False
I005636,True
I005637,False
I005640,True
I005641,True
I005642,True
I005644,True
I005645,False
I005646,True
I005647,False
I005648,True
I005649,False
I005650,False
I005651,False
I005652,True
I005653,False
I005654,False
I005656,True
I005657,False
I005658,False
I005659,False
I005660,False
I005662,False
I005663,True
I005665,False
I005668,True
I005669,False
I005670,True
I005671,False
I005672,True
I005673,True
I005677,True
I005678,True
I005680,True
I005681,True
I005682,False
I005685,True
I005686,True
I005687,True
I005688,True
I005690,False
I005691,True
I005692,False
I005694,False
I005695,True
I005697,False
I005698,True
I005699,False
I005700,False
I005702,True
I005704,True
I005705,False
I005706,False
I005707,True
I005709,True
I005710,False
I005711,True
I005712,True
I005713,True
I005714,True
I005715,False
I005716,True
I005717,False
I005718,False
I005719,False
I005720,False
I005721,False
I005723,True
I005725,True
I005727,True
I005729,False
I005730,True
I005732,False
I005734,False
I005735,True
I005736,False
I005737,True
I005738,True
I005740,False
I005742,False
I005744,False
I005745,True
I005746,True
I005747,True
I005748,True
I005749,False
I005751,True
I005753,False
I005755,True
I005756,True
I005757,True
I005761,False
I005762,True
I005763,True
I005765,False
I005766,False
I005769,False
I005770,True
I005771,False
I005773,False
I005775,True
I005776,False
I005777,True
I005778,True
I005779,True
I005780,False
I005781,True
I005784,False
I005786,True
I005787,True
I005788,False
I005789,False
I005790,False
I005791,False
I005794,False
I005795,False
I005796,True
I005797,False
I005799,True
I005800,False
I005801,True
I005802,True
I005803,True
I005804,False
I005805,True
I005806,True
I005808,True
I005809,False
I005810,False
I005811,False
I005812,True
I005813,False
I005814,False
I005817,False
I005818,True
I005819,True
I005820,True
I005821,False
I005822,False
I005823,False
I005828,True
I005829,True
I005830,False
I005831,False
I005832,True
I005833,True
I005834,True
I005835,False
I005836,False
I005839,False
I005841,False
I005844,False
I005845,False
I005847,True
I005848,True
I005849,False
I005850,True
I005851,False
I005852,False
I005853,False
I005854,False
I005855,True
I005858,False
I005860,False
I005861,False
I005862,False
I005864,False
I005866,False
I005869,False
I005870,True
I005871,True
I005872,True
I005873,False
I005874,False
I005875,True
I005876,False
I005878,True
I005880,True
I005881,False
I005883,False
I005885,False
I005887,True
I005888,True
I005891,True
I005892,True
I005893,False
I005894,False
I005895,False
I005896,True
I005898,True
I005902,True
I005903,False
I005904,True
I005905,False
I005906,True
I005907,True
I005909,True
I005910,True
I005911,True
I005912,False
I005913,False
I005914,True
I005916,True
I005917,False
I005918,True
I005919,True
I005920,False
I005922,False
I005923,True
I005925,False
I005926,True
I005928,True
I005931,False
I005932,False
I005934,True
I005936,False
I005937,True
I005938,True
I005940,False
I005941,True
I005942,False
I005943,False
I005945,False
I005946,False
I005951,True
I005953,True
I005955,False
I005956,False
I005957,False
I005958,True
I005959,True
I005960,True
I005964,True
I005965,False
I005966,False
I005967,True
I005968,False
I005969,True
I005970,False
I005972,True
I005975,True
I005976,False
I005978,True
I005979,True
I005980,False
I005981,True
I005984,True
I005985,True
I005987,False
I005988,False
I005989,True
I005992,True
I005995,True
I005996,False
I005998,True
I005999,False
I006002,False
I006005,True
I006007,False
I006008,True
I006009,False
I006010,False
I006011,True
I006013,True
I006015,False
I006016,False
I006017,True
I006018,True
I006020,False
I006021,False
I006022,False
I006023,False
I006024,True
I006025,False
I006026,True
I006027,False
I006031,False
I006033,True
I006034,True
I006035,False
I006037,True
I006038,True
I006039,False
I006041,True
I006042,False
I006043,True
I006046,True
I006047,True
I006048,False
I006049,True
I006050,True
I006051,False
I006053,True
I006054,False
I006055,True
I006057,True
I006060,True
I006061,False
I006062,False
I006063,True
I006064,True
I006065,True
I006066,False
I006067,False
I006068,True
I006069,False
I006070,True
I006071,False
I006072,True
I006073,False
I006074,True
I006075,False
I006078,False
I006080,False
I006081,False
I006082,True
I006083,True
I006084,False
I006085,False
I006087,False
I006088,False
I006089,True
I006090,False
I006091,False
I006092,False
I006093,False
I006094,True
I006095,False
I006096,False
I006100,True
I006102,False
I006103,True
I006104,True
I006105,True
I006106,True
I006107,False
I006109,True
I006110,False
I006111,True
I006114,True
I006116,True
I006117,False
I006118,True
I006119,True
I006121,True
I006125,True
I006126,True
I006128,True
I006130,False
I006131,False
I006132,True
I006133,True
I006134,True
I006135,False
I006136,True
I006137,False
I006139,False
I006141,False
I006142,False
I006143,True
I006144,True
I006145,False
I006146,True
I006148,True
I006149,True
I006150,False
I006151,False
I006153,False
I006154,True
I006156,True
I006157,True
I006159,True
I006160,False
I006161,True
I006162,True
I006163,True
I006164,True
I006165,True
I006167,False
I006168,True
I006169,False
I006170,True
I006171,True
I006173,False
I006176,True
I006177,True
I006180,True
I006181,False
I006182,True
I006183,False
I006184,False
I006185,False
I006186,True
I006187,True
I006188,True
I006189,True
I006190,False
I006191,True
I006193,True
I006194,True
I006196,False
I006197,True
I006203,True
I006204,False
I006207,True
I006208,True
I006214,True
I006215,True
I006216,False
I006218,True
I006220,False
I006221,True
I006222,False
I006223,False
I006224,True
I006225,True
I006227,True
I006229,False
I006230,True
I006231,False
I006232,False
I006235,True
I006236,True
I006238,False
I006239,True
I006241,True
I006242,False
I006244,False
I006245,True
I006247,True
I006249,True
I006251,True
I006252,False
I006253,True
I006254,False
I006255,True
I006256,False
I006257,True
I006258,True
I006261,True
I006262,False
I006263,False
I006265,True
I006266,False
I006270,True
I006271,False
I006272,True
I006274,True
I006275,False
I006277,True
I006278,False
I006279,False
I006281,True
I006282,True
I006284,True
I006285,False
I006286,False
I006287,False
I006288,False
I006289,True
I006291,False
I006293,False
I006296,True
I006297,False
I006298,True
I006300,True
I006301,True
I006302,False
I006304,True
I006305,False
I006306,False
I006307,False
I006309,False
I006311,True
I006312,False
I006313,False
I006315,False
I006316,True
I006317,False
I006319,True
I006320,True
I006325,True
I006327,True
I006329,True
I006331,False
I006332,True
I006333,True
I006334,True
I006335,False
I006339,False
I006340,False
I006341,False
I006342,False
I006343,False
I006344,True
I006345,False
I006346,True
I006347,False
I006349,True
I006350,True
I006351,True
I006352,False
I006353,False
I006355,True
I006356,True
I006357,False
I006358,False
I006359,True
I006360,True
I006362,False
I006363,True
I006365,True
I006366,True
I006372,False
I006373,True
I006374,False
I006378,False
I006379,True
I006380,False
I006381,True
I006382,True
I006383,True
I006384,True
I006385,True
I006386,True
I006388,False
I006389,True
I006390,False
I006392,True
I006393,True
I006394,False
I006395,False
I006397,False
I006400,True
I006401,False
I006402,False
I006403,True
I006405,True
I006406,False
I006408,False
I006411,True
I006413,False
I006414,False
I006415,False
I006416,True
I006417,False
I006418,False
I006420,True
I006421,False
I006423,False
I006425,False
I006426,False
I006428,False
I006430,True
I006432,True
I006433,True
I006437,True
I006438,False
I006440,False
I006442,False
I006443,False
I006445,True
I006448,True
I006453,False
I006454,True
I006456,True
I006457,True
I006459,True
I006462,False
I006463,False
I006465,True
I006466,True
I006468,False
I006469,False
I006472,True
I006473,False
I006475,True
I006476,False
I006477,False
I006478,False
I006481,False
I006482,True
I006485,False
I006486,False
I006487,True
I006488,True
I006490,True
I006492,False
I006493,False
I006494,False
I006495,True
I006497,True
I006498,True
I006500,False
I006501,True
I006503,True
I006505,True
I006506,True
I006507,True
I006508,False
I006509,False
I006510,True
I006511,True
I006512,True
I006513,False
I006514,True
I006515,False
I006516,True
I006517,True
I006518,True
I006519,False
I006520,False
I006522,False
I006523,True
I006524,False
I006525,True
I006526,False
I006527,False
I006530,True
I006532,False
I006533,False
I006534,False
I006535,True
I006536,False
I006537,True
I006538,True
I006541,True
I006542,False
I006543,False
I006545,False
I006546,False
I006547,False
I006548,True
I006549,False
I006550,True
I006552,False
I006555,True
I006556,False
I006557,False
I006558,True
I006559,True
I006560,True
I006562,True
I006565,True
I006566,False
I006567,True
I006568,False
I006569,False
I006570,False
I006571,True
I006572,False
I006573,False
I006574,True
I006575,True
I006577,True
I006578,True
I006579,True
I006582,True
I006583,False
I006584,True
I006585,True
I006587,False
I006588,False
I006590,False
I006591,True
I006592,False
I006594,True
I006595,False
I006597,True
I006598,True
I006601,False
I006602,False
I006603,True
I006604,False
I006605,False
I006606,True
I006609,False
I006610,False
I006611,False
I006613,False
I006614,True
I006615,False
I006616,True
I006618,False
I006619,True
I006620,False
I006622,True
I006624,False
I006625,True
I006626,False
I006627,True
I006628,True
I006629,True
I006631,True
I006635,True
I006636,False
I006637,True
I006638,True
I006639,False
I006640,True
I006641,True
I006642,True
I006643,False
I006644,True
I006646,False
I006648,True
I006650,True
I006652,False
I006653,True
I006654,False
I006655,True
I006656,False
I006657,True
I006659,False
I006662,False
I006664,True
I006665,True
I006666,False
I006667,False
I006670,True
I006671,True
I006672,True
I006674,False
I006676,True
I006677,True
I006679,True
I006681,True
I006682,False
I006683,True
I006684,True
I006685,True
I006687,True
I006688,True
I006689,True
I006690,True
I006694,False
I006695,False
I006697,False
I006698,False
I006699,False
I006700,False
I006702,True
I006703,True
I006704,True
I006705,False
I006706,False
I006707,True
I006708,True
I006711,True
I006712,True
I006714,False
I006715,False
I006716,True
I006717,True
I006719,False
I006720,True
I006721,True
I006724,True
I006726,True
I006727,True
I006729,True
I006730,True
I006732,True
I006735,False
I006736,False
I006738,False
I006739,True
I006742,True
I006743,True
I006744,False
I006746,True
I006750,False
I006752,False
I006753,True
I006754,False
I006756,False
I006757,False
I006758,True
I006761,True
I006762,True
I006763,True
I006765,False
I006768,True
I006770,False
I006771,False
I006773,False
I006775,True
I006776,True
I006778,False
I006780,True
I006782,False
I006783,True
I006784,False
I006785,False
I006786,True
I006789,True
I006790,False
I006791,False
I006792,False
I006794,True
I006795,True
I006797,False
I006799,True
I006800,True
I006801,False
I006802,False
I006804,False
I006805,True
I006806,False
I006807,True
I006808,True
I006809,False
I006810,False
I006811,False
I006812,True
I006813,False
I006814,False
I006815,False
I006818,False
I006820,True
I006823,False
I006824,False
I006825,False
I006830,False
I006831,True
I006832,True
I006834,False
I006836,False
I006838,False
I006839,False
I006840,False
I006841,False
I006842,True
I006843,False
I006844,True
I006845,True
I006846,False
I006847,True
I006848,False
I006849,False
I006850,True
I006852,True
I006853,True
I006855,True
I006856,False
I006857,False
I006858,True
I006859,True
I006861,True
I006862,True
I006864,False
I006865,True
I006866,False
I006867,False
I006868,True
I006872,True
I006873,False
I006874,False
I006875,True
I006877,True
I006878,False
I006879,True
I006880,True
I006881,False
I006883,True
I006884,True
I006885,False
I006886,True
I006887,True
I006888,True
I006889,True
I006892,True
I006894,False
I006895,True
I006896,False
I006897,True
I006899,False
I006900,False
I006901,True
I006902,True
I006903,True
I006904,False
I006905,False
I006907,True
I006909,False
I006910,False
I006911,False
I006912,False
I006913,False
I006916,False
I006918,False
I006919,False
I006921,False
I006924,False
I006926,True
I006931,False
I006932,False
I006933,True
I006934,True
I006935,False
I006936,True
I006937,True
I006939,True
I006940,True
I006941,True
I006943,True
I006945,False
I006946,True
I006947,True
I006949,False
I006950,True
I006951,True
I006952,False
I006954,False
I006955,False
I006957,True
I006958,True
I006961,False
I006962,False
I006965,True
I006966,True
I006970,True
I006971,True
I006972,True
I006974,True
I006977,True
I006978,True
I006980,False
I006981,True
I006982,False
I006983,False
I006984,True
I006986,False
I006987,True
I006989,True
I006991,False
I006992,False
I006993,True
I006994,True
I006995,True
I006996,False
I006997,True
I006998,True
I006999,True
I007000,True
I007001,False
I007002,True
I007003,True
I007004,False
I007005,False
I007006,False
I007007,True
I007008,False
I007009,False
I007010,False
I007014,True
I007015,False
I007018,False
I007020,True
I007021,False
I007022,False
I007023,True
I007024,False
I007025,False
I007026,True
I007027,False
I007029,False
I007030,False
I007033,True
I007035,False
I007036,True
I007037,True
I007039,False
I007040,False
I007041,False
I007042,False
I007043,False
I007044,True
I007046,True
I007048,True
I007049,True
I007051,True
I007052,True
I007053,True
I007054,False
I007055,False
I007056,False
I007057,True
I007059,False
I007061,False
I007062,False
I007064,False
I007066,False
I007067,True
I007068,True
I007069,True
I007070,False
I007071,True
I007074,False
I007076,False
I007081,False
I007083,True
I007085,True
I007086,True
I007090,True
I007091,False
I007092,False
I007094,True
I007096,True
I007098,True
I007099,False
I007100,True
I007101,True
I007103,True
I007105,True
I007109,True
I007110,False
I007111,True
I007112,False
I007114,False
I007115,False
I007116,True
I007117,False
I007118,True
I007122,False
I007124,False
I007128,False
I007130,True
I007131,False
I007132,True
I007136,False
I007137,False
I007138,False
I007139,False
I007141,True
I007142,False
I007143,False
I007144,False
I007145,False
I007147,False
I007149,False
I007150,True
I007151,False
I007152,False
I007153,True
I007154,False
I007155,True
I007156,True
I007160,False
I007161,False
I007165,True
I007166,True
I007167,False
I007168,True
I007169,False
I007170,True
I007171,True
I007172,True
I007174,True
I007175,True
I007176,False
I007177,False
I007178,True
I007179,True
I007180,True
I007181,False
I007183,True
I007187,True
I007188,False
I007189,False
I007191,True
I007193,True
I007194,True
I007195,True
I007196,True
I007198,True
I007199,True
I007200,False
I007202,True
I007203,True
I007206,True
I007208,True
I007210,False
I007213,True
I007214,True
I007215,True
I007220,False
I007222,True
I007223,False
I007224,False
I007229,True
I007230,False
I007231,False
I007232,True
I007233,False
I007235,True
I007240,False
I007241,True
I007244,True
I007245,True
I007246,True
I007247,True
I007248,False
I007249,True
I007251,True
I007254,True
I007255,True
I007257,False
I007258,False
I007260,False
I007263,False
I007264,False
I007265,True
I007266,False
I007267,True
I007268,True
I007269,False
I007270,False
I007271,False
I007272,False
I007273,True
I007274,True
I007276,False
I007277,True
I007279,True
I007280,False
I007281,False
I007282,True
I007283,False
I007285,False
I007286,True
I007287,True
I007289,False
I007290,False
I007292,True
I007293,True
I007297,False
I007298,True
I007299,False
I007300,False
I007302,False
I007303,True
I007305,False
I007306,True
I007307,True
I007309,False
I007310,True
I007312,True
I007314,False
I007315,True
I007316,False
I007317,False
I007318,True
I007320,False
I007321,False
I007323,False
I007325,False
I007326,True
I007327,False
I007328,True
I007329,True
I007331,True
I007332,True
I007335,False
I007336,True
I007337,False
I007338,True
I007340,True
I007343,False
I007344,True
I007346,False
I007351,True
I007353,True
I007354,True
I007356,False
I007360,False
I007361,False
I007362,True
I007363,True
I007364,False
I007365,True
I007367,True
I007368,True
I007372,False
I007373,True
I007374,False
I007377,False
I007378,False
I007379,True
I007381,False
I007382,False
I007383,False
I007385,True
I007386,True
I007387,False
I007388,True
I007390,False
I007393,False
I007395,True
I007396,True
I007397,False
I007398,False
I007399,False
I007400,True
I007401,True
I007402,True
I007403,True
I007406,False
I007407,True
I007408,True
I007411,True
I007413,False
I007414,False
I007415,True
I007416,False
I007417,True
I007418,True
I007419,True
I007420,True
I007421,False
I007422,True
I007423,False
I007424,False
I007425,False
I007428,False
I007429,False
I007433,False
I007434,True
I007435,True
I007436,True
I007437,True
I007439,True
I007440,False
I007441,True
I007442,True
I007443,False
I007444,False
I007445,True
I007446,True
I007447,False
I007448,False
I007454,False
I007455,True
I007456,False
I007457,True
I007458,False
I007459,True
I007460,True
I007461,True
I007462,False
I007463,True
I007465,False
I007468,True
I007469,False
I007470,True
I007472,False
I007473,False
I007474,False
I007477,False
I007479,True
I007480,False
I007481,True
I007482,True
I007483,True
I007484,True
I007485,False
I007487,False
I007488,False
I007489,True
I007490,False
I007491,True
I007492,False
I007493,True
I007494,False
I007496,True
I007501,False
I007502,False
I007503,True
I007504,False
I007506,True
I007507,True
I007508,False
I007513,True
I007514,False
I007515,False
I007518,False
I007520,False
I007521,True
I007522,True
I007523,False
I007524,False
I007525,True
I007526,False
I007527,True
I007528,True
I007530,True
I007532,False
I007534,True
I007537,True
I007538,False
I007539,False
I007540,True
I007541,False
I007542,False
I007543,True
I007544,True
I007545,True
I007546,False
I007547,False
I007548,False
I007550,False
I007551,False
I007553,False
I007554,False
I007557,False
I007558,False
I007559,True
I007560,True
I007563,False
I007564,True
I007565,True
I007566,True
I007567,True
I007570,False
I007572,False
I007573,False
I007576,True
I007578,False
I007580,True
I007581,True
I007582,True
I007583,False
I007584,True
I007585,True
I007586,False
I007587,False
I007588,True
I007589,False
I007590,False
I007591,False
I007592,False
I007593,True
I007595,True
I007596,True
I007597,True
I007599,False
I007600,True
I007601,True
I007602,True
I007603,True
I007604,False
I007605,False
I007606,True
I007607,True
I007608,False
I007610,False
I007611,True
I007612,True
I007613,True
I007614,False
I007615,False
I007616,True
I007617,True
I007618,True
I007619,False
I007621,True
I007623,True
I007624,True
I007625,False
I007626,False
I007627,True
I007629,True
I007631,True
I007632,False
I007636,True
I007637,True
I007638,False
I007639,True
I007641,True
I007642,True
I007643,True
I007644,True
I007645,False
I007646,False
I007648,False
I007650,False
I007651,False
I007653,False
I007655,False
I007656,False
I007657,True
I007658,True
I007660,False
I007663,False
I007665,True
I007666,True
I007667,False
I007668,True
I007669,False
I007670,True
I007671,False
I007673,True
I007676,False
I007678,False
I007679,True
I007680,True
I007681,True
I007682,False
I007683,True
I007684,True
I007685,False
I007686,False
I007688,False
I007689,True
I007691,True
I007692,False
I007693,False
I007696,False
I007697,True
I007698,False
I007702,True
I007704,False
I007705,True
I007706,False
I007707,True
I007708,True
I007709,True
I007710,True
I007711,True
I007712,True
I007716,True
I007717,True
I007720,True
I007721,True
I007723,True
I007725,False
I007727,True
I007728,False
I007729,True
I007731,False
I007732,False
I007733,True
I007735,False
I007736,True
I007737,False
I007738,False
I007740,True
I007745,False
I007747,True
I007748,False
I007750,True
I007751,False
I007753,False
I007754,True
I007755,True
I007756,True
I007759,True
I007760,False
I007762,True
I007763,False
I007764,True
I007765,False
I007766,False
I007768,True
I007769,False
I007770,False
I007771,True
I007772,True
I007773,True
I007774,False
I007775,False
I007776,True
I007777,False
I007778,True
I007779,True
I007780,True
I007781,False
I007783,False
I007784,True
I007786,True
I007787,False
I007788,True
I007789,False
I007791,True
I007792,True
I007793,True
I007794,True
I007795,True
I007796,True
I007797,False
I007798,True
I007799,False
I007800,True
I007801,True
I007803,False
I007804,True
I007805,True
I007806,False
I007807,False
I007808,False
I007810,True
I007811,False
I007812,True
I007813,False
I007814,True
I007815,True
I007816,True
I007819,True
I007820,True
I007821,False
I007822,True
I007823,False
I007824,True
I007825,True
I007826,True
I007827,False
I007828,True
I007829,True
I007832,False
I007833,True
I007834,True
I007835,False
I007836,False
I007837,False
I007838,False
I007842,True
I007843,True
I007846,True
I007847,True
I007851,True
I007852,True
I007854,False
I007855,True
I007856,False
I007858,True
I007859,False
I007861,True
I007862,False
I007863,False
I007864,True
I007865,False
I007867,True
I007868,False
I007870,True
I007871,True
I007872,True
I007873,False
I007874,False
I007875,False
I007877,False
I007878,True
I007881,False
I007882,False
I007884,True
I007885,True
I007886,False
I007887,False
I007889,False
I007891,True
I007892,True
I007893,False
I007895,True
I007897,True
I007898,True
I007899,True
I007900,False
I007903,False
I007904,True
I007906,False
I007907,False
I007908,False
I007909,True
I007910,False
I007915,True
I007916,False
I007917,True
I007918,True
I007919,True
I007921,True
I007922,True
I007923,True
I007924,True
I007926,True
I007927,True
I007928,True
I007929,True
I007930,True
I007931,True
I007932,True
I007935,True
I007936,False
I007938,True
I007939,False
I007943,False
I007944,True
I007948,False
I007951,False
I007952,True
I007954,True
I007956,True
I007957,False
I007958,False
I007960,False
I007961,False
I007962,False
I007963,False
I007964,True
I007965,False
I007966,False
I007967,False
I007968,False
I007969,True
I007970,True
I007972,False
I007974,False
I007978,False
I007979,False
I007981,True
I007984,True
I007986,False
I007989,False
I007990,True
I007992,False
I007994,False
I007995,False
I007997,False
I007998,False
I007999,True
I008001,True
I008003,True
I008004,False
I008005,True
I008006,True
I008007,True
I008008,True
I008010,False
I008011,True
I008013,True
I008014,False
I008015,True
I008016,True
I008017,True
I008020,True
I008021,False
I008022,True
I008023,False
I008024,False
I008025,True
I008026,True
I008028,True
I008029,False
I008030,True
I008032,True
I008033,True
I008034,False
I008035,False
I008036,True
I008037,False
I008038,False
I008039,False
I008040,True
I008042,True
I008044,False
I008045,True
I008051,True
I008052,True
I008054,False
I008055,True
I008056,False
I008057,False
I008058,True
I008059,True
I008060,True
I008061,True
I008062,True
I008063,True
I008067,False
I008068,False
I008069,False
I008071,True
I008073,False
I008077,False
I008078,True
I008081,True
I008082,True
I008083,False
I008085,False
I008086,False
I008087,False
I008088,True
I008090,True
I008092,True
I008093,False
I008094,False
I008096,False
I008097,False
I008098,False
I008099,True
I008103,False
I008104,True
I008105,False
I008106,True
I008107,False
I008108,True
I008109,False
I008111,True
I008112,False
I008114,False
I008115,False
I008116,False
I008117,False
I008118,False
I008119,True
I008120,False
I008121,True
I008123,True
I008124,True
I008125,True
I008130,False
I008131,True
I008133,False
I008134,False
I008135,False
I008136,True
I008137,True
I008138,False
I008139,True
I008141,False
I008142,False
I008143,False
I008144,True
I008145,True
I008146,True
I008147,True
I008148,True
I008149,False
I008150,False
I008151,True
I008152,False
I008153,True
I008154,False
I008155,True
I008156,False
I008158,False
I008159,True
I008162,False
I008163,False
I008164,False
I008165,False
I008167,True
I008168,False
I008169,False
I008170,True
I008171,False
I008173,True
I008174,True
I008175,False
I008178,True
I008179,True
I008180,True
I008183,True
I008184,False
I008185,False
I008186,False
I008188,True
I008191,False
I008192,True
I008193,False
I008194,True
I008195,False
I008197,False
I008199,False
I008200,True
I008201,True
I008202,True
I008203,False
I008204,True
I008205,False
I008207,False
I008210,True
I008212,True
I008213,True
I008214,True
I008215,True
I008216,False
I008217,True
I008218,False
I008220,False
I008222,True
I008223,False
I008224,True
I008225,False
I008226,False
I008227,True
I008228,False
I008230,True
I008231,True
I008234,False
I008235,False
I008236,False
I008237,True
I008238,False
I008239,True
I008240,True
I008241,False
I008242,False
I008243,True
I008244,True
I008245,True
I008246,True
I008247,False
I008249,False
I008252,False
I008254,True
I008255,False
I008257,True
I008259,False
I008260,False
I008261,False
I008263,False
I008264,True
I008265,True
I008267,False
I008268,True
I008269,False
I008272,False
I008273,True
I008275,True
I008278,True
I008279,False
I008280,False
I008281,False
I008283,False
I008285,True
I008286,True
I008287,False
I008288,True
I008289,False
I008290,False
I008291,False
I008292,False
I008293,False
I008294,True
I008297,False
I008299,False
I008300,True
I008301,False
I008303,True
I008305,False
I008306,False
I008307,True
I008308,False
I008309,False
I008310,True
I008311,True
I008312,False
I008313,True
I008314,True
I008317,False
I008318,True
I008319,True
I008320,True
I008321,True
I008322,False
I008323,True
I008324,True
I008325,False
I008326,True
I008327,True
I008329,True
I008330,False
I008333,False
I008334,True
I008335,True
I008336,False
I008337,True
I008338,True
I008339,False
I008340,False
I008342,True
I008344,True
I008345,True
I008346,True
I008348,False
I008350,True
I008351,False
I008354,True
I008357,True
I008359,False
I008362,False
I008363,True
I008364,True
I008365,True
I008366,True
I008367,True
I008369,True
I008371,False
I008373,True
I008374,False
I008377,True
I008378,True
I008379,True
I008380,False
I008383,False
I008384,True
I008385,False
I008386,True
I008387,True
I008388,True
I008389,True
I008391,True
I008392,True
I008394,True
I008395,False
I008396,True
I008397,False
I008398,False
I008402,True
I008404,True
I008405,False
I008406,True
I008408,False
I008409,True
I008410,True
I008411,False
I008412,True
I008413,True
I008418,True
I008419,True
I008422,False
I008423,True
I008425,False
I008426,True
I008427,True
I008428,True
I008430,True
I008432,True
I008434,False
I008437,False
I008438,False
I008440,False
I008441,False
I008442,True
I008443,False
I008445,True
I008446,True
I008448,False
I008449,True
I008450,False
I008451,True
I008452,True
I008453,False
I008454,True
I008455,True
I008456,True
I008457,True
I008458,True
I008460,False
I008461,False
I008462,True
I008464,False
I008465,True
I008466,True
I008467,True
I008469,True
I008470,False
I008471,False
I008473,True
I008475,False
I008476,False
I008479,True
I008481,True
I008482,True
I008484,False
I008485,False
I008486,False
I008487,True
I008488,False
I008490,True
I008491,False
I008492,False
I008493,True
I008494,True
I008496,True
I008500,True
I008502,True
I008504,True
I008506,True
I008507,False
I008508,False
I008509,False
I008511,False
I008512,True
I008513,True
I008514,True
I008515,False
I008516,False
I008517,False
I008518,False
I008519,True
I008520,True
I008522,True
I008523,False
I008524,True
I008528,False
I008529,False
I008531,False
I008534,True
I008535,True
I008537,False
I008538,True
I008539,True
I008540,True
I008541,True
I008542,True
I008543,True
I008544,False
I008545,False
I008546,False
I008547,True
I008549,True
I008551,True
I008552,True
I008553,False
I008555,True
I008556,False
I008557,True
I008558,False
I008562,False
I008564,True
I008565,False
I008566,False
I008567,True
I008569,False
I008570,False
I008571,False
I008572,True
I008573,False
I008575,False
I008577,True
I008578,True
I008579,True
I008580,True
I008582,True
I008583,False
I008584,True
I008585,True
I008586,True
I008587,True
I008588,True
I008589,True
I008590,False
I008591,True
I008592,True
I008593,False
I008594,False
I008596,True
I008598,True
I008599,True
I008600,True
I008601,True
I008603,True
I008605,True
I008607,True
I008608,True
I008610,True
I008611,True
I008612,False
I008613,False
I008614,True
I008615,False
I008616,False
I008618,True
I008619,True
I008620,True
I008621,True
I008622,True
I008623,False
I008624,True
I008625,True
I008626,True
I008628,True
I008629,False
I008630,True
I008631,True
I008633,False
I008634,True
I008635,True
I008636,True
I008642,True
I008643,True
I008645,True
I008647,True
I008648,True
I008649,False
I008650,False
I008651,True
I008652,True
I008653,False
I008654,False
I008656,False
I008657,True
I008658,False
I008659,False
I008660,False
I008661,False
I008662,True
I008664,True
I008665,False
I008667,True
I008668,False
I008670,False
I008671,True
I008672,True
I008673,False
I008674,False
I008675,False
I008677,False
I008678,True
I008680,True
I008681,False
I008682,False
I008683,True
I008684,False
I008687,False
I008689,True
I008691,True
I008693,True
I008695,True
I008696,True
I008698,False
I008699,True
I008701,False
I008702,False
I008703,True
I008705,True
I008706,True
I008707,False
I008709,False
I008713,False
I008714,True
I008715,True
I008716,False
I008717,False
I008718,True
I008719,False
I008720,False
I008721,True
I008723,True
I008724,True
I008725,False
I008726,True
I008727,True
I008729,True
I008730,False
I008731,True
I008733,False
I008734,True
I008736,True
I008737,False
I008741,False
I008742,True
I008746,False
I008748,True
I008749,False
I008751,True
I008752,True
I008753,False
I008757,False
I008760,False
I008761,False
I008762,False
I008766,False
I008771,False
I008772,True
I008773,True
I008774,True
I008776,True
I008777,False
I008778,False
I008779,False
I008782,False
I008783,True
I008784,False
I008786,True
I008787,False
I008790,True
I008791,True
I008795,True
I008796,True
I008798,False
I008799,False
I008800,True
I008801,True
I008802,True
I008803,True
I008804,True
I008805,False
I008806,False
I008808,True
I008809,True
I008811,False
I008812,False
I008813,False
I008814,True
I008815,True
I008816,True
I008817,False
I008818,True
I008820,False
I008822,False
I008827,False
I008828,False
I008829,True
I008830,True
I008831,True
I008834,False
I008835,False
I008836,False
I008838,False
I008840,True
I008841,True
I008842,False
I008843,True
I008844,True
I008845,True
I008847,False
I008848,False
I008849,True
I008852,True
I008853,True
I008856,True
I008859,True
I008860,False
I008862,False
I008863,True
I008865,False
I008866,True
I008868,False
I008869,False
I008870,False
I008872,False
I008873,True
I008874,True
I008877,True
I008880,True
I008881,True
I008882,True
I008883,False
I008884,True
I008885,False
I008887,True
I008890,False
I008891,True
I008893,True
I008894,True
I008895,False
I008896,True
I008898,False
I008899,True
I008900,True
I008901,False
I008902,True
I008904,True
I008906,True
I008907,False
I008909,False
I008910,True
I008911,True
I008912,True
I008913,True
I008914,True
I008915,False
I008916,True
I008919,True
I008920,False
I008921,False
I008923,False
I008924,True
I008926,True
I008928,False
I008929,False
I008930,False
I008932,True
I008933,False
I008935,False
I008936,False
I008937,True
I008938,False
I008939,True
I008941,False
I008942,False
I008943,False
I008946,False
I008947,True
I008949,False
I008950,False
I008952,True
I008953,False
I008954,True
I008955,False
I008956,False
I008959,False
I008960,True
I008961,True
I008965,False
I008966,False
I008968,True
I008969,False
I008970,True
I008971,True
I008972,True
I008973,False
I008974,False
I008975,False
I008978,False
I008980,True
I008981,True
I008983,True
I008984,True
I008985,True
I008986,True
I008987,True
I008988,True
I008991,True
I008992,False
I008994,True
I008995,True
I008996,True
I008997,True
I008998,True
I008999,False
I009000,False
I009002,True
I009003,True
I009004,True
I009005,True
I009007,True
I009008,False
I009010,True
I009013,True
I009014,True
I009015,True
I009016,True
I009017,False
I009018,False
I009019,False
I009020,True
I009021,True
I009022,True
I009023,False
I009024,True
I009025,True
I009026,False
I009029,False
I009030,False
I009031,True
I009032,True
I009033,True
I009034,True
I009035,False
I009036,True
I009038,True
I009039,True
I009040,True
I009041,True
I009043,True
I009045,False
I009046,False
I009048,True
I009049,False
I009050,True
I009054,False
I009058,True
I009059,True
I009060,False
I009064,True
I009065,False
I009066,False
I009067,False
I009069,True
I009070,True
I009071,True
I009072,False
I009074,True
I009075,False
I009078,False
I009079,False
I009080,False
I009081,False
I009082,True
I009083,False
I009084,True
I009085,True
I009089,True
I009090,False
I009091,True
I009092,True
I009094,False
I009095,False
I009096,False
I009097,False
I009098,False
I009099,False
I009100,True
I009101,False
I009102,True
I009103,True
I009104,True
I009105,False
I009106,False
I009109,True
I009110,True
I009111,True
I009112,False
I009115,False
I009116,True
I009117,True
I009118,False
I009121,False
I009123,False
I009124,False
I009125,True
I009126,False
I009127,False
I009130,False
I009131,True
I009133,False
I009134,True
I009135,True
I009136,True
I009137,False
I009138,True
I009140,True
I009141,True
I009142,True
I009143,True
I009144,True
I009148,False
I009149,True
I009151,True
I009152,True
I009153,False
I009155,False
I009156,False
I009157,True
I009158,True
I009159,True
I009161,True
I009165,False
I009169,True
I009170,True
I009171,False
I009172,True
I009173,True
I009174,False
I009175,False
I009177,False
I009178,False
I009179,True
I009180,True
I009181,True
I009182,True
I009183,False
I009184,True
I009185,False
I009186,True
I009187,True
I009189,True
I009192,False
I009194,False
I009195,False
I009196,True
I009197,False
I009198,True
I009199,False
I009204,False
I009207,True
I009208,True
I009209,True
I009210,True
I009211,True
I009212,False
I009214,False
I009215,False
I009216,True
I009217,False
I009218,False
I009219,True
I009220,True
I009221,False
I009222,True
I009224,False
I009229,False
I009230,True
I009232,True
I009233,False
I009234,True
I009235,True
I009236,True
I009237,True
I009238,True
I009240,True
I009242,False
I009244,True
I009246,False
I009247,True
I009248,True
I009250,False
I009251,False
I009252,False
I009253,False
I009254,True
I009256,False
I009257,True
I009258,False
I009260,True
I009261,True
I009262,False
I009263,False
I009266,False
I009267,False
I009268,True
I009269,True
I009270,True
I009272,False
I009276,False
I009277,False
I009278,True
I009280,False
I009281,False
I009282,True
I009284,False
I009286,False
I009287,True
I009288,True
I009290,False
I009292,True
I009293,True
I009294,False
I009295,True
I009296,False
I009297,True
I009298,False
I009302,True
I009303,True
I009304,False
I009305,False
I009306,True
I009307,True
I009308,True
I009310,False
I009312,True
I009313,True
I009317,True
I009318,False
I009319,True
I009320,True
I009321,True
I009322,True
I009323,True
I009325,True
I009326,True
I009327,True
I009329,False
I009331,False
I009332,False
I009333,False
I009334,True
I009335,True
I009336,True
I009337,False
I009339,False
I009340,False
I009341,False
I009343,False
I009345,False
I009346,True
I009347,True
I009348,True
I009349,True
I009350,True
I009351,False
I009352,True
I009353,False
I009355,False
I009357,False
I009358,True
I009359,True
I009366,True
I009367,True
I009368,False
I009371,False
I009374,True
I009375,False
I009376,True
I009377,False
I009378,False
I009379,False
I009382,False
I009383,False
I009384,True
I009386,True
I009387,False
I009388,False
I009389,False
I009390,False
I009392,True
I009393,True
I009394,True
I009396,True
I009397,True
I009398,True
I009399,True
I009401,True
I009403,True
I009404,True
I009405,True
I009406,True
I009407,True
I009410,True
I009411,True
I009412,True
I009414,True
I009415,True
I009417,False
I009418,False
I009420,True
I009422,False
I009423,False
I009426,False
I009427,True
I009428,False
I009430,True
I009431,False
I009432,True
I009434,False
I009435,True
I009436,True
I009437,False
I009438,True
I009439,True
I009440,False
I009441,False
I009443,False
I009444,False
I009445,False
I009446,False
I009447,True
I009448,True
I009449,True
I009451,False
I009453,False
I009455,True
I009456,True
I009457,True
I009458,True
I009459,True
I009460,True
I009462,False
I009463,True
I009464,False
I009465,True
I009466,False
I009467,False
I009468,True
I009469,True
I009470,False
I009471,False
I009473,False
I009474,False
I009475,False
I009477,False
I009478,False
I009480,True
I009482,False
I009483,True
I009484,False
I009485,False
I009486,True
I009488,True
I009490,False
I009492,False
I009493,True
I009494,False
I009497,True
I009498,True
I009500,False
I009501,True
I009502,True
I009503,True
I009504,True
I009506,False
I009507,False
I009508,True
I009509,False
I009510,False
I009512,True
I009513,True
I009516,False
I009517,True
I009518,False
I009519,True
I009520,False
I009521,True
I009522,True
I009523,False
I009527,True
I009529,False
I009531,True
I009532,True
I009533,True
I009537,False
I009539,False
I009540,False
I009543,True
I009544,True
I009545,False
I009547,False
I009549,True
I009550,True
I009552,True
I009553,True
I009555,True
I009556,True
I009557,False
I009558,True
I009559,False
I009560,False
I009561,True
I009562,False
I009563,True
I009564,True
I009566,False
I009567,False
I009569,False
I009574,False
I009575,True
I009576,False
I009577,True
I009578,True
I009579,True
I009580,True
I009583,False
I009586,False
I009587,False
I009588,False
I009590,False
I009592,False
I009593,True
I009594,False
I009596,True
I009597,False
I009598,False
I009599,True
I009601,True
I009602,True
I009603,False
I009604,False
I009605,True
I009606,True
I009608,True
I009610,False
I009612,True
I009614,True
I009615,True
I009616,True
I009617,False
I009618,True
I009619,False
I009620,False
I009621,True
I009622,True
I009623,False
I009624,False
I009625,False
I009626,False
I009627,False
I009628,True
I009630,False
I009631,False
I009632,False
I009633,True
I009634,True
I009635,False
I009636,False
I009638,False
I009639,True
I009640,True
I009642,True
I009643,True
I009645,True
I009646,True
I009647,True
I009648,False
I009650,False
I009651,True
I009654,True
I009655,False
I009656,True
I009657,True
I009658,True
I009659,True
I009660,True
I009662,True
I009665,True
I009666,False
I009667,True
I009668,False
I009669,False
I009670,True
I009671,True
I009672,True
I009673,False
I009674,False
I009676,True
I009677,True
I009678,True
I009679,True
I009680,False
I009681,True
I009683,True
I009685,True
I009686,True
I009687,False
I009688,False
I009690,False
I009691,False
I009692,True
I009693,True
I009694,True
I009695,True
I009697,True
I009699,True
I009700,False
I009701,False
I009703,False
I009704,True
I009708,False
I009709,False
I009712,True
I009715,False
I009716,True
I009717,True
I009718,True
I009719,True
I009720,True
I009721,False
I009722,False
I009723,True
I009724,True
I009726,True
I009730,False
I009731,True
I009732,False
I009733,False
I009734,False
I009736,True
I009737,False
I009738,False
I009739,True
I009740,False
I009741,True
I009743,True
I009746,True
I009748,False
I009749,False
I009750,False
I009751,False
I009752,True
I009755,True
I009756,False
I009757,True
I009758,False
I009759,True
I009760,True
I009762,True
I009764,True
I009765,False
I009767,False
I009770,True
I009771,False
I009772,True
I009773,False
I009774,True
I009775,False
I009777,True
I009778,True
I009781,True
I009782,False
I009783,True
I009785,True
I009786,True
I009787,False
I009788,True
I009789,True
I009790,False
I009792,True
I009794,False
I009795,False
I009796,True
I009797,False
I009799,True
I009800,True
I009801,False
I009802,True
I009803,True
I009804,False
I009805,True
I009807,False
I009808,True
I009809,True
I009810,True
I009811,True
I009812,False
I009813,False
I009816,False
I009818,False
I009819,True
I009820,True
I009821,True
I009822,True
I009823,False
I009824,True
I009827,True
I009828,True
I009829,True
I009831,True
I009832,False
I009834,False
I009835,False
I009837,True
I009838,False
I009839,True
I009840,False
I009841,True
I009842,False
I009843,True
I009845,False
I009847,True
I009848,False
I009849,True
I009850,False
I009851,True
I009854,False
I009856,True
I009857,False
I009858,False
I009859,True
I009860,False
I009863,False
I009865,False
I009866,True
I009867,False
I009868,True
I009869,False
I009870,True
I009873,True
I009874,True
I009877,False
I009878,False
I009879,True
I009880,False
I009881,True
I009882,False
I009885,True
I009886,False
I009887,False
I009888,False
I009890,True
I009891,True
I009893,True
I009895,True
I009896,True
I009897,True
I009898,True
I009900,False
I009901,True
I009902,False
I009903,True
I009904,False
I009907,True
I009908,False
I009910,False
I009912,False
I009914,True
I009915,True
I009916,False
I009917,False
I009918,False
I009919,False
I009920,False
I009921,True
I009924,False
I009926,True
I009927,False
I009931,True
I009932,True
I009933,True
I009934,False
I009935,False
I009936,True
I009937,False
I009939,True
I009940,False
I009941,True
I009943,True
I009945,True
I009947,False
I009948,True
I009950,True
I009951,False
I009953,True
I009954,False
I009956,True
I009957,True
I009962,True
I009963,False
I009964,True
I009965,True
I009966,True
I009967,False
I009968,False
I009969,True
I009970,False
I009971,False
I009972,False
I009973,False
I009974,False
I009975,False
I009976,False
I009977,True
I009978,True
I009979,True
I009980,True
I009982,False
I009983,True
I009984,False
I009986,False
I009987,True
I009988,False
I009989,True
I009990,False
I009991,True
I009993,True
I009994,False
I009996,True
I009997,True
I009998,False
I009999,False
I010000,False
I010001,False
I010003,True
I010004,False
I010006,False
I010011,True
I010012,False
I010013,True
I010014,True
I010015,True
I010017,True
I010018,False
I010019,True
I010021,True
I010022,True
I010024,True
I010027,True
I010028,True
I010029,False
I010030,False
I010031,True
I010032,False
I010033,True
I010034,False
I010035,True
I010036,True
I010041,False
I010043,False
I010044,False
I010045,True
I010046,True
I010047,False
I010049,False
I010050,True
I010051,False
I010052,False
I010054,True
I010055,False
I010056,True
I010057,True
I010060,True
I010064,True
I010065,True
I010066,False
I010067,False
I010069,False
I010070,True
I010071,True
I010072,True
I010073,False
I010074,True
I010075,False
I010077,False
I010079,False
I010080,True
I010081,False
I010082,False
I010083,True
I010084,True
I010086,False
I010087,True
I010090,True
I010091,True
I010092,True
I010093,False
I010094,True
I010096,True
I010097,True
I010098,True
I010099,True
I010100,False
I010101,False
I010102,False
I010103,False
I010104,True
I010106,True
I010107,True
I010108,True
I010110,True
I010113,False
I010116,True
I010117,False
I010118,True
I010119,False
I010121,False
I010123,False
I010125,False
I010126,False
I010127,False
I010128,False
I010130,True
I010132,True
I010133,True
I010135,True
I010136,True
I010138,False
I010139,True
I010140,True
I010145,True
I010146,True
I010148,False
I010149,False
I010151,True
I010152,False
I010154,False
I010155,True
I010156,False
I010157,True
I010158,False
I010159,False
I010160,True
I010162,True
I010165,True
I010167,True
I010170,True
I010171,False
I010172,True
I010173,True
I010178,False
I010179,True
I010180,True
I010183,True
I010184,False
I010185,True
I010186,False
I010187,True
I010188,True
I010189,True
I010190,True
I010194,True
I010195,False
I010199,False
I010201,True
I010203,True
I010208,False
I010210,True
I010215,False
I010216,False
I010217,False
I010218,True
I010219,False
I010220,True
I010222,True
I010223,True
I010225,True
I010229,True
I010232,True
I010233,True
I010235,True
I010238,False
I010240,True
I010243,True
I010244,True
I010246,False
I010248,False
I010249,True
I010250,False
I010251,False
I010256,False
I010257,True
I010258,True
I010259,True
I010261,False
I010263,False
I010264,True
I010265,False
I010266,True
I010267,True
I010268,False
I010269,True
I010271,True
I010273,True
I010275,False
I010276,True
I010278,True
I010279,True
I010280,False
I010282,True
I010285,True
I010288,False
I010289,True
I010290,False
I010291,True
I010292,True
I010294,True
I010298,True
I010301,False
I010302,False
I010303,True
I010308,True
I010310,True
I010311,False
I010312,True
I010313,False
I010314,False
I010316,False
I010317,True
I010319,True
I010320,True
I010321,True
I010322,True
I010323,False
I010324,False
I010326,False
I010328,True
I010330,True
I010331,True
I010332,True
I010333,True
I010334,False
I010337,True
I010339,False
I010340,True
I010341,False
I010342,True
I010343,True
I010344,True
I010346,True
I010348,True
I010350,False
I010351,True
I010352,False
I010353,True
I010354,True
I010355,True
I010356,True
I010358,False
I010359,False
I010360,False
I010364,True
I010367,True
I010370,True
I010371,True
I010372,False
I010374,False
I010375,True
I010376,True
I010377,True
I010378,False
I010379,True
I010380,True
I010381,False
I010383,True
I010384,True
I010386,True
I010387,True
I010388,True
I010390,False
I010391,True
I010392,False
I010393,True
I010394,False
I010396,False
I010397,True
I010398,True
I010399,False
I010400,False
I010401,True
I010403,False
I010405,False
I010406,True
I010407,True
I010408,True
I010410,True
I010411,True
I010416,True
I010417,False
I010419,True
I010420,False
I010421,False
I010422,True
I010423,True
I010424,False
I010425,False
I010426,True
I010427,True
I010428,False
I010430,True
I010431,False
I010434,True
I010436,False
I010439,True
I010440,True
I010442,False
I010443,False
I010444,True
I010446,True
I010448,False
I010449,False
I010451,False
I010456,False
I010459,False
I010462,False
I010463,True
I010464,False
I010465,True
I010466,True
I010467,False
I010472,True
I010474,True
I010476,True
I010477,True
I010478,True
I010479,False
I010481,False
I010482,True
I010485,False
I010486,True
I010488,True
I010492,False
I010494,True
I010495,True
I010496,True
I010497,True
I010498,True
I010500,False
I010501,True
I010503,False
I010505,False
I010506,True
I010507,True
I010508,True
I010509,False
I010510,True
I010511,True
I010512,False
I010513,False
I010514,False
I010515,True
I010516,False
I010518,True
I010519,True
I010520,True
I010521,False
I010524,False
I010525,True
I010526,True
I010527,False
I010528,False
I010529,True
I010531,True
I010532,True
I010533,True
I010534,False
I010536,False
I010537,False
I010540,True
I010541,True
I010543,False
I010546,True
I010547,True
I010549,False
I010550,False
I010552,False
I010553,True
I010555,True
I010556,False
I010558,False
I010559,False
I010561,True
I010562,True
I010563,True
I010564,True
I010566,True
I010568,True
I010569,True
I010570,False
I010571,True
I010572,True
I010573,True
I010574,True
I010575,False
I010576,True
I010578,False
I010579,True
I010581,True
I010583,False
I010584,True
I010586,True
I010587,True
I010588,False
I010589,True
I010592,False
I010593,True
I010594,True
I010596,False
I010598,True
I010599,True
I010601,False
I010603,False
I010604,True
I010606,False
I010608,False
I010610,False
I010611,False
I010612,False
I010614,False
I010615,True
I010617,False
I010619,True
I010621,True
I010622,True
I010623,False
I010624,False
I010625,False
I010626,False
I010627,True
I010628,False
I010629,False
I010631,True
I010637,False
I010638,False
I010639,True
I010640,True
I010641,False
I010643,True
I010646,True
I010647,True
I010649,False
I010650,True
I010651,True
I010652,True
I010654,False
I010659,False
I010660,True
I010661,False
I010662,True
I010663,True
I010664,True
I010665,True
I010667,True
I010668,False
I010669,True
I010670,True
I010673,True
I010674,False
I010675,True
I010676,True
I010678,True
I010679,True
I010680,False
I010682,True
I010683,True
I010684,True
I010685,True
I010686,False
I010687,False
I010689,True
I010690,True
I010692,False
I010694,True
I010696,False
I010697,False
I010698,False
I010700,True
I010701,False
I010702,True
I010704,True
I010706,True
I010707,True
I010708,True
I010709,False
I010710,True
I010711,True
I010712,True
I010713,True
I010715,False
I010716,False
I010718,False
I010720,False
I010723,False
I010725,True
I010726,False
I010727,False
I010728,False
I010729,True
I010731,True
I010732,False
I010733,False
I010734,True
I010735,True
I010736,True
I010737,True
I010740,False
I010741,True
I010742,False
I010743,False
I010744,True
I010746,False
I010747,True
I010750,False
I010752,False
I010753,True
I010755,True
I010758,False
I010760,False
I010761,False
I010765,False
I010766,False
I010768,False
I010769,False
I010770,True
I010772,False
I010773,False
I010775,False
I010776,True
I010779,True
I010781,False
I010782,True
I010783,True
I010786,False
I010789,True
I010790,True
I010791,False
I010792,True
I010793,True
I010795,True
I010796,True
I010797,False
I010800,True
I010801,False
I010804,True
I010805,False
I010809,True
I010810,False
I010811,False
I010812,True
I010815,True
I010816,True
I010817,False
I010819,True
I010820,True
I010821,False
I010823,False
I010824,False
I010827,False
I010829,True
I010830,False
I010831,False
I010832,False
I010833,True
I010834,True
I010835,False
I010837,True
I010838,True
I010840,True
I010841,False
I010842,True
I010843,True
I010845,False
I010846,True
I010847,False
I010849,True
I010850,True
I010851,True
I010852,True
I010853,True
I010855,False
I010857,False
I010858,True
I010859,True
I010861,True
I010864,True
I010865,False
I010866,True
I010867,False
I010868,False
I010870,False
I010871,True
I010872,True
I010873,True
I010874,False
I010875,True
I010878,False
I010880,False
I010883,False
I010884,False
I010885,False
I010886,True
I010887,True
I010888,True
I010889,True
I010891,True
I010892,True
I010894,False
I010897,True
I010898,True
I010899,True
I010900,True
I010901,False
I010902,False
I010903,True
I010904,True
I010906,False
I010907,True
I010908,True
I010912,True
I010913,True
I010915,True
I010916,True
I010917,True
I010918,True
I010919,False
I010923,False
I010924,False
I010928,True
I010930,True
I010933,False
I010934,True
I010935,False
I010937,True
I010938,True
I010941,True
I010942,False
I010943,True
I010944,False
I010946,False
I010947,False
I010948,True
I010949,True
I010950,False
I010952,False
I010953,True
I010954,True
I010955,False
I010956,True
I010958,True
I010959,True
I010960,False
I010961,False
I010963,True
I010964,True
I010965,False
I010967,True
I010968,True
I010969,False
I010970,True
I010971,True
I010973,False
I010975,False
I010976,True
I010977,False
I010978,True
I010979,False
I010981,True
I010982,False
I010985,False
I010987,True
I010988,False
I010990,True
I010991,True
I010992,True
I010993,True
I010994,False
I010996,True
I010997,False
I011000,True
I011002,True
I011003,False
I011004,True
I011005,True
I011006,True
I011007,True
I011008,False
I011009,True
I011010,False
I011011,True
I011012,True
I011013,True
I011015,False
I011016,False
I011017,False
I011019,True
I011021,False
I011022,True
I011023,False
I011025,True
I011026,True
I011027,True
I011029,True
I011030,False
I011032,False
I011033,False
I011035,True
I011037,False
I011038,False
I011040,False
I011042,True
I011043,False
I011044,True
I011045,False
I011047,True
I011048,True
I011050,False
I011051,False
I011052,False
I011053,True
I011055,False
I011056,False
I011057,False
I011058,True
I011059,True
I011060,True
I011061,False
I011062,True
I011063,False
I011067,True
I011068,True
I011070,False
I011071,False
I011072,False
I011073,False
I011074,True
I011075,False
I011076,True
I011077,True
I011078,True
I011079,False
I011080,False
I011081,True
I011082,False
I011085,False
I011086,True
I011089,True
I011091,True
I011093,False
I011094,True
I011095,False
I011096,False
I011098,False
I011100,True
I011101,True
I011102,True
I011103,True
I011104,False
I011105,True
I011108,False
I011109,False
I011111,False
I011112,False
I011115,True
I011117,True
I011119,False
I011120,False
I011121,True
I011123,False
I011124,True
I011125,False
I011126,False
I011127,True
I011128,True
I011129,False
I011133,True
I011134,True
I011135,True
I011136,False
I011137,True
I011138,False
I011140,True
I011141,False
I011145,True
I011146,False
I011147,True
I011149,False
I011150,False
I011151,True
I011153,False
I011154,True
I011156,False
I011157,False
I011158,False
I011159,True
I011160,True
I011162,True
I011163,True
I011164,True
I011165,False
I011167,True
I011168,True
I011170,False
I011171,False
I011173,False
I011174,False
I011175,False
I011177,True
I011178,False
I011179,True
I011180,False
I011181,True
I011182,False
I011183,False
I011185,False
I011186,False
I011187,False
I011188,False
I011189,True
I011190,True
I011191,True
I011192,True
I011193,False
I011194,False
I011195,True
I011196,False
I011197,True
I011199,False
I011201,False
I011203,False
I011204,True
I011205,True
I011208,False
I011209,True
I011210,True
I011214,True
I011215,True
I011216,False
I011217,True
I011218,True
I011220,True
I011221,True
I011222,True
I011223,True
I011224,True
I011226,True
I011227,False
I011229,True
I011231,False
I011232,True
I011234,False
I011237,True
I011239,False
I011240,True
I011241,True
I011242,True
I011243,False
I011244,False
I011245,True
I011246,False
I011247,False
I011248,True
I011249,True
I011252,False
I011254,False
I011256,False
I011257,True
I011258,True
I011261,False
I011262,True
I011264,True
I011265,False
I011266,True
I011268,True
I011269,True
I011270,True
I011271,False
I011272,True
I011273,False
I011274,False
I011275,True
I011277,True
I011278,True
I011279,False
I011281,False
I011284,False
I011285,False
I011286,True
I011287,False
I011289,True
I011290,False
I011291,False
I011292,True
I011295,True
I011296,True
I011300,True
I011301,True
I011302,False
I011304,True
I011306,True
I011309,False
I011310,False
I011311,True
I011313,True
I011314,False
I011315,True
I011317,True
I011318,False
I011319,True
I011320,True
I011321,False
I011322,True
I011323,True
I011324,False
I011327,True
I011328,False
I011330,False
I011332,True
I011334,False
I011335,True
I011336,False
I011338,False
I011341,False
I011342,True
I011343,False
I011344,True
I011346,False
I011347,True
I011348,False
I011349,False
I011350,True
I011352,False
I011353,False
I011354,True
I011357,False
I011358,False
I011359,False
I011361,True
I011364,True
I011365,True
I011367,False
I011370,True
I011372,False
I011374,False
I011375,True
I011378,False
I011379,False
I011380,True
I011381,False
I011382,True
I011383,True
I011384,False
I011385,True
I011387,True
I011388,True
I011390,False
I011391,False
I011392,False
I011394,False
I011395,False
I011396,False
I011397,False
I011398,True
I011400,False
I011401,True
I011402,True
I011404,False
I011407,False
I011408,False
I011409,True
I011410,True
I011411,False
I011413,False
I011414,True
I011415,False
I011418,False
I011419,False
I011420,False
I011422,False
I011423,True
I011424,True
I011427,True
I011429,True
I011430,True
I011431,False
I011432,True
I011434,False
I011436,False
I011437,False
I011438,False
I011439,False
I011441,True
I011443,True
I011445,False
I011446,True
I011447,True
I011448,True
I011449,True
I011452,True
I011453,False
I011454,False
I011455,False
I011456,False
I011457,True
I011464,True
I011466,True
I011467,False
I011468,True
I011470,False
I011471,False
I011472,False
I011473,False
I011474,False
I011475,False
I011476,False
I011478,False
I011479,False
I011480,True
I011481,False
I011482,True
I011483,True
I011484,False
I011486,False
I011487,False
I011488,False
I011490,False
I011491,False
I011492,False
I011493,False
I011494,False
I011495,True
I011496,False
I011497,True
I011498,False
I011499,False
I011500,False
I011501,False
I011503,True
I011506,False
I011507,True
I011508,False
I011509,True
I011510,True
I011511,False
I011513,True
I011515,True
I011516,True
I011517,False
I011518,True
I011519,False
I011521,True
I011525,True
I011526,True
I011527,False
I011528,False
I011529,False
I011530,True
I011531,False
I011532,True
I011534,False
I011535,True
I011536,True
I011537,False
I011538,True
I011540,False
I011543,True
I011544,False
I011545,False
I011546,False
I011547,False
I011548,False
I011551,True
I011552,True
I011554,True
I011555,True
I011556,False
I011557,True
I011559,False
I011562,False
I011564,False
I011565,False
I011566,False
I011567,False
I011568,False
I011570,True
I011571,True
I011572,False
I011573,True
I011574,False
I011576,True
I011577,True
I011578,True
I011579,False
I011584,True
I011585,True
I011586,True
I011588,False
I011590,True
I011591,True
I011592,True
I011594,False
I011595,True
I011596,False
I011597,True
I011598,True
I011600,True
I011601,True
I011604,True
I011607,False
I011608,False
I011610,False
I011611,True
I011612,True
I011613,True
I011614,False
I011615,True
I011616,False
I011618,True
I011619,True
I011620,True
I011621,False
I011622,True
I011623,True
I011624,False
I011625,False
I011626,False
I011627,False
I011628,True
I011629,True
I011630,True
I011632,False
I011637,True
I011638,True
I011639,True
I011640,False
I011641,True
I011642,True
I011643,False
I011645,True
I011646,False
I011647,True
I011648,True
I011650,True
I011651,False
I011652,True
I011654,False
I011655,False
I011658,False
I011659,True
I011661,True
I011664,False
I011666,False
I011673,False
I011674,True
I011675,True
I011676,True
I011680,True
I011682,True
I011683,True
I011684,False
I011687,True
I011689,False
I011692,True
I011693,True
I011694,False
I011695,False
I011696,False
I011697,True
I011698,False
I011701,False
I011702,True
I011704,True
I011705,False
I011706,False
I011707,False
I011708,True
I011713,True
I011715,True
I011717,False
I011718,True
I011719,False
I011720,True
I011721,False
I011722,False
I011725,True
I011726,True
I011727,True
I011728,True
I011730,True
I011731,True
I011733,False
I011734,False
I011735,True
I011736,False
I011738,False
I011739,True
I011740,True
I011741,False
I011742,True
I011743,True
I011744,True
I011745,True
I011748,True
I011749,False
I011752,True
I011754,True
I011755,True
I011756,False
I011757,True
I011758,False
I011759,True
I011760,False
I011761,False
I011762,True
I011763,True
I011764,True
I011765,False
I011766,False
I011767,True
I011768,True
I011769,True
I011770,False
I011772,True
I011773,False
I011775,False
I011776,True
I011778,True
I011779,False
I011780,False
I011781,False
I011782,True
I011785,True
I011786,True
I011787,False
I011790,False
I011792,False
I011794,False
I011795,True
I011796,True
I011798,False
I011799,False
I011800,False
I011801,True
I011803,False
I011804,False
I011805,True
I011806,True
I011807,True
I011808,True
I011809,False
I011810,True
I011811,True
I011813,False
I011815,False
I011817,False
I011819,True
I011821,False
I011822,False
I011823,False
I011824,False
I011826,True
I011827,False
I011829,True
I011830,True
I011831,False
I011833,False
I011834,False
I011835,False
I011836,True
I011837,True
I011838,False
I011839,False
I011840,True
I011841,False
I011844,True
I011845,True
I011846,True
I011847,False
I011848,True
I011849,True
I011852,True
I011853,True
I011854,True
I011855,True
I011856,True
I011857,True
I011858,True
I011859,False
I011861,True
I011863,False
I011865,True
I011866,False
I011870,False
I011873,False
I011874,False
I011875,False
I011876,True
I011880,False
I011881,False
I011882,False
I011885,False
I011888,True
I011889,True
I011890,False
I011891,False
I011893,True
I011894,True
I011895,True
I011897,True
I011898,True
I011901,True
I011902,True
I011904,False
I011906,True
I011909,True
I011910,False
I011911,False
I011912,True
I011913,True
I011914,False
I011915,False
I011917,False
I011918,True
I011922,False
I011923,False
I011924,False
I011925,False
I011926,False
I011927,False
I011928,True
I011932,True
I011935,False
I011936,False
I011937,True
I011938,True
I011941,True
I011943,False
I011944,True
I011946,False
I011947,True
I011950,True
I011951,True
I011952,False
I011953,False
I011954,False
I011955,True
I011957,True
I011958,True
I011959,False
I011962,True
I011963,True
I011964,True
I011966,False
I011967,True
I011969,False
I011971,True
I011972,False
I011973,False
I011974,True
I011975,True
I011976,False
I011977,False
I011979,True
I011981,True
I011982,True
I011984,True
I011985,True
I011986,False
I011987,True
I011988,True
I011990,True
I011991,True
I011993,False
I011994,True
I011996,True
I011999,False
I012000,True
I012001,True
I012003,False
I012005,False
I012006,True
I012007,False
I012008,False
I012009,False
I012010,False
I012013,False
I012014,True
I012015,False
I012018,True
I012019,False
I012020,True
I012022,True
I012023,True
I012024,False
I012028,False
I012029,False
I012030,False
I012031,True
I012033,True
I012034,False
I012036,True
I012037,False
I012038,False
I012039,False
I012041,False
I012043,True
I012044,False
I012045,True
I012046,False
I012047,True
I012048,False
I012049,True
I012050,True
I012052,False
I012053,False
I012054,True
I012055,False
I012056,True
I012060,False
I012061,False
I012062,False
I012063,False
I012064,False
I012065,False
I012066,False
I012067,True
I012068,True
I012070,True
I012071,True
I012072,False
I012073,True
I012074,False
I012075,False
I012077,False
I012079,True
I012080,True
I012081,True
I012083,True
I012084,False
I012085,True
I012086,True
I012088,True
I012089,False
I012090,False
I012092,False
I012093,False
I012094,True
I012096,True
I012097,True
I012101,False
I012102,False
I012103,True
I012107,False
I012108,False
I012110,False
I012111,True
I012112,True
I012113,False
I012114,False
I012115,True
I012117,True
I012118,True
I012119,False
I012120,False
I012121,False
I012122,False
I012125,True
I012126,False
I012127,False
I012128,False
I012129,True
I012130,True
I012131,False
I012132,False
I012133,True
I012134,False
I012135,False
I012136,True
I012137,True
I012138,True
I012142,True
I012144,True
I012146,True
I012149,True
I012150,True
I012152,True
I012154,False
I012155,True
I012156,False
I012158,False
I012159,False
I012161,False
I012162,False
I012164,True
I012168,True
I012169,False
I012170,True
I012171,True
I012175,False
I012176,True
I012178,True
I012181,False
I012184,True
I012185,True
I012186,True
I012188,False
I012189,True
I012190,True
I012191,True
I012192,False
I012193,True
I012194,True
I012195,False
I012196,False
I012198,True
I012199,True
I012200,False
I012202,False
I012203,False
I012204,False
I012206,True
I012207,True
I012211,False
I012213,False
I012214,True
I012216,True
I012219,False
I012222,True
I012223,True
I012226,True
I012227,True
I012230,False
I012232,False
I012233,True
I012234,True
I012235,False
I012236,True
I012237,True
I012239,False
I012240,True
I012241,False
I012242,True
I012243,False
I012244,False
I012245,True
I012246,True
I012247,False
I012248,False
I012250,True
I012251,True
I012252,False
I012253,True
I012254,False
I012256,True
I012257,False
I012262,True
I012263,True
I012264,False
I012265,False
I012266,True
I012268,True
I012269,True
I012270,False
I012271,False
I012274,False
I012275,False
I012276,False
I012282,False
I012283,False
I012284,False
I012285,True
I012288,False
I012291,False
I012292,True
I012294,True
I012295,True
I012298,False
I012301,True
I012302,False
I012308,True
I012310,True
I012312,True
I012313,False
I012316,False
I012317,True
I012318,False
I012319,True
I012321,False
I012325,False
I012328,False
I012330,True
I012331,False
I012332,False
I012333,True
I012335,False
I012336,False
I012337,True
I012338,True
I012339,True
I012340,False
I012342,True
I012343,True
I012345,True
I012346,True
I012347,False
I012348,True
I012349,False
I012350,True
I012351,True
I012352,False
I012354,False
I012355,True
I012356,True
I012357,True
I012358,True
I012359,True
I012361,True
I012363,True
I012364,False
I012365,False
I012367,True
I012369,False
I012370,False
I012372,False
I012377,True
I012378,True
I012379,True
I012380,False
I012381,True
I012382,True
I012383,False
I012384,True
I012385,False
I012387,True
I012388,True
I012389,True
I012390,True
I012393,True
I012394,True
I012396,False
I012398,True
I012399,True
I012400,False
I012402,True
I012403,False
I012404,False
I012405,True
I012408,False
I012409,False
I012411,True
I012412,False
I012413,False
I012415,False
I012416,False
I012417,True
I012418,False
I012419,True
I012420,True
I012423,False
I012424,False
I012426,True
I012427,True
I012428,True
I012429,True
I012431,False
I012433,True
I012434,False
I012435,True
I012437,True
I012438,True
I012439,False
I012440,True
I012441,True
I012443,True
I012444,False
I012445,False
I012446,True
I012447,True
I012449,True
I012450,False
I012451,True
I012452,True
I012453,False
I012454,False
I012455,True
I012456,True
I012458,True
I012459,False
I012460,True
I012461,True
I012462,False
I012463,False
I012464,True
I012465,False
I012466,False
I012467,False
I012470,False
I012471,False
I012472,False
I012474,False
I012475,False
I012476,True
I012477,False
I012480,False
I012481,False
I012482,False
I012485,True
I012486,True
I012488,False
I012489,True
I012490,False
I012491,False
I012492,True
I012494,True
I012495,False
I012496,False
I012497,False
I012498,False
I012499,True
I012500,True
I012502,False
I012503,True
I012506,False
I012507,True
I012508,False
I012509,False
I012510,True
I012511,False
I012512,True
I012513,True
I012514,False
I012515,True
I012517,True
I012518,True
I012520,False
I012521,True
I012522,False
I012523,True
I012524,False
I012525,True
I012526,True
I012527,True
I012528,False
I012529,True
I012533,True
I012534,True
I012536,True
I012537,False
I012538,False
I012539,True
I012541,True
I012544,False
I012545,False
I012547,True
I012548,False
I012551,True
I012553,True
I012554,False
I012556,True
I012557,False
I012558,False
I012560,True
I012562,True
I012563,True
I012565,False
I012566,False
I012567,True
I012568,True
I012569,False
I012571,True
I012572,False
I012573,True
I012574,False
I012576,False
I012577,True
I012578,True
I012579,False
I012582,True
I012583,False
I012585,True
I012587,False
I012589,False
I012591,False
I012593,False
I012594,True
I012595,True
I012596,True
I012597,False
I012598,False
I012600,False
I012601,False
I012603,False
I012604,False
I012605,True
I012607,False
I012610,True
I012611,False
I012612,False
I012614,True
I012615,True
I012617,False
I012619,True
I012621,False
I012622,False
I012623,True
I012624,True
I012625,False
I012626,True
I012627,True
I012628,True
I012629,True
I012631,False
I012632,True
I012635,False
I012636,True
I012637,True
I012638,True
I012640,True
I012641,True
I012642,False
I012645,False
I012646,True
I012647,True
I012648,False
I012649,True
I012650,True
I012651,False
I012653,True
I012654,True
I012658,True
I012660,False
I012662,True
I012663,False
I012664,True
I012666,True
I012667,True
I012668,False
I012669,True
I012670,True
I012672,True
I012673,True
I012675,True
I012677,False
I012678,False
I012679,True
I012680,True
I012683,False
I012684,False
I012685,False
I012686,True
I012687,True
I012692,False
I012693,False
I012695,True
I012696,False
I012699,False
I012700,True
I012701,True
I012702,False
I012705,False
I012707,True
I012708,False
I012710,True
I012713,True
I012715,False
I012719,False
I012720,True
I012723,False
I012725,False
I012726,True
I012727,True
I012728,False
I012729,False
I012731,False
I012732,False
I012733,True
I012735,False
I012737,False
I012738,False
I012739,True
I012740,False
I012741,True
I012742,True
I012743,False
I012746,False
I012748,False
I012749,False
I012750,False
I012751,True
I012752,False
I012753,False
I012754,True
I012755,False
I012756,True
I012757,True
I012759,True
I012761,True
I012762,False
I012763,True
I012764,True
I012765,True
I012766,False
I012767,True
I012769,True
I012770,False
I012771,True
I012772,True
I012773,False
I012774,True
I012775,True
I012776,True
I012777,False
I012778,True
I012780,False
I012782,False
I012786,False
I012787,False
I012789,True
I012790,True
I012792,True
I012793,False
I012795,False
I012796,False
I012797,True
I012798,False
I012799,False
I012800,True
I012801,False
I012802,False
I012803,False
I012804,False
I012809,True
I012811,True
I012812,True
I012814,True
I012815,True
I012816,True
I012818,True
I012819,True
I012820,False
I012821,True
I012822,True
I012823,False
I012824,True
I012826,False
I012827,False
I012828,True
I012830,False
I012831,False
I012832,True
I012835,False
I012837,False
I012838,False
I012839,True
I012840,True
I012841,True
I012842,True
I012845,False
I012847,False
I012848,True
I012849,True
I012850,True
I012852,False
I012853,False
I012854,False
I012855,True
I012856,False
I012857,False
I012859,False
I012861,True
I012865,True
I012866,True
I012867,True
I012868,False
I012871,False
I012872,False
I012874,False
I012875,True
I012876,True
I012878,False
I012879,False
I012882,False
I012883,True
I012884,True
I012885,True
I012886,False
I012887,False
I012889,True
I012890,True
I012891,True
I012893,True
I012894,False
I012896,True
I012897,False
I012898,True
I012899,False
I012900,True
I012903,True
I012904,True
I012905,False
I012906,False
I012907,True
I012908,False
I012909,False
I012910,True
I012911,True
I012912,False
I012913,False
I012915,True
I012916,True
I012917,True
I012918,True
I012920,True
I012921,True
I012922,False
I012923,False
I012924,True
I012926,False
I012928,False
I012929,True
I012930,True
I012931,True
I012933,False
I012935,False
I012936,True
I012937,False
I012938,False
I012941,False
I012942,True
I012944,False
I012946,True
I012947,True
I012950,False
I012951,True
I012952,True
I012953,True
I012954,True
I012955,True
I012956,True
I012957,False
I012959,True
I012961,True
I012962,False
I012963,True
I012964,True
I012965,False
I012966,True
I012967,False
I012968,True
I012971,True
I012973,False
I012975,True
I012976,False
I012977,True
I012978,True
I012979,False
I012982,True
I012984,False
I012985,False
I012986,False
I012987,True
I012989,True
I012990,True
I012992,False
I012993,False
I012996,True
I012997,False
I012998,True
I012999,False
I013001,True
I013002,False
I013006,True
I013009,False
I013011,False
I013012,False
I013013,False
I013014,True
I013015,True
I013016,False
I013017,False
I013018,False
I013019,True
I013020,True
I013021,True
I013023,True
I013024,True
I013027,False
I013028,False
I013031,False
I013033,True
I013036,True
I013037,True
I013038,True
I013039,False
I013040,True
I013043,True
I013044,False
I013045,True
I013047,False
I013050,False
I013051,False
I013052,True
I013053,False
I013054,False
I013055,True
I013057,True
I013058,False
I013059,False
I013060,True
I013061,True
I013062,True
I013063,False
I013064,True
I013065,True
I013068,False
I013071,False
I013072,False
I013073,True
I013074,True
I013075,True
I013078,False
I013079,False
I013080,False
I013082,False
I013083,True
I013084,True
I013085,True
I013087,False
I013088,True
I013090,False
I013092,True
I013093,True
I013094,True
I013095,False
I013097,False
I013099,True
I013100,False
I013103,False
I013105,False
I013106,True
I013107,True
I013109,True
I013110,False
I013111,True
I013113,False
I013116,True
I013117,False
I013118,False
I013121,False
I013122,False
I013124,False
I013125,True
I013126,False
I013128,False
I013129,False
I013130,False
I013132,True
I013133,True
I013134,True
I013135,True
I013136,True
I013137,False
I013138,False
I013139,True
I013141,False
I013142,True
I013143,False
I013144,True
I013148,False
I013149,True
I013150,True
I013151,True
I013152,False
I013153,True
I013154,True
I013155,True
I013156,True
I013157,False
I013158,True
I013159,False
I013161,False
I013162,True
I013163,False
I013164,True
I013165,True
I013166,True
I013167,True
I013169,True
I013172,False
I013173,False
I013175,False
I013178,True
I013181,True
I013182,False
I013183,False
I013184,True
I013185,False
I013186,True
I013187,True
I013189,False
I013190,True
I013191,False
I013192,False
I013193,False
I013194,True
I013195,True
I013196,False
I013197,False
I013198,False
I013199,True
I013200,False
I013201,True
I013205,False
I013206,True
I013208,False
I013211,True
I013213,False
I013214,True
I013216,False
I013217,True
I013218,False
I013220,True
I013221,True
I013223,False
I013225,False
I013227,True
I013228,True
I013229,False
I013230,True
I013231,True
I013234,True
I013235,False
I013236,True
I013237,True
I013238,False
I013239,False
I013240,True
I013241,True
I013242,True
I013243,False
I013246,False
I013247,True
I013249,True
I013251,True
I013252,False
I013253,True
I013254,True
I013255,True
I013256,False
I013259,False
I013261,False
I013262,True
I013264,False
I013265,False
I013266,True
I013267,False
I013268,False
I013269,False
I013270,True
I013271,False
I013272,False
I013274,False
I013277,False
I013278,True
I013279,True
I013280,True
I013281,False
I013283,False
I013284,False
I013286,True
I013287,True
I013288,True
I013289,False
I013290,True
I013291,True
I013292,False
I013293,False
I013294,True
I013295,True
I013296,False
I013297,False
I013298,True
I013299,False
I013301,True
I013303,True
I013304,True
I013305,True
I013306,False
I013307,True
I013308,False
I013310,False
I013311,True
I013312,False
I013314,False
I013315,False
I013317,True
I013319,False
I013320,True
I013322,True
I013323,True
I013324,False
I013325,True
I013326,True
I013327,False
I013328,True
I013329,True
I013330,True
I013332,False
I013335,False
I013336,False
I013338,True
I013339,True
I013341,False
I013342,True
I013343,True
I013344,True
I013345,True
I013346,True
I013347,True
I013348,True
I013350,True
I013351,True
I013352,True
I013354,True
I013355,False
I013357,True
I013358,True
I013359,True
I013360,True
I013361,False
I013362,True
I013364,False
I013365,True
I013367,False
I013368,False
I013369,False
I013372,True
I013373,False
I013375,True
I013376,True
I013377,True
I013378,False
I013381,True
I013382,True
I013383,False
I013386,False
I013388,True
I013389,True
I013391,False
I013393,True
I013394,True
I013395,True
I013396,True
I013397,True
I013400,True
I013403,False
I013405,True
I013407,False
I013409,True
I013410,False
I013411,True
I013413,False
I013414,True
I013415,False
I013416,True
I013417,True
I013418,True
I013419,True
I013420,False
I013421,False
I013422,True
I013423,True
I013424,True
I013425,False
I013426,True
I013429,True
I013431,True
I013433,False
I013435,False
I013437,False
I013438,True
I013439,False
I013440,True
I013441,True
I013442,False
I013443,False
I013444,True
I013445,False
I013446,False
I013447,False
I013448,True
I013449,True
I013452,True
I013453,False
I013454,False
I013455,False
I013456,False
I013458,True
I013459,True
I013462,True
I013465,False
I013467,True
I013469,False
I013470,False
I013471,True
I013472,False
I013473,False
I013474,True
I013476,False
I013478,True
I013480,True
I013482,True
I013483,True
I013484,False
I013487,False
I013489,True
I013490,True
I013491,True
I013492,False
I013495,True
I013496,False
I013497,True
I013498,False
I013500,False
I013501,True
I013502,True
I013504,True
I013505,False
I013506,False
I013507,False
I013508,False
I013510,True
I013514,False
I013516,True
I013517,True
I013519,False
I013521,False
I013523,False
I013524,False
I013525,False
I013526,False
I013527,False
I013528,False
I013530,False
I013531,False
I013532,False
I013533,False
I013534,True
I013535,True
I013536,True
I013538,False
I013539,False
I013540,True
I013541,True
I013542,False
I013543,True
I013544,False
I013545,False
I013546,False
I013547,False
I013549,False
I013552,False
I013553,True
I013554,True
I013556,False
I013558,True
I013560,False
I013562,False
I013563,False
I013566,True
I013567,False
I013568,False
I013569,True
I013571,False
I013572,False
I013574,False
I013576,True
I013577,True
I013578,False
I013579,True
I013580,False
I013582,True
I013583,False
I013584,True
I013585,True
I013586,False
I013587,True
I013589,True
I013590,False
I013593,True
I013594,False
I013595,True
I013596,True
I013599,True
I013600,True
I013601,True
I013603,True
I013604,False
I013605,False
I013607,True
I013608,False
I013609,False
I013610,True
I013612,True
I013613,False
I013614,True
I013616,True
I013617,True
I013620,False
I013621,True
I013622,True
I013623,True
I013624,True
I013625,False
I013627,True
I013629,True
I013630,True
I013632,False
I013633,False
I013634,False
I013635,True
I013636,False
I013638,False
I013641,False
I013642,True
I013643,True
I013645,True
I013647,False
I013648,True
I013650,False
I013651,False
I013654,False
I013655,False
I013657,True
I013658,True
I013660,False
I013664,False
I013665,False
I013666,True
I013667,True
I013668,True
I013669,True
I013671,True
I013672,True
I013673,True
I013675,False
I013676,True
I013677,True
I013678,False
I013679,False
I013680,False
I013681,False
I013682,False
I013683,True
I013684,False
I013685,False
I013686,True
I013687,False
I013688,True
I013689,True
I013691,True
I013692,True
I013694,True
I013695,False
I013696,False
I013700,True
I013701,True
I013702,False
I013703,False
I013706,True
I013707,True
I013708,False
I013710,False
I013712,True
I013713,True
I013714,False
I013715,True
I013716,True
I013718,False
I013719,True
I013721,False
I013722,False
I013723,True
I013724,False
I013725,True
I013726,True
I013728,True
I013729,True
I013730,False
I013731,False
I013734,True
I013735,False
I013736,True
I013737,False
I013739,True
I013740,True
I013743,False
I013744,True
I013745,True
I013746,True
I013747,False
I013748,False
I013753,True
I013756,True
I013757,False
I013758,True
I013759,True
I013760,False
I013762,False
I013763,True
I013764,False
I013765,True
I013767,True
I013768,False
I013769,False
I013770,False
I013771,True
I013772,True
I013773,True
I013774,True
I013776,True
I013777,True
I013783,False
I013785,True
I013786,True
I013787,False
I013788,True
I013791,False
I013793,False
I013794,False
I013795,True
I013796,False
I013797,False
I013798,True
I013799,True
I013801,False
I013802,True
I013806,True
I013808,True
I013809,False
I013810,False
I013811,True
I013814,True
I013815,True
I013816,False
I013817,True
I013818,True
I013820,True
I013821,False
I013822,True
I013823,True
I013825,True
I013826,True
I013827,True
I013828,False
I013830,False
I013834,False
I013835,True
I013837,False
I013838,False
I013839,False
I013841,True
I013842,False
I013843,False
I013844,False
I013845,False
I013846,False
I013847,False
I013848,False
I013850,True
I013851,False
I013852,True
I013853,False
I013854,True
I013856,True
I013859,False
I013860,True
I013861,False
I013862,False
I013864,False
I013866,True
I013867,False
I013868,False
I013872,True
I013874,True
I013876,False
I013877,False
I013878,True
I013879,True
I013881,True
I013883,True
I013884,False
I013885,True
I013888,True
I013889,False
I013890,True
I013891,True
I013892,True
I013893,True
I013895,True
I013896,True
I013898,True
I013902,False
I013903,True
I013904,False
I013905,True
I013909,False
I013913,False
I013914,False
I013915,False
I013917,True
I013918,False
I013920,False
I013925,True
I013927,True
I013928,True
I013930,False
I013931,True
I013932,True
I013935,True
I013936,False
I013937,True
I013938,False
I013939,False
I013941,True
I013944,False
I013945,True
I013946,True
I013948,False
I013950,True
I013951,True
I013953,True
I013955,True
I013956,False
I013958,False
I013959,False
I013961,True
I013962,True
I013964,True
I013966,True
I013968,True
I013970,False
I013971,False
I013972,False
I013973,False
I013974,False
I013975,False
I013976,True
I013977,True
I013978,True
I013979,True
I013981,False
I013982,True
I013984,False
I013989,False
I013990,False
I013991,False
I013992,False
I013994,True
I013995,False
I013997,False
I013998,True
I014000,True
I014001,True
I014002,False
I014004,True
I014007,False
I014008,False
I014010,True
I014011,True
I014012,True
I014013,True
I014015,True
I014017,False
I014018,True
I014019,True
I014020,False
I014021,True
I014022,True
I014023,True
I014024,True
I014025,False
I014026,False
I014027,True
I014028,False
I014029,True
I014030,True
I014031,False
I014032,True
I014034,True
I014035,False
I014036,False
I014037,False
I014039,True
I014040,False
I014042,False
I014044,False
I014046,True
I014047,True
I014050,True
I014051,True
I014052,True
I014053,True
I014055,True
I014057,True
I014061,True
I014063,True
I014064,True
I014065,True
I014067,False
I014068,False
I014069,True
I014070,False
I014071,True
I014072,True
I014073,False
I014074,True
I014076,True
I014077,True
I014078,False
I014079,True
I014080,True
I014081,True
I014082,True
I014083,True
I014084,False
I014085,True
I014087,False
I014088,False
I014089,True
I014090,True
I014091,False
I014093,False
I014094,True
I014097,False
I014099,False
I014100,False
I014105,True
I014107,True
I014108,True
I014111,True
I014112,False
I014113,False
I014114,False
I014115,True
I014116,True
I014118,True
I014119,True
I014121,True
I014122,False
I014123,False
I014126,True
I014128,False
I014130,False
I014132,False
I014133,True
I014134,True
I014136,True
I014137,True
I014138,True
I014139,True
I014140,True
I014143,True
I014144,False
I014145,False
I014147,False
I014148,False
I014149,True
I014150,False
I014151,True
I014152,False
I014153,True
I014155,True
I014156,True
I014158,True
I014159,True
I014160,True
I014162,True
I014164,True
I014166,True
I014167,False
I014168,True
I014169,False
I014174,True
I014175,True
I014178,True
I014179,True
I014181,False
I014183,False
I014185,False
I014186,True
I014187,True
I014189,True
I014195,False
I014196,True
I014197,False
I014199,False
I014201,True
I014203,True
I014204,True
I014205,False
I014206,True
I014207,True
I014210,False
I014211,True
I014212,False
I014214,False
I014215,False
I014216,False
I014218,False
I014219,False
I014220,True
I014221,False
I014222,True
I014223,True
I014224,False
I014225,False
I014226,True
I014227,True
I014229,False
I014231,False
I014232,False
I014234,False
I014236,False
I014237,True
I014238,False
I014241,True
I014242,True
I014245,False
I014247,False
I014248,True
I014249,True
I014251,False
I014252,False
I014253,False
I014254,True
I014255,False
I014256,False
I014257,False
I014258,False
I014259,False
I014260,False
I014261,False
I014264,False
I014265,True
I014266,False
I014268,False
I014269,True
I014271,False
I014272,False
I014273,False
I014274,False
I014275,False
I014276,True
I014278,False
I014279,True
I014280,False
I014281,False
I014282,True
I014284,True
I014289,True
I014290,True
I014291,True
I014294,True
I014295,True
I014297,False
I014298,True
I014299,True
I014300,True
I014301,True
I014303,False
I014304,False
I014306,True
I014308,True
I014309,False
I014310,True
I014312,False
I014313,True
I014314,False
I014315,False
I014318,False
I014319,False
I014320,False
I014321,True
I014322,True
I014325,False
I014326,False
I014327,True
I014328,True
I014329,True
I014331,True
I014332,True
I014333,True
I014334,False
I014335,True
I014336,True
I014338,False
I014339,False
I014340,False
I014341,False
I014342,True
I014343,True
I014344,True
I014346,False
I014347,True
I014348,False
I014349,True
I014351,False
I014354,True
I014355,True
I014356,False
I014357,True
I014358,True
I014361,False
I014363,True
I014365,True
I014367,True
I014368,True
I014369,True
I014370,False
I014371,False
I014372,True
I014373,False
I014374,False
I014375,True
I014376,True
I014377,True
I014378,True
I014379,False
I014380,True
I014382,True
I014384,False
I014385,False
I014386,True
I014387,False
I014388,False
I014389,True
I014390,False
I014391,True
I014392,True
I014393,True
I014395,False
I014396,True
I014397,True
I014401,True
I014403,True
I014405,True
I014406,False
I014409,False
I014410,True
I014411,True
I014412,True
I014413,True
I014414,False
I014415,False
I014417,False
I014418,False
I014419,False
I014421,True
I014423,True
I014424,True
I014425,True
I014426,True
I014427,False
I014430,True
I014431,False
I014432,True
I014434,False
I014435,False
I014437,True
I014438,False
I014439,False
I014442,False
I014444,True
I014446,False
I014448,True
I014449,False
I014451,True
I014452,False
I014454,True
I014455,False
I014456,True
I014457,False
I014458,True
I014459,False
I014461,True
I014462,True
I014463,False
I014464,False
I014465,True
I014466,True
I014467,True
I014468,True
I014471,True
I014472,True
I014473,False
I014474,False
I014475,True
I014476,True
I014478,True
I014479,True
I014481,False
I014482,False
I014485,True
I014486,True
I014493,False
I014494,False
I014495,True
I014496,True
I014497,True
I014499,False
I014500,True
I014502,False
I014504,True
I014505,False
I014506,True
I014507,False
I014508,False
I014509,True
I014510,False
I014511,True
I014512,True
I014513,True
I014514,False
I014515,False
I014517,False
I014520,True
I014523,True
I014524,True
I014525,False
I014526,False
I014527,True
I014530,True
I014533,False
I014534,True
I014535,False
I014537,False
I014539,True
I014540,True
I014541,False
I014543,True
I014544,True
I014548,False
I014550,True
I014551,True
I014552,True
I014553,True
I014554,True
I014555,True
I014556,False
I014557,False
I014558,True
I014559,False
I014560,False
I014562,True
I014563,True
I014564,True
I014568,True
I014569,True
I014570,True
I014573,True
I014575,False
I014577,True
I014578,True
I014579,True
I014580,False
I014581,False
I014585,True
I014587,True
I014588,False
I014589,False
I014590,False
I014593,True
I014594,False
I014595,True
I014596,True
I014597,True
I014598,False
I014599,True
I014600,False
I014601,True
I014602,False
I014603,False
I014604,False
I014605,True
I014607,False
I014609,False
I014611,True
I014612,False
I014613,True
I014615,True
I014617,False
I014618,False
I014620,True
I014621,False
I014623,True
I014624,False
I014625,False
I014627,True
I014628,True
I014629,False
I014630,False
I014631,True
I014632,True
I014634,False
I014635,True
I014636,False
I014637,True
I014639,True
I014640,True
I014641,True
I014642,False
I014644,False
I014645,True
I014647,True
I014648,False
I014649,True
I014651,False
I014652,False
I014653,True
I014655,False
I014656,False
I014661,True
I014662,False
I014663,True
I014664,False
I014666,True
I014667,True
I014669,False
I014670,False
I014672,True
I014673,True
I014674,False
I014675,False
I014676,True
I014677,False
I014678,True
I014679,True
I014680,False
I014681,True
I014682,False
I014683,False
I014684,True
I014685,True
I014688,True
I014689,False
I014690,False
I014691,True
I014692,False
I014694,True
I014695,True
I014698,True
I014699,True
I014700,False
I014701,False
I014702,False
I014703,True
I014704,True
I014705,False
I014706,False
I014707,True
I014708,True
I014709,True
I014710,False
I014711,True
I014712,False
I014714,False
I014715,False
I014717,True
I014719,True
I014721,True
I014722,False
I014723,True
I014724,True
I014725,True
I014728,True
I014729,True
I014730,False
I014732,True
I014733,False
I014734,False
I014735,False
I014736,True
I014738,False
I014740,False
I014741,False
I014742,True
I014743,True
I014744,False
I014745,True
I014747,True
I014748,False
I014750,False
I014751,False
I014752,True
I014753,True
I014754,False
I014757,False
I014761,False
I014762,True
I014763,True
I014764,False
I014765,False
I014766,False
I014767,True
I014768,True
I014770,True
I014771,False
I014772,False
I014773,True
I014774,True
I014776,True
I014778,True
I014779,False
I014781,False
I014782,True
I014783,False
I014784,True
I014785,False
I014786,True
I014787,False
I014788,True
I014790,False
I014793,True
I014794,True
I014795,True
I014796,False
I014800,False
I014801,False
I014802,True
I014803,False
I014804,False
I014806,True
I014810,True
I014811,False
I014812,True
I014813,True
I014814,False
I014815,False
I014816,False
I014817,True
I014818,True
I014819,True
I014823,True
I014824,False
I014825,False
I014826,True
I014828,False
I014829,True
I014830,True
I014832,False
I014834,True
I014835,False
I014836,True
I014837,True
I014839,True
I014840,True
I014841,False
I014842,True
I014843,False
I014844,True
I014845,True
I014846,True
I014847,False
I014848,True
I014852,False
I014853,True
I014855,True
I014857,True
I014858,True
I014859,True
I014860,False
I014862,True
I014863,False
I014864,False
I014869,True
I014871,False
I014872,False
I014873,False
I014874,True
I014875,False
I014876,True
I014877,True
I014878,True
I014879,False
I014880,False
I014881,True
I014883,False
I014885,True
I014886,True
I014888,True
I014889,True
I014890,True
I014891,True
I014892,True
I014893,False
I014894,True
I014895,False
I014896,False
I014897,True
I014898,False
I014900,True
I014901,True
I014905,False
I014906,True
I014907,True
I014909,False
I014910,False
I014912,False
I014913,True
I014914,False
I014915,True
I014916,False
I014917,True
I014918,True
I014919,True
I014921,False
I014923,True
I014924,True
I014925,True
I014927,True
I014928,False
I014929,True
I014930,False
I014931,True
I014932,False
I014933,False
I014934,False
I014936,False
I014938,False
I014939,True
I014940,True
I014943,True
I014944,True
I014945,True
I014946,False
I014947,False
I014948,False
I014949,False
I014950,False
I014951,True
I014953,True
I014955,True
I014956,False
I014957,True
I014958,True
I014959,True
I014960,True
I014961,False
I014962,True
I014963,False
I014964,True
I014965,True
I014967,True
I014968,False
I014969,False
I014970,True
I014971,True
I014972,True
I014973,True
I014974,False
I014976,True
I014978,True
I014979,False
I014982,False
I014983,False
I014984,False
I014985,True
I014986,False
I014987,True
I014988,True
I014989,False
I014990,True
I014991,True
I014992,True
I014993,False
I014994,False
I014995,False
I014996,True
I014998,True
I015000,True
I015002,True
I015004,False
I015006,True
I015007,True
I015008,False
I015009,True
I015010,True
I015014,True
I015015,False
I015016,False
I015017,False
I015018,True
I015019,False
I015021,True
I015022,False
I015023,True
I015024,False
I015025,False
I015027,False
I015029,True
I015030,False
I015031,True
I015032,False
I015033,True
I015035,True
I015036,True
I015038,True
I015039,False
I015040,False
I015041,True
I015042,False
I015043,False
I015046,True
I015048,True
I015049,False
I015051,False
I015052,True
I015055,True
I015056,True
I015059,False
I015060,True
I015062,True
I015063,False
I015065,True
I015067,False
I015069,False
I015071,False
I015075,True
I015076,True
I015078,False
I015079,False
I015080,False
I015082,True
I015084,False
I015085,True
I015088,False
I015089,True
I015090,True
I015091,True
I015092,False
I015093,True
I015094,False
I015095,True
I015096,False
I015098,True
I015099,True
I015100,False
I015101,True
I015102,True
I015104,False
I015105,True
I015108,True
I015109,False
I015110,True
I015111,True
I015112,True
I015113,False
I015114,True
I015115,True
I015116,False
I015119,True
I015120,False
I015121,True
I015122,True
I015123,True
I015125,False
I015128,True
I015129,True
I015130,False
I015131,False
I015134,False
I015136,True
I015137,False
I015139,True
I015140,False
I015141,False
I015142,True
I015144,False
I015145,False
I015146,False
I015147,True
I015148,True
I015149,True
I015151,True
I015152,True
I015153,True
I015155,True
I015156,True
I015157,False
I015158,False
I015159,True
I015161,False
I015162,True
I015163,True
I015165,True
I015167,False
I015171,True
I015173,True
I015174,False
I015175,False
I015176,False
I015178,False
I015179,False
I015180,True
I015181,True
I015182,False
I015184,False
I015186,False
I015187,True
I015189,True
I015190,True
I015191,False
I015192,True
I015193,True
I015194,True
I015195,True
I015196,True
I015197,False
I015198,False
I015200,True
I015201,True
I015202,True
I015203,True
I015204,True
I015205,True
I015206,True
I015207,True
I015208,True
I015210,True
I015212,True
I015213,True
I015214,True
I015215,True
I015216,True
I015217,True
I015218,False
I015219,True
I015221,True
I015223,False
I015224,True
I015227,True
I015228,True
I015229,True
I015230,True
I015231,False
I015233,True
I015234,False
I015235,False
I015236,False
I015237,True
I015239,True
I015240,True
I015241,True
I015242,True
I015243,True
I015246,False
I015247,True
I015248,True
I015250,False
I015251,False
I015253,True
I015254,True
I015256,True
I015257,True
I015258,True
I015259,True
I015261,True
I015264,True
I015265,False
I015266,True
I015268,False
I015269,False
I015270,True
I015272,False
I015273,True
I015274,False
I015275,True
I015276,True
I015278,False
I015281,False
I015283,True
I015286,False
I015287,True
I015288,True
I015289,False
I015290,True
I015292,False
I015294,True
I015295,False
I015296,True
I015298,True
I015299,True
I015302,False
I015303,False
I015304,True
I015305,True
I015306,True
I015307,True
I015308,True
I015309,True
I015311,False
I015312,False
I015315,False
I015317,False
I015318,True
I015319,False
I015320,True
I015321,True
I015323,False
I015326,True
I015328,True
I015329,True
I015332,True
I015334,False
I015335,True
I015336,False
I015337,True
I015339,True
I015341,True
I015342,False
I015343,False
I015346,True
I015347,True
I015348,False
I015349,False
I015350,False
I015351,False
I015352,False
I015354,True
I015357,False
I015358,False
I015359,True
I015360,True
I015362,True
I015364,True
I015369,False
I015370,True
I015371,True
I015372,False
I015373,True
I015374,False
I015375,True
I015377,True
I015378,True
I015379,False
I015380,False
I015382,True
I015385,True
I015386,False
I015387,True
I015391,False
I015392,True
I015394,False
I015395,False
I015396,False
I015397,True
I015398,False
I015402,True
I015403,False
I015405,True
I015411,True
I015412,True
I015413,False
I015415,True
I015416,False
I015417,True
I015418,True
I015419,False
I015420,True
I015423,True
I015425,True
I015426,False
I015427,False
I015428,False
I015429,False
I015431,False
I015433,True
I015435,True
I015436,False
I015437,False
I015439,True
I015440,True
I015441,True
I015442,False
I015443,True
I015444,False
I015446,False
I015447,False
I015450,True
I015451,True
I015452,False
I015453,False
I015457,False
I015458,True
I015459,False
I015463,False
I015464,False
I015465,True
I015466,True
I015467,True
I015468,True
I015470,True
I015472,False
I015473,True
I015474,False
I015475,False
I015476,False
I015477,False
I015478,True
I015479,False
I015480,True
I015481,True
I015482,False
I015483,False
I015485,True
I015486,True
I015487,False
I015488,False
I015489,False
I015490,True
I015491,False
I015493,True
I015497,True
I015498,False
I015499,True
I015501,True
I015502,False
I015503,True
I015506,False
I015508,True
I015510,True
I015511,True
I015512,False
I015513,False
I015514,False
I015516,False
I015517,True
I015518,True
I015519,True
I015520,False
I015522,False
I015523,True
I015526,True
I015527,False
I015528,True
I015529,True
I015530,False
I015531,True
I015532,True
I015533,True
I015534,True
I015535,True
I015536,True
I015539,False
I015540,True
I015541,True
I015542,False
I015543,True
I015546,True
I015548,False
I015549,True
I015550,True
I015551,False
I015552,True
I015554,False
I015555,False
I015556,True
I015557,False
I015558,True
I015562,False
I015563,False
I015564,True
I015567,True
I015568,False
I015569,True
I015570,True
I015572,True
I015574,True
I015576,True
I015578,True
I015579,True
I015580,True
I015582,False
I015584,False
I015585,False
I015587,False
I015589,False
I015590,False
I015591,False
I015593,False
I015594,True
I015596,True
I015600,False
I015601,True
I015603,False
I015604,False
I015605,True
I015606,False
I015607,False
I015608,False
I015609,True
I015611,True
I015612,True
I015613,True
I015615,True
I015616,False
I015617,True
I015618,True
I015621,True
I015622,False
I015625,False
I015626,True
I015627,True
I015629,True
I015630,True
I015632,True
I015634,True
I015636,False
I015638,True
I015641,True
I015643,True
I015647,False
I015649,False
I015650,False
I015651,True
I015652,False
I015653,False
I015654,True
I015655,False
I015657,False
I015658,True
I015659,True
I015660,False
I015661,True
I015664,True
I015666,True
I015668,True
I015671,True
I015672,True
I015673,True
I015674,True
I015675,True
I015676,True
I015677,True
I015681,True
I015683,True
I015684,False
I015685,False
I015686,True
I015689,True
I015691,False
I015692,True
I015693,False
I015694,True
I015697,False
I015700,True
I015701,False
I015703,False
I015704,False
I015705,True
I015706,True
I015707,False
I015709,True
I015710,True
I015711,False
I015713,False
I015714,True
I015715,True
I015717,True
I015718,True
I015719,True
I015720,False
I015721,False
I015722,True
I015723,False
I015724,True
I015725,True
I015726,False
I015727,True
I015729,False
I015735,True
I015736,True
I015737,True
I015738,False
I015739,True
I015741,True
I015742,False
I015743,True
I015744,True
I015746,False
I015747,False
I015749,False
I015752,False
I015754,False
I015755,True
I015756,True
I015757,True
I015758,False
I015759,True
I015760,False
I015761,False
I015762,False
I015763,False
I015764,False
I015765,True
I015766,False
I015767,False
I015769,True
I015770,True
I015773,False
I015774,True
I015775,False
I015778,True
I015779,False
I015780,True
I015781,True
I015782,False
I015783,False
I015784,False
I015786,False
I015787,False
I015789,False
I015790,False
I015791,True
I015792,False
I015794,False
I015795,False
I015796,False
I015797,False
I015798,True
I015801,True
I015802,False
I015803,False
I015804,True
I015805,True
I015806,True
I015807,False
I015809,False
I015810,True
I015811,True
I015813,False
I015814,False
I015815,False
I015816,True
I015817,False
I015818,False
I015819,True
I015820,False
I015821,False
I015822,False
I015825,False
I015826,True
I015827,True
I015829,False
I015830,True
I015831,False
I015832,False
I015833,True
I015834,True
I015835,True
I015836,False
I015837,False
I015838,False
I015839,True
I015842,True
I015844,True
I015845,True
I015846,True
I015847,True
I015848,False
I015849,False
I015850,False
I015852,True
I015853,True
I015854,False
I015855,True
I015856,True
I015857,True
I015858,False
I015860,True
I015861,False
I015862,False
I015864,False
I015866,False
I015868,True
I015869,False
I015870,True
I015871,True
I015872,True
I015874,False
I015875,True
I015878,False
I015879,False
I015881,False
I015882,True
I015883,False
I015884,True
I015885,True
I015886,True
I015889,False
I015890,True
I015891,False
I015892,True
I015893,False
I015894,True
I015895,False
I015896,False
I015898,True
I015899,False
I015901,True
I015902,True
I015904,True
I015906,True
I015907,True
I015908,True
I015909,True
I015911,True
I015913,False
I015914,False
I015915,True
I015916,False
I015917,False
I015918,True
I015919,True
I015921,False
I015922,False
I015923,True
I015924,True
I015925,True
I015928,True
I015929,False
I015930,True
I015931,True
I015933,True
I015935,True
I015937,False
I015938,False
I015939,False
I015940,False
I015943,True
I015944,True
I015945,False
I015949,True
I015950,False
I015951,True
I015952,False
I015953,True
I015955,True
I015956,False
I015957,True
I015958,True
I015960,False
I015961,True
I015962,False
I015963,True
I015966,True
I015968,False
I015970,True
I015972,True
I015973,True
I015974,True
I015975,True
I015976,False
I015977,True
I015981,True
I015983,True
I015984,True
I015985,True
I015986,True
I015988,True
I015990,False
I015991,True
I015992,False
I015993,True
I015995,False
I015996,False
I015997,False
I015998,False
I015999,False
I016000,True
I016003,False
I016005,False
I016007,True
I016008,True
I016010,True
I016011,True
I016012,False
I016013,False
I016014,True
I016015,True
I016016,False
I016018,False
I016019,True
I016021,False
I016022,True
I016023,True
I016024,False
I016025,False
I016027,True
I016028,False
I016029,False
I016030,False
I016032,False
I016033,False
I016035,True
I016037,False
I016038,False
I016040,True
I016041,False
I016043,True
I016044,True
I016045,True
I016047,False
I016048,False
I016050,True
I016052,True
I016054,False
I016055,False
I016056,False
I016057,True
I016059,False
I016060,True
I016061,True
I016062,True
I016063,False
I016065,False
I016066,True
I016069,False
I016070,True
I016071,True
I016072,False
I016073,True
I016074,False
I016075,False
I016076,True
I016077,True
I016079,True
I016081,True
I016083,True
I016085,True
I016086,True
I016088,True
I016089,False
I016090,True
I016091,True
I016092,True
I016093,False
I016095,True
I016096,True
I016097,False
I016098,False
I016101,False
I016103,False
I016104,False
I016106,True
I016108,True
I016109,False
I016110,True
I016111,True
I016113,False
I016115,True
I016116,True
I016118,False
I016119,False
I016120,False
I016121,True
I016124,True
I016125,False
I016127,True
I016128,True
I016129,False
I016130,False
I016132,False
I016133,False
I016135,True
I016137,True
I016138,False
I016139,False
I016141,True
I016142,True
I016144,False
I016147,False
I016148,True
I016149,True
I016151,False
I016152,True
I016153,True
I016154,True
I016155,True
I016158,True
I016160,False
I016161,True
I016163,False
I016164,False
I016165,True
I016167,True
I016168,True
I016169,False
I016171,True
I016172,True
I016174,True
I016176,True
I016177,False
I016178,True
I016180,True
I016181,True
I016182,True
I016183,True
I016184,True
I016186,True
I016187,True
I016188,True
I016189,True
I016190,True
I016191,False
I016193,False
I016194,False
I016197,True
I016198,True
I016199,True
I016200,True
I016202,True
I016203,True
I016204,False
I016205,False
I016206,True
I016210,False
I016211,True
I016213,False
I016216,True
I016217,True
I016220,True
I016221,True
I016223,False
I016224,True
I016225,True
I016227,True
I016229,False
I016230,True
I016231,True
I016232,True
I016233,True
I016234,False
I016236,True
I016237,True
I016238,False
I016239,False
I016240,True
I016241,False
I016242,True
I016244,True
I016247,False
I016248,False
I016251,False
I016254,False
I016256,True
I016257,True
I016258,False
I016259,True
I016260,False
I016261,False
I016262,True
I016263,False
I016264,False
I016265,False
I016266,True
I016267,True
I016268,False
I016269,False
I016270,True
I016271,False
I016274,False
I016276,True
I016277,True
I016278,True
I016279,True
I016280,True
I016283,False
I016284,True
I016288,True
I016290,True
I016291,True
I016293,True
I016295,False
I016296,True
I016297,True
I016299,True
I016300,True
I016301,False
I016303,True
I016304,True
I016305,True
I016306,False
I016307,False
I016308,True
I016312,True
I016313,False
I016314,False
I016319,True
I016320,False
I016323,True
I016324,True
I016325,False
I016327,True
I016329,True
I016333,True
I016334,False
I016335,True
I016336,False
I016338,True
I016339,False
I016341,True
I016343,True
I016345,False
I016348,True
I016349,True
I016350,False
I016351,True
I016352,True
I016355,True
I016356,False
I016359,True
I016360,False
I016362,False
I016363,False
I016364,True
I016365,False
I016366,True
I016368,True
I016370,True
I016371,True
I016372,False
I016373,True
I016374,True
I016375,True
I016376,True
I016377,False
I016378,False
I016380,False
I016381,False
I016382,True
I016383,True
I016384,True
I016385,True
I016386,True
I016387,True
I016388,False
I016389,True
I016392,False
I016394,False
I016395,True
I016396,True
I016397,True
I016398,False
I016399,True
I016400,True
I016402,False
I016404,True
I016405,False
I016408,True
I016411,True
I016412,True
I016413,True
I016415,False
I016416,False
I016418,True
I016421,False
I016423,False
I016424,False
I016426,False
I016427,True
I016428,True
I016430,False
I016432,False
I016433,True
I016435,False
I016440,False
I016444,False
I016445,False
I016446,True
I016450,True
I016452,False
I016454,True
I016455,False
I016457,True
I016458,False
I016460,True
I016462,False
I016463,True
I016464,True
I016468,False
I016469,False
I016470,True
I016471,True
I016472,True
I016473,True
I016474,False
I016475,True
I016477,False
I016479,False
I016482,False
I016483,False
I016484,False
I016485,True
I016486,True
I016487,False
I016489,False
I016491,True
I016492,False
I016493,False
I016494,True
I016496,True
I016498,True
I016500,False
I016501,True
I016502,True
I016503,False
I016504,True
I016505,False
I016506,False
I016507,True
I016508,False
I016510,True
I016511,True
I016512,True
I016514,False
I016517,True
I016518,False
I016519,False
I016520,False
I016521,True
I016522,False
I016525,False
I016526,True
I016528,True
I016529,False
I016530,True
I016532,False
I016533,True
I016534,True
I016538,False
I016539,True
I016540,False
I016541,False
I016543,True
I016544,False
I016545,True
I016548,True
I016549,True
I016550,True
I016551,False
I016553,True
I016554,True
I016560,False
I016562,True
I016563,False
I016564,True
I016566,True
I016568,True
I016570,True
I016572,True
I016575,False
I016576,True
I016577,True
I016578,True
I016579,True
I016580,True
I016581,True
I016582,True
I016583,False
I016585,True
I016586,False
I016587,False
I016588,False
I016589,True
I016590,False
I016591,True
I016592,False
I016595,False
I016597,True
I016600,False
I016601,False
I016602,False
I016603,True
I016604,False
I016605,True
I016606,False
I016607,False
I016608,True
I016609,True
I016610,True
I016611,True
I016612,True
I016613,False
I016614,True
I016617,False
I016618,False
I016619,True
I016621,False
I016622,True
I016623,True
I016624,True
I016626,False
I016627,True
I016630,True
I016632,False
I016635,False
I016636,True
I016637,False
I016638,True
I016639,False
I016641,True
I016642,False
I016643,False
I016644,True
I016645,False
I016646,False
I016647,False
I016648,False
I016650,False
I016651,True
I016652,True
I016655,False
I016656,False
I016659,True
I016660,False
I016661,True
I016662,False
I016663,True
I016665,True
I016669,False
I016670,False
I016672,True
I016673,False
I016674,True
I016675,True
I016676,True
I016677,False
I016678,False
I016679,False
I016680,True
I016682,True
I016683,False
I016684,True
I016685,False
I016686,True
I016687,False
I016688,True
I016690,False
I016691,True
I016692,False
I016693,True
I016694,True
I016695,False
I016701,False
I016703,True
I016704,True
I016705,False
I016707,True
I016708,False
I016710,True
I016712,False
I016713,False
I016714,False
I016715,False
I016716,True
I016717,True
I016718,True
I016719,False
I016720,True
I016721,True
I016723,True
I016724,True
I016725,True
I016727,True
I016731,False
I016732,True
I016733,False
I016735,False
I016736,False
I016737,False
I016738,False
I016739,False
I016740,True
I016742,False
I016743,True
I016744,True
I016746,True
I016748,False
I016749,True
I016750,False
I016752,True
I016753,True
I016755,True
I016758,False
I016759,False
I016761,True
I016763,True
I016765,False
I016766,False
I016769,True
I016770,True
I016771,False
I016774,True
I016775,False
I016776,False
I016777,True
I016782,False
I016783,True
I016785,False
I016787,False
I016789,False
I016790,True
I016791,False
I016792,False
I016793,True
I016794,False
I016796,False
I016802,True
I016803,False
I016805,False
I016806,False
I016808,True
I016809,False
I016810,False
I016811,True
I016812,False
I016813,False
I016814,False
I016815,True
I016818,False
I016820,False
I016827,False
I016828,True
I016829,False
I016830,False
I016833,False
I016834,False
I016835,False
I016836,False
I016837,False
I016839,True
I016840,False
I016841,True
I016844,False
I016846,False
I016847,True
I016849,False
I016851,False
I016854,True
I016856,True
I016859,False
I016860,True
I016861,False
I016863,False
I016865,True
I016867,True
I016869,False
I016870,False
I016871,True
I016872,False
I016873,True
I016874,True
I016875,False
I016877,False
I016878,False
I016879,False
I016880,False
I016881,True
I016882,False
I016883,True
I016884,False
I016885,True
I016886,True
I016887,True
I016888,False
I016891,True
I016892,False
I016893,True
I016894,False
I016895,False
I016897,True
I016898,False
I016900,True
I016901,True
I016903,False
I016904,False
I016905,False
I016907,False
I016908,False
I016909,True
I016910,True
I016912,True
I016913,False
I016914,False
I016915,True
I016916,False
I016918,True
I016923,True
I016924,False
I016926,True
I016927,False
I016932,False
I016934,True
I016935,False
I016937,True
I016938,False
I016939,False
I016942,True
I016943,True
I016944,False
I016945,True
I016946,False
I016948,True
I016949,False
I016950,True
I016951,True
I016952,True
I016954,False
I016955,False
I016956,False
I016957,False
I016959,True
I016960,True
I016962,False
I016963,True
I016964,False
I016966,False
I016968,True
I016969,False
I016970,False
I016971,False
I016972,True
I016973,False
I016975,False
I016976,True
I016978,True
I016979,False
I016981,True
I016982,False
I016983,True
I016985,False
I016986,False
I016987,True
I016988,False
I016990,True
I016991,True
I016992,True
I016994,True
I016996,True
I016997,False
I016998,False
I016999,False
I017000,True
I017001,False
I017002,False
I017005,True
I017007,False
I017008,True
I017010,True
I017011,True
I017012,True
I017013,True
I017014,False
I017015,True
I017016,False
I017018,True
I017019,False
I017020,True
I017021,False
I017022,True
I017023,False
I017024,True
I017025,True
I017026,False
I017028,True
I017029,False
I017032,True
I017040,True
I017041,True
I017042,True
I017043,False
I017044,False
I017045,True
I017048,True
I017049,True
I017050,True
I017051,True
I017053,True
I017055,True
I017056,True
I017059,True
I017060,True
I017062,True
I017064,True
I017065,False
I017066,True
I017067,False
I017068,False
I017069,True
I017070,False
I017071,True
I017072,False
I017075,False
I017077,False
I017079,False
I017080,True
I017081,True
I017084,True
I017085,True
I017086,False
I017087,False
I017090,True
I017091,False
I017092,True
I017093,True
I017094,False
I017095,True
I017097,True
I017099,True
I017100,True
I017101,True
I017103,True
I017104,False
I017105,True
I017107,False
I017108,True
I017109,False
I017110,True
I017111,True
I017112,True
I017113,False
I017114,True
I017115,False
I017116,True
I017117,False
I017118,True
I017119,False
I017120,True
I017122,False
I017123,True
I017124,True
I017125,True
I017126,False
I017127,True
I017128,True
I017130,True
I017131,False
I017132,True
I017133,True
I017134,True
I017135,True
I017136,True
I017139,True
I017140,True
I017142,True
I017144,False
I017145,True
I017146,True
I017147,False
I017148,True
I017150,True
I017151,False
I017153,True
I017154,True
I017155,True
I017156,True
I017157,False
I017158,True
I017159,False
I017160,True
I017161,False
I017162,True
I017164,False
I017165,True
I017166,True
I017167,False
I017168,True
I017169,True
I017171,False
I017173,False
I017174,False
I017177,True
I017178,False
I017179,True
I017180,False
I017181,False
I017182,True
I017183,True
I017185,False
I017190,True
I017191,False
I017192,False
I017196,False
I017199,False
I017200,True
I017201,True
I017202,True
I017203,False
I017205,False
I017207,True
I017208,True
I017209,True
I017210,True
I017211,False
I017212,True
I017213,False
I017214,True
I017216,True
I017217,False
I017218,True
I017219,True
I017220,False
I017223,False
I017224,True
I017225,False
I017226,False
I017227,True
I017228,True
I017232,True
I017235,False
I017236,False
I017237,True
I017238,True
I017239,False
I017240,False
I017241,False
I017242,False
I017243,False
I017245,True
I017246,False
I017247,False
I017248,False
I017249,False
I017250,True
I017251,True
I017253,False
I017254,True
I017255,True
I017257,False
I017258,True
I017259,False
I017260,False
I017261,True
I017264,True
I017265,True
I017268,True
I017269,True
I017270,True
I017271,True
I017275,True
I017276,True
I017278,False
I017279,True
I017280,True
I017281,True
I017285,True
I017286,True
I017288,True
I017289,False
I017290,False
I017291,False
I017293,True
I017294,False
I017296,False
I017297,False
I017298,False
I017300,True
I017301,False
I017302,False
I017303,False
I017305,True
I017306,False
I017307,True
I017308,False
I017309,True
I017310,True
I017311,False
I017312,False
I017313,False
I017314,True
I017315,False
I017316,True
I017317,False
I017318,True
I017319,True
I017320,False
I017325,True
I017326,True
I017328,True
I017330,False
I017331,False
I017333,False
I017334,False
I017335,True
I017337,True
I017338,False
I017340,True
I017341,True
I017342,True
I017343,True
I017344,True
I017345,True
I017348,False
I017350,False
I017351,True
I017354,False
I017355,False
I017356,False
I017357,True
I017358,False
I017359,True
I017360,False
I017362,True
I017363,True
I017365,True
I017367,False
I017368,False
I017370,True
I017371,True
I017372,True
I017373,True
I017375,False
I017376,True
I017379,True
I017382,False
I017383,False
I017384,True
I017386,False
I017387,False
I017388,False
I017389,True
I017390,True
I017391,False
I017392,True
I017393,True
I017394,True
I017395,False
I017399,False
I017400,True
I017401,False
I017402,False
I017404,False
I017405,False
I017406,True
I017407,False
I017408,False
I017409,True
I017410,False
I017411,True
I017412,True
I017413,True
I017414,False
I017416,False
I017418,False
I017419,True
I017420,True
I017421,False
I017422,False
I017423,False
I017424,False
I017425,True
I017427,True
I017428,True
I017429,True
I017433,True
I017434,False
I017435,True
I017436,True
I017438,True
I017439,False
I017440,False
I017441,False
I017442,False
I017443,True
I017445,False
I017448,True
I017449,True
I017450,True
I017451,False
I017452,False
I017453,True
I017454,True
I017455,True
I017456,False
I017457,True
I017459,True
I017460,True
I017461,False
I017462,False
I017463,False
I017465,False
I017466,False
I017467,False
I017468,False
I017469,False
I017472,False
I017473,False
I017474,False
I017475,False
I017476,True
I017477,True
I017479,False
I017480,False
I017481,False
I017482,True
I017483,True
I017484,True
I017485,True
I017486,True
I017487,False
I017489,True
I017490,True
I017493,True
I017494,False
I017495,True
I017496,False
I017497,False
I017498,True
I017499,False
I017500,False
I017501,True
I017503,True
I017504,False
I017505,True
I017506,False
I017507,False
I017508,False
I017509,True
I017510,False
I017513,False
I017515,False
I017518,True
I017520,False
I017521,True
I017522,False
I017523,True
I017524,False
I017526,False
I017527,True
I017529,True
I017530,True
I017531,True
I017533,False
I017535,False
I017536,False
I017537,False
I017538,False
I017539,False
I017540,False
I017541,False
I017542,False
I017543,True
I017544,True
I017545,True
I017547,True
I017548,True
I017549,False
I017550,False
I017551,True
I017552,False
I017554,True
I017555,False
I017556,False
I017557,False
I017558,False
I017559,True
I017561,False
I017562,True
I017563,True
I017564,False
I017567,False
I017570,True
I017571,True
I017572,False
I017573,False
I017575,True
I017576,True
I017578,False
I017581,True
I017582,False
I017583,True
I017585,True
I017586,False
I017588,False
I017589,False
I017590,True
I017591,True
I017594,False
I017596,False
I017598,False
I017599,False
I017600,False
I017601,True
I017603,False
I017605,True
I017606,True
I017607,True
I017609,True
I017610,True
I017611,True
I017612,True
I017615,True
I017616,True
I017620,False
I017621,True
I017623,False
I017625,False
I017626,True
I017629,False
I017632,False
I017633,True
I017634,True
I017636,True
I017637,False
I017638,False
I017639,False
I017640,True
I017641,False
I017642,True
I017643,False
I017644,False
I017646,False
I017647,True
I017648,True
I017650,False
I017652,False
I017653,True
I017654,False
I017655,False
I017656,True
I017657,False
I017658,True
I017659,True
I017661,False
I017662,True
I017663,True
I017664,True
I017665,False
I017666,False
I017667,False
I017668,True
I017669,True
I017671,False
I017672,True
I017673,True
I017674,True
I017675,True
I017676,True
I017680,False
I017681,False
I017683,False
I017684,True
I017685,False
I017686,False
I017687,True
I017688,False
I017689,True
I017691,False
I017692,True
I017693,False
I017694,False
I017695,False
I017696,False
I017697,False
I017698,False
I017699,False
I017701,True
I017702,False
I017704,True
I017706,False
I017707,False
I017708,True
I017709,True
I017711,True
I017712,False
I017713,False
I017714,False
I017715,False
I017716,True
I017718,False
I017720,False
I017722,False
I017723,True
I017724,True
I017725,False
I017726,True
I017727,False
I017729,True
I017731,False
I017732,False
I017734,True
I017735,True
I017736,False
I017738,True
I017739,False
I017743,True
I017744,True
I017749,True
I017750,False
I017751,False
I017752,False
I017754,False
I017755,True
I017757,True
I017758,True
I017759,True
I017760,False
I017762,False
I017764,True
I017766,False
I017768,False
I017770,True
I017773,True
I017774,True
I017775,False
I017777,False
I017779,True
I017781,False
I017784,True
I017785,False
I017786,True
I017787,True
I017789,False
I017790,True
I017791,False
I017792,True
I017793,True
I017794,False
I017796,False
I017798,True
I017800,False
I017801,True
I017804,False
I017805,True
I017807,False
I017808,True
I017810,True
I017811,False
I017812,True
I017813,True
I017814,True
I017815,True
I017816,False
I017817,False
I017818,False
I017819,False
I017820,True
I017821,True
I017822,True
I017823,False
I017825,True
I017826,False
I017827,False
I017830,False
I017831,True
I017832,False
I017833,False
I017836,True
I017838,True
I017839,True
I017841,True
I017844,True
I017846,True
I017847,True
I017848,True
I017849,True
I017851,True
I017852,True
I017853,False
I017854,True
I017856,False
I017857,True
I017859,True
I017860,False
I017861,False
I017864,False
I017865,True
I017867,False
I017869,False
I017870,False
I017871,True
I017872,True
I017873,True
I017874,False
I017875,False
I017876,True
I017877,True
I017878,False
I017879,False
I017881,False
I017882,True
I017883,False
I017886,True
I017887,True
I017888,False
I017889,False
I017895,True
I017896,True
I017898,True
I017899,False
I017900,False
I017902,False
I017904,True
I017905,True
I017906,False
I017908,False
I017909,False
I017910,False
I017911,True
I017916,False
I017918,False
I017919,True
I017920,True
I017922,False
I017923,True
I017924,False
I017926,False
I017928,False
I017929,True
I017930,True
I017931,False
I017932,False
I017935,False
I017936,False
I017938,False
I017939,False
I017944,True
I017947,False
I017949,True
I017950,True
I017951,True
I017953,True
I017954,True
I017955,False
I017956,False
I017957,True
I017958,False
I017959,False
I017963,True
I017964,False
I017966,False
I017967,False
I017969,True
I017970,False
I017973,True
I017974,False
I017976,False
I017977,False
I017979,True
I017980,True
I017981,False
I017982,True
I017983,False
I017984,False
I017987,True
I017988,False
I017993,False
I017994,False
I017996,True
I017997,False
I017999,True
I018001,False
I018002,False
I018006,False
I018007,True
I018008,False
I018009,False
I018010,False
I018013,False
I018014,True
I018015,False
I018016,False
I018020,False
I018022,True
I018023,True
I018025,True
I018026,True
I018027,False
I018029,True
I018030,False
I018033,True
I018034,False
I018035,False
I018039,False
I018040,True
I018041,True
I018042,False
I018043,False
I018044,False
I018045,False
I018047,True
I018048,False
I018049,True
I018051,True
I018052,False
I018054,True
I018056,True
I018057,True
I018058,False
I018059,False
I018060,True
I018062,False
I018064,True
I018067,False
I018068,True
I018069,True
I018072,False
I018073,True
I018074,True
I018077,False
I018081,True
I018082,False
I018084,False
I018086,True
I018088,False
I018090,False
I018091,True
I018093,False
I018095,False
I018096,True
I018097,True
I018098,False
I018099,True
I018100,False
I018103,True
I018105,False
I018106,False
I018107,True
I018108,True
I018109,False
I018111,True
I018112,True
I018113,False
I018114,False
I018116,False
I018117,False
I018119,True
I018122,True
I018123,False
I018124,True
I018125,False
I018126,True
I018127,True
I018128,False
I018129,True
I018132,True
I018134,False
I018136,True
I018137,False
I018138,False
I018139,True
I018142,True
I018143,False
I018144,False
I018146,True
I018148,True
I018149,True
I018152,False
I018153,True
I018154,True
I018158,False
I018160,True
I018161,False
I018164,False
I018165,False
I018166,False
I018169,True
I018170,False
I018172,True
I018174,True
I018176,False
I018177,True
I018178,True
I018179,False
I018180,False
I018182,True
I018184,False
I018185,True
I018186,True
I018188,True
I018189,False
I018191,True
I018193,False
I018194,False
I018196,True
I018197,False
I018198,False
I018199,False
I018202,True
I018203,False
I018204,True
I018206,True
I018211,False
I018212,True
I018213,False
I018214,True
I018215,True
I018216,False
I018217,True
I018219,False
I018220,True
I018221,False
I018222,False
I018223,False
I018225,False
I018226,True
I018228,True
I018229,True
I018231,True
I018233,False
I018235,True
I018236,False
I018237,True
I018238,True
I018239,True
I018240,True
I018241,False
I018242,False
I018243,False
I018245,True
I018247,False
I018248,False
I018250,False
I018253,False
I018255,True
I018260,False
I018261,True
I018265,True
I018266,True
I018267,False
I018268,True
I018269,False
I018270,False
I018273,True
I018274,False
I018275,True
I018276,False
I018277,True
I018278,False
I018280,True
I018281,True
I018282,True
I018283,False
I018284,False
I018285,False
I018286,True
I018287,True
I018288,False
I018289,True
I018290,True
I018292,True
I018293,True
I018295,True
I018296,True
I018297,True
I018299,True
I018302,True
I018303,False
I018304,True
I018305,True
I018306,False
I018307,False
I018310,False
I018311,False
I018312,False
I018313,False
I018314,False
I018316,True
I018317,True
I018318,False
I018319,False
I018320,False
I018325,False
I018329,True
I018330,True
I018332,True
I018333,False
I018335,True
I018336,False
I018337,False
I018339,True
I018340,True
I018342,False
I018343,True
I018344,True
I018345,False
I018346,False
I018347,False
I018348,True
I018349,True
I018351,False
I018352,False
I018354,True
I018355,True
I018356,True
I018357,True
I018358,False
I018359,False
I018360,False
I018362,True
I018364,True
I018366,True
I018367,True
I018368,True
I018371,True
I018372,True
I018375,True
I018376,True
I018377,False
I018378,False
I018379,False
I018380,False
I018381,False
I018383,False
I018384,True
I018385,True
I018386,False
I018387,False
I018388,False
I018389,False
I018390,True
I018391,True
I018392,True
I018394,False
I018396,True
I018397,False
I018399,True
I018402,True
I018403,False
I018404,False
I018405,True
I018406,True
I018407,True
I018408,False
I018409,False
I018410,True
I018411,True
I018412,False
I018413,False
I018414,True
I018415,True
I018417,True
I018418,True
I018422,True
I018423,True
I018425,True
I018426,False
I018427,True
I018431,True
I018433,True
I018435,True
I018437,True
I018438,True
I018439,False
I018440,False
I018441,True
I018443,False
I018445,False
I018446,False
I018448,True
I018449,True
I018451,False
I018452,True
I018453,False
I018454,False
I018455,True
I018459,True
I018460,True
I018461,True
I018462,False
I018463,False
I018464,False
I018466,False
I018467,True
I018470,False
I018471,True
I018473,True
I018474,True
I018475,True
I018478,False
I018483,False
I018484,True
I018485,False
I018486,False
I018487,False
I018488,False
I018491,True
I018492,False
I018493,True
I018494,False
I018495,False
I018496,True
I018497,True
I018499,False
I018500,False
I018501,False
I018503,False
I018504,False
I018508,False
I018509,True
I018510,False
I018511,False
I018512,True
I018513,True
I018514,False
I018515,True
I018518,False
I018521,True
I018522,False
I018523,False
I018525,True
I018526,True
I018527,False
I018528,False
I018529,True
I018530,True
I018531,True
I018534,False
I018535,True
I018536,False
I018538,False
I018539,False
I018540,True
I018541,False
I018542,True
I018544,True
I018546,False
I018547,True
I018548,False
I018549,True
I018552,True
I018553,False
I018555,True
I018556,True
I018557,True
I018559,True
I018560,False
I018561,False
I018564,False
I018565,True
I018567,False
I018568,True
I018570,True
I018571,True
I018572,False
I018573,False
I018576,True
I018577,False
I018578,False
I018579,False
I018580,False
I018583,True
I018584,True
I018586,False
I018587,True
I018589,True
I018591,True
I018592,True
I018593,False
I018594,True
I018595,True
I018597,True
I018598,True
I018601,True
I018602,True
I018603,True
I018604,True
I018606,False
I018608,True
I018609,True
I018610,True
I018611,True
I018616,False
I018617,True
I018618,False
I018619,True
I018620,True
I018622,False
I018624,False
I018626,False
I018627,False
I018628,True
I018629,False
I018631,False
I018632,False
I018633,True
I018634,False
I018637,True
I018638,False
I018639,True
I018640,True
I018641,True
I018642,True
I018643,True
I018644,True
I018645,False
I018646,False
I018647,False
I018648,False
I018650,True
I018651,False
I018652,True
I018653,False
I018654,False
I018655,True
I018656,True
I018657,True
I018659,True
I018660,True
I018661,True
I018662,True
I018663,True
I018664,True
I018665,False
I018666,True
I018667,False
I018668,True
I018669,True
I018670,False
I018671,True
I018672,True
I018673,True
I018674,True
I018675,True
I018676,False
I018679,False
I018680,True
I018681,False
I018682,False
I018683,False
I018684,True
I018685,True
I018686,False
I018688,True
I018689,True
I018691,False
I018692,True
I018695,False
I018697,True
I018698,False
I018699,False
I018700,True
I018702,True
I018704,False
I018705,False
I018706,True
I018707,False
I018709,False
I018710,False
I018711,True
I018712,True
I018714,False
I018715,False
I018716,False
I018718,True
I018719,True
I018721,False
I018722,True
I018724,True
I018725,True
I018726,False
I018727,False
I018728,True
I018729,True
I018730,True
I018732,True
I018734,True
I018737,True
I018738,False
I018739,False
I018740,True
I018741,False
I018742,True
I018744,True
I018745,True
I018747,True
I018748,True
I018750,False
I018752,False
I018755,True
I018756,False
I018757,True
I018758,False
I018759,True
I018760,True
I018761,False
I018762,True
I018764,True
I018765,True
I018769,False
I018770,True
I018771,False
I018772,False
I018773,False
I018774,True
I018775,False
I018776,True
I018777,True
I018781,True
I018782,False
I018784,True
I018786,True
I018787,False
I018788,False
I018789,False
I018790,False
I018791,False
I018792,True
I018793,True
I018794,True
I018795,True
I018799,False
I018800,False
I018801,True
I018802,False
I018803,True
I018805,True
I018806,False
I018807,False
I018808,True
I018810,False
I018811,False
I018812,False
I018814,False
I018815,True
I018816,False
I018818,False
I018819,False
I018820,False
I018822,False
I018824,False
I018825,True
I018826,True
I018827,True
I018828,False
I018829,False
I018830,False
I018832,False
I018833,True
I018836,False
I018837,True
I018839,True
I018842,False
I018844,False
I018846,True
I018848,True
I018849,False
I018851,False
I018852,False
I018854,True
I018856,True
I018857,True
I018859,False
I018862,True
I018863,False
I018864,False
I018865,False
I018867,False
I018868,False
I018869,False
I018871,True
I018872,True
I018873,True
I018874,True
I018875,True
I018876,False
I018877,True
I018878,False
I018880,False
I018881,True
I018882,True
I018883,False
I018885,True
I018886,True
I018887,False
I018888,True
I018890,False
I018891,False
I018892,False
I018893,True
I018895,False
I018897,True
I018899,True
I018900,False
I018901,True
I018904,False
I018905,False
I018907,False
I018908,True
I018909,False
I018912,False
I018914,False
I018915,True
I018916,False
I018917,False
I018918,False
I018919,True
I018920,True
I018922,True
I018924,False
I018925,True
I018926,False
I018929,True
I018931,False
I018932,True
I018934,True
I018935,True
I018936,True
I018938,True
I018941,False
I018943,False
I018946,False
I018948,True
I018949,True
I018951,True
I018952,False
I018953,True
I018954,False
I018955,True
I018956,False
I018957,False
I018959,True
I018960,False
I018961,True
I018962,True
I018963,False
I018964,True
I018966,False
I018968,False
I018969,True
I018970,False
I018971,True
I018973,True
I018974,True
I018976,False
I018977,True
I018978,False
I018980,True
I018983,True
I018985,True
I018986,True
I018987,False
I018990,False
I018991,False
I018994,False
I018997,False
I018999,True
I019000,True
I019001,True
I019004,False
I019007,True
I019009,False
I019010,False
I019011,True
I019013,True
I019014,True
I019016,True
I019017,True
I019018,False
I019020,True
I019021,True
I019025,False
I019026,True
I019027,False
I019028,True
I019029,True
I019030,False
I019033,True
I019036,True
I019037,True
I019038,False
I019039,True
I019040,False
I019043,True
I019044,True
I019045,True
I019046,True
I019047,False
I019048,True
I019049,True
I019050,False
I019051,False
I019052,False
I019054,True
I019055,False
I019058,True
I019060,True
I019061,False
I019062,False
I019068,True
I019071,True
I019072,False
I019073,False
I019074,False
I019075,True
I019076,False
I019079,False
I019081,False
I019082,False
I019083,True
I019085,True
I019086,True
I019088,True
I019089,True
I019090,False
I019091,False
I019092,False
I019093,True
I019094,True
I019095,True
I019098,False
I019100,False
I019101,True
I019104,True
I019106,True
I019107,False
I019109,False
I019110,True
I019111,False
I019113,True
I019116,True
I019118,False
I019119,True
I019120,False
I019121,True
I019122,True
I019123,True
I019125,True
I019126,True
I019127,True
I019128,False
I019132,False
I019133,False
I019136,True
I019137,False
I019142,True
I019143,True
I019144,False
I019145,False
I019146,True
I019147,False
I019148,False
I019150,True
I019152,True
I019153,True
I019154,False
I019156,False
I019157,True
I019160,True
I019161,False
I019162,True
I019163,True
I019164,False
I019165,False
I019166,True
I019167,False
I019168,True
I019170,True
I019173,False
I019174,False
I019176,True
I019177,True
I019178,True
I019181,True
I019182,False
I019183,True
I019184,False
I019185,True
I019186,False
I019187,False
I019189,True
I019190,True
I019191,True
I019192,True
I019194,False
I019196,True
I019197,True
I019198,False
I019200,True
I019201,True
I019202,False
I019204,False
I019205,False
I019208,True
I019209,False
I019210,True
I019211,False
I019213,True
I019214,False
I019215,True
I019216,True
I019218,True
I019219,False
I019222,False
I019224,True
I019225,False
I019226,True
I019227,False
I019228,True
I019229,True
I019230,False
I019231,False
I019232,False
I019237,True
I019238,False
I019239,True
I019240,True
I019242,True
I019245,False
I019246,False
I019249,False
I019250,True
I019252,False
I019253,False
I019255,False
I019256,False
I019257,False
I019258,True
I019259,True
I019260,True
I019262,False
I019263,False
I019264,False
I019266,True
I019267,True
I019269,True
I019270,False
I019271,True
I019272,False
I019273,False
I019274,True
I019275,True
I019276,True
I019279,True
I019280,True
I019281,True
I019282,True
I019283,True
I019284,False
I019285,True
I019286,True
I019288,True
I019289,False
I019290,True
I019291,False
I019292,True
I019295,True
I019296,True
I019298,True
I019301,True
I019302,False
I019303,False
I019304,True
I019305,False
I019306,True
I019308,False
I019309,False
I019311,False
I019312,True
I019314,True
I019316,True
I019317,True
I019319,True
I019322,True
I019324,True
I019325,True
I019326,False
I019327,True
I019328,False
I019331,True
I019333,False
I019334,False
I019336,True
I019337,True
I019339,True
I019340,False
I019341,True
I019343,False
I019345,False
I019346,True
I019347,True
I019348,True
I019349,False
I019351,False
I019352,False
I019353,True
I019354,True
I019355,True
I019358,False
I019359,False
I019360,True
I019361,True
I019362,True
I019363,True
I019365,True
I019366,True
I019367,True
I019368,False
I019370,True
I019372,True
I019373,True
I019374,False
I019375,False
I019376,False
I019377,False
I019378,True
I019379,False
I019380,False
I019382,True
I019383,False
I019385,True
I019387,True
I019388,True
I019389,True
I019394,True
I019395,True
I019396,False
I019397,True
I019398,True
I019401,True
I019402,False
I019403,True
I019404,False
I019405,False
I019407,False
I019408,False
I019409,False
I019410,True
I019411,False
I019413,True
I019416,True
I019417,False
I019418,True
I019419,False
I019420,True
I019421,True
I019423,True
I019424,False
I019425,False
I019428,False
I019431,True
I019432,True
I019434,True
I019435,True
I019436,True
I019437,False
I019438,True
I019440,False
I019441,False
I019443,True
I019444,True
I019445,True
I019446,True
I019447,True
I019448,True
I019449,True
I019450,True
I019453,False
I019454,True
I019455,True
I019457,False
I019459,True
I019460,False
I019461,True
I019466,False
I019467,False
I019468,True
I019469,False
I019470,False
I019471,False
I019472,True
I019473,True
I019474,True
I019475,True
I019476,True
I019477,False
I019478,False
I019479,False
I019481,True
I019483,True
I019484,True
I019485,False
I019486,True
I019487,True
I019488,True
I019489,True
I019490,False
I019491,False
I019493,False
I019494,True
I019495,True
I019497,True
I019498,True
I019499,False
I019501,True
I019502,True
I019503,True
I019505,False
I019506,False
I019507,True
I019508,False
I019510,False
I019511,True
I019512,True
I019513,True
I019514,True
I019516,True
I019517,True
I019518,False
I019519,True
I019520,True
I019523,True
I019524,True
I019525,True
I019526,True
I019529,True
I019530,False
I019531,True
I019532,True
I019535,False
I019536,True
I019538,True
I019540,True
I019542,False
I019543,False
I019544,False
I019545,False
I019546,False
I019548,False
I019550,False
I019551,False
I019552,True
I019553,True
I019554,True
I019555,True
I019556,True
I019558,True
I019559,False
I019560,True
I019562,False
I019563,False
I019564,True
I019565,False
I019566,True
I019567,False
I019570,False
I019571,False
I019572,False
I019573,False
I019574,True
I019576,True
I019577,True
I019578,True
I019581,True
I019582,True
I019583,False
I019584,True
I019585,False
I019586,True
I019587,True
I019588,True
I019593,False
I019594,True
I019595,False
I019596,False
I019598,True
I019599,False
I019601,True
I019602,True
I019604,False
I019605,True
I019609,True
I019610,True
I019611,True
I019612,False
I019613,True
I019614,False
I019615,True
I019616,True
I019617,True
I019620,True
I019621,False
I019622,True
I019624,True
I019625,False
I019627,True
I019628,False
I019629,False
I019630,True
I019632,True
I019634,False
I019638,False
I019639,True
I019640,True
I019641,False
I019642,True
I019644,True
I019645,False
I019646,True
I019647,True
I019650,False
I019651,True
I019652,False
I019654,True
I019655,False
I019657,True
I019660,True
I019663,True
I019664,False
I019667,False
I019669,True
I019670,True
I019671,False
I019672,True
I019673,True
I019674,True
I019675,True
I019676,False
I019677,False
I019678,True
I019679,True
I019681,True
I019682,True
I019683,True
I019684,False
I019685,False
I019686,True
I019687,True
I019689,True
I019691,True
I019692,False
I019695,False
I019696,True
I019698,True
I019700,True
I019702,True
I019703,False
I019704,False
I019706,False
I019707,True
I019708,False
I019709,False
I019710,False
I019711,False
I019713,True
I019714,False
I019715,True
I019716,True
I019717,True
I019718,True
I019720,True
I019722,False
I019723,False
I019724,False
I019727,True
I019728,False
I019729,True
I019731,True
I019732,True
I019734,True
I019735,True
I019736,True
I019737,True
I019738,False
I019740,True
I019742,False
I019745,False
I019746,True
I019747,True
I019748,True
I019752,False
I019753,False
I019754,True
I019755,False
I019756,False
I019757,False
I019758,False
I019760,True
I019762,False
I019763,False
I019764,True
I019765,True
I019767,False
I019769,True
I019770,False
I019771,True
I019772,False
I019774,True
I019775,False
I019777,False
I019778,True
I019779,False
I019781,False
I019782,True
I019784,True
I019786,True
I019787,True
I019788,True
I019790,True
I019791,False
I019793,False
I019794,True
I019797,True
I019798,True
I019799,True
I019801,False
I019803,False
I019804,True
I019805,True
I019806,False
I019809,False
I019810,True
I019812,False
I019813,False
I019814,True
I019815,True
I019816,True
I019817,True
I019818,True
I019821,False
I019823,True
I019825,True
I019826,False
I019827,False
I019829,False
I019830,False
I019832,True
I019833,False
I019834,True
I019835,True
I019836,False
I019837,True
I019839,False
I019841,False
I019842,False
I019843,False
I019845,False
I019846,False
I019847,True
I019849,True
I019850,False
I019852,True
I019853,True
I019854,True
I019857,True
I019859,False
I019860,False
I019862,True
I019864,True
I019865,True
I019866,True
I019867,True
I019868,True
I019869,False
I019870,False
I019871,True
I019872,True
I019874,False
I019875,False
I019877,True
I019878,False
I019879,False
I019880,True
I019881,False
I019882,True
I019883,False
I019884,True
I019885,True
I019887,False
I019888,False
I019889,True
I019890,True
I019891,False
I019894,True
I019895,True
I019896,True
I019897,False
I019898,True
I019899,False
I019900,False
I019901,False
I019903,True
I019906,False
I019910,False
I019911,False
I019912,True
I019914,True
I019915,True
I019917,True
I019918,False
I019919,False
I019920,False
I019921,True
I019922,True
I019923,False
I019924,True
I019925,False
I019927,True
I019928,False
I019929,True
I019930,False
I019931,False
I019932,True
I019933,False
I019934,True
I019936,True
I019942,True
I019943,False
I019945,True
I019946,True
I019948,True
I019949,False
I019950,False
I019953,True
I019954,False
I019955,False
I019956,True
I019957,True
I019959,False
I019962,False
I019963,True
I019965,False
I019967,True
I019968,True
I019969,True
I019970,False
I019972,False
I019973,False
I019976,False
I019977,False
I019978,True
I019979,False
I019980,False
I019981,False
I019982,False
I019984,True
I019985,True
I019988,False
I019989,True
I019990,True
I019993,True
I019994,True
I019995,False
I019996,True
I019997,False
I019998,False
I019999,True
I020000,True
I020001,True
I020002,False
I020005,False
I020008,True
I020011,True
I020012,False
I020013,False
I020014,False
I020015,False
I020016,True
I020018,True
I020019,True
I020020,False
I020021,True
I020023,False
I020024,False
I020025,True
I020026,False
I020027,True
I020030,False
I020031,True
I020033,False
I020034,True
I020035,False
I020037,False
I020038,False
I020039,True
I020041,True
I020042,True
I020043,True
I020046,False
I020047,False
I020048,False
I020049,True
I020050,True
I020051,True
I020053,True
I020054,False
I020055,False
I020056,True
I020058,False
I020060,True
I020061,True
I020062,False
I020063,False
I020064,True
I020065,True
I020066,False
I020069,False
I020071,True
I020072,True
I020073,True
I020074,True
I020075,True
I020076,False
I020078,True
I020079,True
I020080,False
I020082,False
I020083,False
I020084,True
I020085,True
I020086,True
I020087,True
I020088,False
I020089,True
I020091,True
I020092,False
I020095,False
I020098,False
I020099,True
I020100,True
I020101,False
I020103,False
I020104,False
I020105,True
I020107,True
I020108,True
I020109,True
I020111,False
I020112,False
I020113,True
I020114,True
I020115,False
I020116,True
I020117,False
I020119,True
I020120,False
I020121,False
I020122,True
I020123,True
I020124,True
I020125,True
I020127,True
I020129,True
I020130,True
I020131,False
I020132,False
I020133,True
I020136,False
I020138,False
I020139,True
I020142,True
I020143,False
I020145,True
I020148,True
I020149,False
I020150,True
I020151,False
I020152,True
I020153,False
I020154,False
I020155,False
I020156,True
I020157,False
I020158,False
I020159,False
I020163,True
I020164,True
I020165,True
I020166,True
I020168,True
I020169,False
I020170,True
I020171,False
I020172,True
I020173,True
I020174,True
I020177,True
I020178,True
I020179,False
I020180,True
I020181,True
I020182,True
I020184,True
I020185,True
I020186,False
I020188,True
I020190,True
I020191,False
I020192,True
I020193,True
I020194,False
I020195,False
I020198,True
I020199,True
I020201,False
I020202,False
I020203,True
I020204,False
I020207,True
I020209,False
I020210,True
I020211,True
I020212,False
I020213,True
I020214,False
I020215,True
I020217,True
I020218,True
I020219,True
I020221,False
I020222,True
I020224,False
I020225,False
I020226,False
I020227,False
I020228,False
I020230,True
I020231,True
I020232,True
I020233,True
I020235,True
I020236,True
I020237,True
I020238,False
I020239,False
I020240,True
I020242,False
I020243,False
I020245,True
I020246,False
I020247,False
I020248,False
I020250,False
I020251,False
I020252,True
I020253,False
I020254,False
I020256,True
I020258,False
I020259,False
I020261,True
I020262,False
I020264,False
I020265,True
I020266,True
I020267,False
I020268,True
I020269,False
I020271,True
I020272,True
I020274,True
I020275,False
I020277,False
I020279,True
I020280,True
I020281,False
I020283,True
I020284,True
I020285,False
I020288,False
I020289,False
I020291,True
I020292,True
I020294,False
I020295,True
I020296,False
I020297,True
I020300,False
I020302,False
I020303,True
I020304,False
I020305,True
I020306,True
I020307,True
I020309,True
I020310,False
I020312,True
I020314,False
I020316,True
I020317,False
I020318,False
I020319,False
I020321,False
I020323,True
I020325,True
I020326,True
I020327,True
I020328,True
I020330,False
I020332,True
I020335,True
I020336,False
I020338,True
I020339,True
I020341,True
I020342,True
I020344,True
I020346,True
I020348,True
I020349,True
I020352,False
I020353,True
I020354,True
I020355,True
I020357,False
I020358,True
I020361,True
I020362,False
I020364,False
I020365,True
I020366,True
I020367,False
I020368,True
I020369,True
I020371,False
I020373,True
I020374,True
I020375,False
I020376,False
I020378,False
I020379,False
I020380,True
I020381,False
I020383,False
I020384,False
I020385,True
I020386,True
I020387,True
I020389,False
I020392,False
I020394,False
I020397,False
I020398,False
I020399,True
I020401,True
I020402,False
I020403,True
I020406,True
I020407,True
I020408,False
I020410,True
I020411,True
I020412,True
I020414,True
I020415,True
I020416,False
I020417,True
I020420,False
I020421,False
I020422,True
I020423,True
I020424,True
I020425,False
I020427,False
I020428,True
I020429,False
I020430,True
I020431,True
I020432,False
I020434,False
I020435,True
I020436,True
I020437,False
I020439,True
I020440,False
I020441,True
I020442,True
I020443,False
I020445,True
I020446,False
I020447,True
I020450,False
I020452,False
I020453,False
I020454,True
I020455,False
I020456,True
I020457,True
I020458,False
I020459,False
I020460,True
I020461,True
I020462,False
I020465,False
I020466,True
I020467,False
I020468,True
I020470,False
I020471,False
I020472,True
I020473,False
I020476,True
I020477,False
I020478,False
I020480,True
I020482,True
I020485,False
I020486,True
I020487,True
I020488,True
I020492,True
I020494,True
I020496,False
I020498,False
I020500,True
I020501,True
I020504,True
I020506,True
I020507,False
I020508,False
I020509,False
I020510,False
I020512,True
I020514,True
I020515,True
I020518,True
I020519,False
I020520,True
I020522,False
I020523,True
I020524,False
I020525,True
I020526,True
I020527,True
I020528,False
I020530,False
I020531,True
I020532,False
I020533,True
I020534,False
I020535,False
I020536,True
I020538,False
I020541,True
I020542,True
I020544,True
I020545,True
I020546,False
I020547,True
I020549,False
I020550,False
I020552,False
I020553,False
I020554,False
I020555,True
I020556,True
I020557,True
I020559,True
I020560,True
I020562,True
I020563,True
I020564,True
I020567,False
I020568,True
I020569,True
I020570,False
I020571,True
I020572,False
I020578,True
I020579,False
I020580,False
I020582,False
I020584,False
I020585,True
I020586,False
I020587,True
I020588,False
I020589,False
I020590,False
I020591,False
I020593,False
I020595,True
I020597,True
I020598,True
I020599,False
I020600,True
I020601,True
I020602,True
I020603,False
I020604,True
I020605,True
I020607,True
I020608,False
I020609,False
I020610,True
I020611,False
I020612,True
I020614,False
I020615,True
I020616,False
I020617,False
I020618,True
I020620,False
I020621,False
I020622,True
I020623,False
I020624,True
I020625,False
I020627,True
I020629,True
I020630,True
I020631,False
I020633,False
I020634,False
I020636,False
I020637,True
I020638,True
I020639,False
I020640,False
I020641,False
I020642,True
I020643,True
I020644,True
I020645,True
I020646,False
I020647,True
I020648,True
I020649,True
I020650,False
I020651,False
I020653,False
I020654,False
I020655,False
I020656,True
I020657,False
I020658,True
I020659,True
I020660,False
I020661,False
I020662,False
I020663,False
I020666,False
I020668,True
I020670,True
I020673,False
I020674,False
I020675,True
I020680,False
I020681,False
I020682,False
I020683,False
I020684,False
I020685,False
I020686,False
I020688,True
I020691,False
I020692,True
I020694,False
I020695,False
I020697,True
I020698,True
I020700,False
I020701,True
I020702,True
I020703,False
I020704,True
I020706,False
I020709,True
I020711,True
I020712,True
I020713,False
I020716,True
I020717,False
I020721,True
I020722,True
I020723,True
I020724,True
I020725,True
I020726,False
I020728,False
I020729,True
I020730,True
I020731,False
I020733,True
I020735,True
I020737,True
I020739,True
I020740,False
I020742,False
I020743,True
I020745,True
I020746,False
I020747,False
I020748,False
I020749,False
I020751,False
I020752,True
I020753,True
I020755,False
I020756,False
I020757,False
I020758,True
I020759,True
I020760,False
I020761,True
I020762,True
I020763,True
I020764,False
I020766,True
I020767,True
I020768,True
I020772,True
I020773,False
I020775,False
I020778,True
I020780,True
I020781,False
I020782,False
I020783,False
I020784,False
I020785,False
I020787,False
I020789,True
I020790,False
I020791,False
I020792,True
I020794,False
I020795,True
I020798,True
I020800,True
I020801,True
I020803,True
I020805,False
I020809,True
I020810,False
I020813,True
I020814,False
I020815,True
I020816,False
I020817,True
I020818,False
I020820,True
I020821,True
I020823,True
I020825,False
I020826,True
I020829,True
I020830,False
I020832,False
I020834,False
I020835,True
I020836,False
I020837,False
I020838,False
I020839,True
I020840,True
I020841,False
I020842,False
I020843,True
I020844,True
I020846,True
I020848,True
I020850,True
I020851,True
I020853,True
I020854,False
I020855,True
I020857,False
I020859,False
I020860,True
I020861,True
I020862,False
I020864,True
I020865,True
I020866,True
I020867,True
I020868,True
I020869,False
I020871,False
I020872,True
I020873,False
I020875,True
I020878,False
I020879,False
I020884,True
I020885,False
I020886,True
I020887,False
I020888,False
I020889,False
I020890,True
I020892,False
I020893,True
I020894,True
I020895,False
I020896,False
I020898,True
I020900,True
I020901,True
I020903,False
I020904,True
I020905,False
I020906,True
I020907,True
I020909,False
I020912,True
I020913,True
I020914,True
I020915,False
I020916,False
I020918,False
I020921,True
I020922,True
I020923,False
I020927,False
I020929,False
I020932,False
I020933,False
I020934,True
I020935,False
I020937,False
I020940,False
I020942,True
I020943,True
I020944,True
I020946,True
I020947,False
I020948,False
I020949,True
I020951,True
I020952,False
I020954,True
I020955,True
I020956,True
I020957,True
I020960,False
I020962,False
I020963,False
I020965,True
I020967,True
I020968,False
I020969,True
I020970,True
I020971,False
I020972,False
I020973,False
I020974,False
I020976,False
I020977,True
I020978,True
I020983,False
I020984,True
I020986,True
I020987,True
I020988,True
I020989,True
I020990,True
I020992,True
I020993,True
I020995,True
I020996,True
I020998,False
I020999,True
I021001,True
I021002,True
I021003,False
I021005,False
I021008,True
I021010,True
I021012,True
I021013,False
I021014,False
I021015,True
I021018,False
I021019,True
I021020,False
I021021,False
I021023,False
I021024,True
I021025,True
I021026,True
I021028,False
I021029,True
I021030,True
I021032,False
I021034,False
I021035,False
I021036,False
I021038,True
I021039,True
I021042,True
I021043,True
I021045,False
I021046,True
I021047,True
I021048,False
I021049,True
I021051,True
I021052,True
I021053,True
I021054,True
I021055,True
I021056,True
I021057,True
I021058,False
I021059,True
I021060,True
I021062,True
I021064,True
I021065,False
I021069,True
I021070,False
I021072,True
I021073,True
I021075,False
I021076,False
I021078,True
I021082,False
I021083,False
I021085,True
I021086,True
I021087,True
I021088,True
I021090,True
I021091,False
I021092,False
I021094,False
I021095,False
I021096,False
I021097,True
I021098,False
I021100,True
I021101,True
I021102,True
I021103,True
I021104,True
I021105,True
I021106,True
I021107,False
I021108,False
I021113,False
I021114,True
I021115,True
I021117,False
I021119,False
I021120,True
I021121,False
I021122,True
I021123,False
I021124,True
I021125,True
I021126,False
I021127,False
I021128,True
I021129,True
I021132,False
I021133,True
I021136,True
I021137,True
I021138,False
I021139,True
I021140,False
I021141,True
I021144,True
I021145,False
I021147,False
I021149,True
I021151,False
I021152,True
I021153,True
I021154,False
I021155,False
I021156,True
I021157,False
I021158,False
I021159,False
I021160,False
I021162,True
I021163,False
I021164,True
I021166,False
I021167,True
I021168,True
I021169,True
I021170,True
I021173,True
I021175,False
I021176,False
I021177,True
I021178,False
I021180,True
I021181,False
I021182,False
I021183,False
I021184,True
I021186,False
I021188,True
I021191,True
I021192,True
I021193,True
I021194,True
I021197,True
I021198,True
I021201,True
I021202,True
I021204,True
I021205,False
I021209,True
I021210,True
I021212,False
I021213,False
I021214,False
I021215,True
I021216,False
I021217,False
I021219,False
I021220,False
I021222,False
I021225,True
I021226,True
I021227,False
I021228,False
I021231,False
I021232,False
I021233,True
I021234,True
I021235,False
I021236,False
I021237,True
I021238,True
I021239,False
I021240,True
I021241,True
I021242,False
I021243,True
I021245,False
I021246,False
I021248,True
I021249,True
I021251,False
I021252,True
I021253,True
I021254,True
I021255,False
I021256,True
I021257,True
I021258,False
I021259,False
I021260,True
I021261,True
I021262,True
I021265,True
I021266,False
I021267,False
I021273,True
I021274,True
I021275,False
I021276,False
I021277,False
I021278,False
I021279,True
I021280,False
I021282,True
I021283,True
I021284,True
I021285,True
I021287,True
I021290,False
I021291,True
I021292,False
I021293,True
I021295,True
I021297,False
I021298,True
I021299,False
I021302,False
I021303,False
I021304,True
I021306,True
I021307,False
I021309,True
I021310,True
I021311,True
I021312,True
I021315,True
I021317,True
I021318,True
I021319,False
I021320,True
I021321,False
I021322,False
I021323,False
I021324,False
I021325,True
I021326,False
I021327,True
I021328,False
I021329,False
I021330,True
I021331,False
I021332,True
I021333,True
I021336,True
I021337,True
I021338,False
I021339,False
I021340,True
I021341,True
I021342,True
I021343,True
I021345,False
I021346,True
I021347,True
I021348,True
I021350,True
I021351,False
I021353,True
I021354,False
I021355,False
I021356,False
I021357,False
I021358,True
I021360,False
I021361,True
I021362,False
I021363,False
I021364,True
I021365,False
I021367,False
I021370,False
I021372,True
I021373,False
I021374,True
I021375,True
I021376,False
I021377,False
I021378,False
I021380,True
I021381,False
I021382,True
I021384,False
I021385,False
I021386,True
I021387,False
I021390,True
I021391,True
I021392,True
I021393,True
I021395,False
I021396,False
I021397,False
I021398,True
I021399,True
I021400,False
I021402,False
I021403,True
I021404,False
I021406,True
I021408,True
I021410,True
I021411,False
I021413,False
I021414,True
I021416,True
I021417,True
I021418,True
I021422,True
I021423,True
I021427,True
I021428,True
I021429,False
I021430,True
I021431,True
I021434,False
I021435,True
I021436,True
I021437,False
I021440,True
I021442,False
I021443,False
I021444,True
I021445,True
I021446,True
I021448,False
I021449,True
I021450,False
I021451,True
I021453,False
I021454,True
I021455,True
I021456,False
I021459,True
I021461,False
I021463,True
I021464,True
I021465,True
I021467,True
I021468,True
I021469,False
I021470,True
I021471,False
I021473,True
I021474,False
I021476,False
I021477,False
I021478,True
I021481,False
I021483,True
I021484,False
I021486,False
I021487,False
I021492,False
I021493,False
I021494,False
I021496,True
I021499,True
I021500,False
I021502,False
I021505,True
I021506,True
I021507,True
I021508,True
I021511,False
I021512,True
I021513,False
I021514,True
I021515,True
I021516,True
I021518,False
I021519,True
I021520,False
I021521,True
I021522,False
I021523,True
I021524,True
I021525,False
I021526,True
I021528,False
I021529,False
I021530,False
I021531,True
I021532,True
I021535,True
I021537,False
I021538,True
I021539,True
I021540,True
I021541,True
I021542,False
I021544,True
I021545,False
I021546,True
I021547,False
I021548,False
I021549,True
I021550,False
I021552,True
I021554,True
I021555,False
I021556,True
I021557,False
I021558,False
I021559,True
I021560,True
I021561,False
I021562,True
I021564,True
I021569,False
I021570,True
I021571,True
I021572,True
I021573,False
I021574,False
I021577,False
I021578,False
I021579,True
I021582,True
I021584,True
I021585,True
I021586,True
I021587,True
I021588,True
I021590,False
I021593,True
I021594,True
I021595,False
I021596,False
I021597,False
I021598,False
I021600,False
I021601,True
I021604,False
I021609,True
I021611,False
I021613,True
I021614,True
I021615,False
I021616,True
I021617,False
I021619,True
I021620,True
I021624,True
I021625,False
I021626,False
I021627,True
I021628,True
I021629,False
I021630,True
I021632,False
I021635,False
I021636,True
I021638,False
I021639,True
I021641,False
I021642,False
I021644,False
I021645,True
I021647,False
I021649,False
I021650,True
I021651,True
I021653,False
I021654,True
I021655,True
I021657,False
I021658,True
I021660,False
I021661,False
I021662,True
I021664,True
I021665,False
I021666,True
I021667,True
I021668,True
I021669,True
I021670,True
I021671,False
I021672,True
I021673,False
I021676,False
I021677,True
I021679,True
I021680,True
I021681,False
I021682,True
I021683,False
I021684,True
I021685,True
I021686,False
I021688,True
I021689,True
I021690,False
I021691,False
I021693,False
I021696,False
I021697,False
I021699,False
I021701,False
I021702,True
I021703,True
I021704,True
I021708,False
I021710,True
I021711,False
I021714,True
I021715,False
I021717,False
I021719,True
I021721,True
I021723,False
I021726,True
I021727,True
I021728,False
I021730,False
I021731,False
I021732,False
I021733,False
I021734,True
I021735,True
I021737,True
I021739,False
I021740,True
I021741,False
I021744,True
I021745,True
I021747,True
I021748,True
I021749,True
I021752,False
I021754,False
I021755,True
I021756,False
I021757,True
I021760,True
I021761,True
I021763,False
I021765,True
I021766,False
I021767,False
I021768,False
I021769,True
I021770,False
I021771,False
I021773,True
I021774,True
I021777,True
I021778,True
I021780,True
I021781,True
I021783,True
I021784,True
I021789,False
I021790,False
I021792,False
I021793,True
I021794,False
I021795,True
I021797,True
I021798,True
I021799,False
I021801,False
I021802,True
I021803,True
I021805,False
I021806,False
I021807,True
I021808,True
I021809,True
I021810,False
I021811,True
I021812,True
I021813,True
I021815,False
I021817,False
I021818,True
I021819,False
I021820,True
I021821,False
I021824,True
I021827,False
I021828,False
I021829,False
I021830,True
I021833,True
I021834,True
I021835,True
I021836,False
I021838,False
I021841,True
I021842,False
I021843,False
I021844,True
I021845,False
I021846,False
I021848,True
I021849,False
I021850,False
I021851,True
I021853,True
I021854,True
I021855,False
I021856,False
I021857,False
I021859,True
I021860,True
I021861,False
I021862,False
I021863,True
I021864,False
I021865,False
I021866,True
I021868,True
I021869,False
I021871,True
I021875,False
I021876,False
I021878,True
I021879,True
I021880,True
I021881,True
I021885,True
I021886,True
I021888,False
I021890,True
I021891,False
I021892,False
I021896,True
I021898,True
I021899,False
I021901,False
I021903,False
I021905,False
I021906,True
I021907,False
I021908,False
I021909,True
I021911,True
I021912,False
I021913,True
I021914,True
I021915,True
I021917,False
I021919,True
I021920,False
I021922,True
I021923,True
I021924,False
I021925,True
I021927,True
I021928,True
I021929,True
I021930,True
I021932,True
I021933,False
I021935,True
I021936,False
I021939,True
I021940,True
I021941,False
I021942,False
I021943,True
I021945,False
I021947,False
I021948,True
I021949,True
I021950,False
I021952,False
I021953,False
I021955,True
I021959,True
I021960,True
I021961,False
I021962,True
I021964,False
I021965,False
I021966,True
I021967,True
I021969,False
I021970,True
I021972,False
I021975,False
I021976,True
I021978,True
I021979,True
I021982,True
I021985,True
I021988,False
I021989,True
I021990,True
I021991,True
I021992,True
I021993,False
I021995,False
I021996,False
I021997,True
I021998,False
I022000,False
I022001,True
I022002,False
I022004,False
I022005,True
I022006,False
I022007,False
I022008,False
I022010,True
I022011,True
I022012,False
I022013,True
I022014,True
I022015,True
I022016,False
I022017,False
I022018,False
I022019,False
I022020,False
I022021,False
I022022,False
I022023,True
I022024,False
I022025,False
I022026,True
I022028,False
I022029,False
I022030,True
I022031,False
I022033,True
I022036,False
I022037,False
I022038,False
I022040,False
I022041,False
I022042,True
I022043,True
I022044,False
I022045,True
I022047,False
I022048,False
I022050,True
I022051,False
I022052,True
I022053,True
I022054,True
I022057,True
I022059,True
I022062,False
I022065,True
I022066,True
I022067,False
I022068,False
I022069,True
I022070,False
I022071,False
I022072,True
I022073,False
I022074,True
I022075,True
I022076,True
I022077,True
I022078,True
I022079,True
I022080,False
I022086,False
I022087,True
I022088,True
I022089,False
I022091,False
I022092,False
I022094,False
I022096,False
I022097,True
I022100,False
I022101,False
I022103,True
I022104,False
I022105,False
I022106,False
I022107,True
I022108,True
I022109,True
I022110,False
I022111,True
I022114,False
I022115,True
I022118,False
I022120,False
I022123,False
I022125,False
I022126,True
I022127,False
I022128,False
I022129,True
I022131,True
I022132,False
I022133,True
I022137,False
I022138,False
I022141,False
I022142,True
I022146,True
I022147,False
I022149,True
I022151,True
I022152,True
I022153,False
I022154,False
I022155,False
I022156,True
I022157,True
I022162,True
I022163,True
I022165,False
I022166,True
I022167,True
I022168,True
I022169,True
I022170,False
I022171,True
I022172,False
I022173,False
I022175,True
I022176,True
I022177,False
I022178,True
I022179,True
I022181,True
I022182,False
I022185,False
I022186,True
I022187,True
I022188,True
I022189,True
I022190,False
I022192,False
I022194,True
I022195,True
I022197,False
I022198,True
I022199,True
I022201,False
I022202,True
I022203,False
I022204,False
I022205,True
I022206,False
I022209,True
I022210,False
I022211,True
I022212,False
I022213,True
I022215,True
I022217,False
I022218,False
I022221,False
I022225,True
I022226,True
I022227,True
I022228,True
I022229,True
I022230,True
I022232,False
I022233,True
I022234,True
I022235,False
I022236,False
I022237,True
I022239,True
I022240,True
I022244,False
I022245,False
I022247,True
I022248,True
I022249,False
I022250,True
I022251,False
I022253,False
I022255,True
I022256,False
I022258,False
I022260,False
I022263,True
I022264,True
I022265,True
I022268,False
I022269,True
I022270,True
I022271,False
I022272,False
I022273,True
I022274,False
I022275,True
I022276,False
I022277,False
I022278,False
I022279,False
I022280,True
I022282,False
I022283,False
I022284,True
I022285,True
I022287,False
I022288,True
I022289,True
I022290,True
I022291,False
I022293,False
I022294,False
I022296,True
I022297,False
I022298,True
I022301,True
I022308,False
I022309,True
I022311,True
I022312,False
I022313,False
I022314,True
I022316,True
I022318,False
I022319,False
I022320,True
I022325,True
I022326,False
I022327,False
I022328,True
I022329,False
I022330,True
I022331,False
I022332,False
I022334,True
I022336,False
I022337,False
I022338,True
I022339,True
I022340,True
I022341,False
I022342,False
I022343,True
I022346,False
I022347,False
I022348,True
I022349,False
I022350,False
I022352,False
I022353,True
I022354,True
I022355,True
I022356,True
I022357,True
I022359,True
I022360,True
I022361,False
I022362,False
I022363,False
I022364,False
I022365,False
I022369,True
I022370,False
I022371,False
I022372,True
I022373,True
I022374,True
I022375,True
I022376,True
I022377,True
I022378,True
I022379,True
I022380,False
I022381,False
I022383,False
I022385,True
I022388,False
I022389,False
I022390,False
I022391,False
I022393,True
I022394,True
I022396,True
I022398,True
I022399,True
I022400,True
I022402,True
I022403,False
I022404,True
I022405,False
I022406,True
I022408,True
I022409,False
I022410,True
I022411,False
I022412,False
I022413,False
I022415,False
I022416,False
I022417,True
I022419,False
I022421,False
I022422,True
I022424,False
I022428,True
I022431,True
I022432,True
I022435,True
I022437,True
I022438,True
I022440,False
I022441,False
I022442,True
I022443,True
I022445,True
I022446,False
I022447,True
I022448,False
I022450,False
I022453,True
I022455,False
I022457,True
I022458,False
I022459,True
I022460,True
I022461,True
I022463,False
I022464,False
I022467,True
I022468,False
I022469,True
I022471,True
I022472,True
I022473,True
I022475,False
I022476,True
I022478,True
I022479,True
I022480,True
I022481,True
I022482,False
I022486,False
I022488,False
I022489,True
I022490,False
I022491,True
I022495,True
I022497,False
I022498,False
I022499,True
I022500,False
I022501,True
I022502,False
I022503,True
I022505,True
I022506,True
I022508,True
I022509,True
I022510,True
I022514,False
I022515,False
I022516,False
I022517,True
I022519,False
I022521,True
I022522,True
I022523,True
I022524,True
I022525,True
I022526,False
I022527,True
I022529,True
I022530,True
I022532,True
I022534,True
I022537,True
I022539,True
I022542,False
I022546,False
I022547,True
I022548,True
I022549,True
I022551,False
I022552,True
I022553,True
I022555,False
I022557,False
I022559,False
I022560,True
I022561,True
I022563,False
I022566,False
I022567,False
I022568,False
I022570,False
I022573,False
I022575,False
I022576,False
I022578,False
I022580,True
I022581,True
I022582,True
I022584,False
I022585,False
I022586,False
I022589,True
I022590,False
I022591,True
I022592,True
I022596,False
I022597,True
I022598,True
I022599,True
I022601,False
I022602,True
I022603,False
I022605,True
I022606,False
I022607,True
I022608,False
I022609,False
I022610,True
I022612,False
I022613,False
I022615,True
I022616,True
I022617,True
I022618,True
I022621,False
I022624,True
I022625,True
I022626,True
I022629,False
I022630,False
I022631,True
I022632,True
I022633,False
I022634,True
I022636,True
I022638,True
I022639,True
I022641,True
I022643,False
I022644,True
I022645,False
I022646,False
I022648,True
I022649,False
I022651,False
I022653,False
I022654,True
I022655,False
I022656,True
I022657,True
I022658,False
I022659,True
I022660,False
I022661,True
I022662,False
I022664,False
I022666,True
I022667,False
I022669,True
I022670,True
I022671,True
I022674,False
I022675,False
I022676,True
I022677,True
I022679,True
I022680,False
I022681,True
I022682,False
I022684,True
I022685,True
I022686,False
I022689,True
I022690,True
I022692,True
I022693,False
I022695,False
I022696,False
I022699,True
I022702,True
I022703,True
I022705,True
I022707,True
I022709,True
I022710,False
I022716,False
I022719,True
I022721,True
I022722,False
I022723,True
I022724,True
I022725,False
I022726,True
I022727,True
I022729,False
I022730,False
I022731,True
I022733,True
I022734,False
I022735,True
I022736,True
I022737,False
I022738,False
I022739,False
I022740,True
I022741,True
I022742,False
I022743,False
I022744,True
I022745,True
I022746,False
I022747,False
I022750,True
I022752,True
I022753,True
I022754,False
I022755,True
I022756,False
I022757,True
I022759,True
I022760,False
I022763,True
I022764,False
I022765,True
I022766,False
I022768,False
I022770,True
I022771,False
I022772,True
I022773,False
I022774,True
I022776,False
I022777,True
I022778,False
I022780,True
I022782,False
I022783,True
I022784,False
I022785,False
I022786,True
I022787,False
I022789,False
I022791,True
I022792,False
I022793,False
I022794,False
I022795,False
I022796,True
I022797,True
I022798,True
I022799,True
I022800,True
I022801,True
I022802,False
I022803,False
I022804,False
I022805,False
I022806,True
I022807,True
I022809,True
I022810,False
I022811,True
I022812,False
I022813,False
I022814,True
I022815,True
I022817,True
I022818,True
I022819,False
I022821,True
I022822,True
I022823,False
I022824,False
I022825,False
I022826,True
I022827,False
I022828,True
I022829,True
I022830,False
I022831,False
I022833,False
I022834,True
I022835,False
I022837,True
I022838,True
I022841,True
I022842,False
I022843,True
I022844,True
I022846,True
I022848,False
I022849,True
I022850,True
I022851,True
I022852,False
I022853,False
I022855,False
I022857,False
I022858,True
I022859,True
I022860,False
I022861,True
I022862,False
I022863,True
I022865,True
I022867,False
I022868,True
I022869,False
I022870,True
I022872,False
I022873,True
I022874,True
I022876,True
I022878,True
I022879,True
I022880,False
I022881,True
I022882,False
I022883,True
I022884,False
I022885,True
I022886,True
I022891,False
I022893,True
I022895,False
I022897,True
I022898,False
I022899,False
I022901,False
I022902,False
I022903,True
I022904,False
I022905,False
I022906,True
I022907,True
I022909,False
I022910,False
I022911,True
I022912,True
I022915,False
I022917,False
I022918,False
I022919,True
I022920,False
I022924,False
I022925,False
I022928,True
I022929,False
I022932,False
I022933,False
I022934,False
I022935,True
I022938,False
I022939,False
I022941,True
I022942,True
I022944,True
I022945,False
I022948,False
I022949,False
I022950,False
I022951,True
I022952,True
I022953,False
I022955,True
I022958,False
I022959,False
I022960,False
I022963,False
I022964,True
I022965,True
I022966,True
I022967,False
I022968,True
I022969,False
I022970,False
I022972,True
I022973,True
I022974,True
I022978,True
I022979,True
I022980,True
I022981,False
I022982,True
I022983,False
I022985,False
I022988,True
I022989,False
I022990,True
I022991,False
I022992,False
I022993,True
I022994,True
I022998,True
I022999,True
I023000,True
I023001,True
I023003,False
I023004,True
I023005,False
I023006,True
I023008,True
I023009,False
I023010,False
I023011,True
I023012,True
I023013,False
I023017,False
I023019,True
I023020,False
I023021,True
I023022,False
I023023,False
I023024,False
I023025,True
I023026,True
I023027,True
I023028,True
I023029,True
I023032,True
I023033,True
I023034,False
I023038,True
I023039,False
I023041,True
I023042,True
I023044,True
I023046,True
I023050,False
I023052,False
I023053,True
I023054,False
I023055,False
I023056,False
I023057,True
I023058,False
I023059,True
I023061,True
I023063,True
I023064,False
I023065,False
I023066,False
I023067,False
I023069,True
I023071,True
I023075,False
I023076,True
I023077,False
I023079,True
I023081,True
I023082,True
I023084,False
I023085,True
I023086,False
I023087,False
I023089,True
I023090,True
I023091,False
I023092,True
I023093,False
I023094,True
I023096,True
I023097,True
I023098,False
I023100,True
I023102,False
I023104,False
I023105,False
I023106,True
I023107,True
I023108,False
I023109,True
I023111,True
I023112,True
I023114,True
I023115,False
I023118,False
I023119,True
I023122,False
I023123,False
I023124,True
I023126,True
I023127,True
I023129,True
I023130,True
I023131,False
I023132,False
I023134,False
I023135,False
I023139,True
I023140,False
I023142,False
I023144,False
I023149,True
I023150,False
I023153,True
I023154,False
I023155,True
I023156,True
I023157,True
I023158,True
I023159,True
I023160,False
I023162,False
I023164,True
I023167,True
I023168,True
I023169,False
I023171,False
I023172,False
I023174,False
I023175,True
I023176,True
I023177,True
I023179,False
I023180,True
I023181,False
I023182,False
I023184,True
I023186,False
I023187,True
I023188,True
I023189,False
I023190,True
I023191,False
I023192,True
I023193,True
I023195,True
I023196,False
I023197,True
I023201,False
I023202,True
I023203,False
I023204,False
I023208,False
I023209,True
I023210,False
I023211,False
I023212,False
I023213,True
I023214,False
I023216,False
I023218,False
I023219,False
I023220,False
I023222,True
I023224,False
I023225,True
I023226,True
I023227,False
I023228,False
I023229,True
I023231,False
I023232,False
I023233,True
I023234,False
I023235,False
I023236,False
I023237,True
I023238,False
I023241,False
I023242,False
I023243,False
I023244,True
I023245,True
I023247,False
I023249,False
I023251,False
I023252,False
I023254,False
I023255,False
I023256,False
I023257,False
I023259,True
I023261,False
I023262,False
I023263,False
I023264,True
I023265,True
I023266,True
I023268,False
I023270,True
I023272,True
I023273,True
I023274,False
I023276,False
I023277,True
I023278,True
I023281,False
I023282,True
I023283,False
I023284,False
I023285,False
I023286,False
I023287,True
I023288,True
I023289,False
I023290,False
I023292,True
I023293,True
I023294,True
I023295,True
I023299,True
I023300,True
I023302,True
I023303,True
I023306,False
I023307,False
I023308,True
I023309,True
I023310,True
I023311,False
I023312,False
I023313,True
I023315,False
I023318,False
I023320,True
I023321,True
I023324,True
I023325,True
I023326,False
I023328,True
I023329,True
I023330,True
I023331,True
I023332,False
I023335,True
I023338,True
I023339,True
I023340,True
I023342,True
I023343,True
I023345,True
I023347,False
I023350,False
I023352,True
I023353,True
I023354,False
I023355,True
I023356,True
I023357,True
I023358,True
I023359,False
I023360,True
I023361,False
I023362,False
I023363,True
I023364,False
I023365,False
I023366,True
I023367,True
I023368,True
I023369,True
I023370,True
I023371,True
I023373,True
I023377,True
I023379,True
I023380,True
I023381,False
I023382,True
I023383,False
I023384,False
I023385,True
I023386,True
I023387,True
I023388,True
I023389,False
I023390,True
I023391,True
I023392,False
I023394,True
I023395,True
I023396,False
I023397,True
I023400,False
I023401,False
I023402,False
I023405,True
I023406,True
I023407,False
I023410,True
I023411,True
I023412,True
I023413,True
I023414,True
I023416,True
I023418,False
I023419,True
I023420,False
I023421,False
I023424,False
I023425,False
I023427,True
I023428,True
I023430,True
I023431,False
I023432,True
I023435,False
I023436,True
I023437,True
I023438,True
I023439,True
I023440,True
I023442,False
I023443,True
I023444,False
I023445,True
I023448,True
I023450,False
I023451,False
I023452,False
I023453,True
I023454,True
I023455,False
I023457,True
I023459,False
I023460,True
I023461,False
I023464,True
I023465,True
I023466,True
I023467,False
I023468,False
I023469,True
I023470,False
I023471,True
I023472,False
I023475,False
I023476,True
I023478,False
I023482,True
I023483,False
I023484,False
I023485,False
I023486,True
I023487,True
I023488,False
I023489,False
I023491,True
I023492,False
I023493,False
I023494,True
I023495,False
I023497,True
I023499,False
I023500,False
I023501,False
I023502,True
I023503,False
I023504,True
I023505,False
I023506,False
I023507,False
I023509,False
I023511,False
I023512,True
I023513,False
I023514,False
I023517,True
I023518,True
I023520,True
I023522,False
I023524,False
I023525,False
I023526,False
I023527,False
I023528,True
I023530,False
I023532,True
I023533,True
I023534,False
I023535,True
I023536,False
I023537,True
I023539,True
I023541,True
I023543,False
I023544,True
I023545,True
I023546,True
I023547,False
I023549,True
I023551,True
I023554,True
I023557,False
I023558,False
I023561,True
I023562,False
I023563,True
I023564,False
I023565,True
I023566,False
I023567,False
I023571,True
I023572,False
I023573,True
I023574,True
I023575,False
I023577,False
I023580,True
I023583,False
I023584,False
I023585,True
I023586,False
I023587,True
I023589,True
I023590,True
I023591,False
I023593,True
I023595,False
I023596,True
I023597,True
I023598,True
I023600,False
I023601,True
I023602,False
I023603,True
I023604,False
I023605,False
I023606,False
I023607,False
I023608,False
I023611,False
I023612,False
I023613,True
I023614,True
I023617,False
I023621,False
I023623,True
I023624,False
I023625,False
I023626,False
I023627,False
I023629,True
I023632,True
I023633,False
I023634,True
I023635,False
I023636,True
I023637,True
I023638,True
I023642,True
I023643,True
I023644,True
I023651,False
I023653,False
I023655,False
I023656,True
I023658,True
I023661,True
I023662,False
I023663,True
I023666,False
I023667,True
I023668,False
I023670,False
I023671,True
I023673,True
I023674,True
I023675,False
I023676,False
I023677,False
I023678,True
I023679,True
I023680,False
I023681,False
I023682,True
I023683,True
I023684,True
I023686,False
I023687,False
I023690,False
I023691,False
I023692,False
I023694,True
I023695,True
I023696,True
I023698,True
I023699,True
I023700,True
I023701,True
I023702,True
I023703,True
I023704,False
I023705,False
I023706,False
I023707,True
I023708,True
I023710,True
I023711,True
I023714,False
I023716,True
I023717,False
I023718,False
I023719,False
I023720,False
I023723,True
I023724,True
I023725,True
I023726,False
I023727,True
I023728,False
I023729,True
I023730,False
I023731,True
I023732,True
I023733,False
I023735,False
I023736,True
I023737,True
I023738,False
I023740,False
I023741,False
I023743,True
I023744,False
I023745,True
I023746,False
I023748,True
I023749,False
I023751,True
I023753,True
I023754,False
I023757,False
I023758,False
I023759,False
I023760,False
I023762,False
I023763,True
I023764,True
I023765,False
I023767,False
I023769,False
I023770,True
I023771,True
I023772,True
I023773,False
I023774,False
I023775,True
I023776,True
I023778,False
I023781,False
I023782,True
I023783,False
I023784,False
I023785,False
I023786,False
I023787,True
I023788,True
I023789,True
I023790,True
I023791,False
I023793,False
I023794,False
I023795,True
I023796,True
I023797,True
I023799,False
I023800,False
I023801,False
I023802,True
I023803,False
I023804,False
I023805,True
I023806,True
I023808,True
I023809,False
I023810,False
I023811,True
I023813,False
I023814,True
I023815,False
I023816,True
I023817,False
I023819,True
I023820,True
I023821,False
I023823,True
I023824,True
I023825,False
I023826,False
I023830,True
I023831,False
I023835,True
I023837,True
I023841,False
I023842,False
I023843,True
I023845,False
I023847,True
I023848,False
I023849,False
I023850,False
I023853,True
I023856,True
I023858,False
I023859,True
I023860,False
I023863,True
I023864,False
I023865,True
I023868,False
I023871,True
I023873,False
I023874,True
I023877,True
I023880,False
I023881,False
I023882,True
I023883,True
I023884,True
I023889,False
I023890,False
I023891,False
I023893,True
I023895,True
I023897,True
I023898,True
I023900,False
I023901,False
I023902,False
I023904,True
I023905,False
I023906,True
I023907,False
I023908,False
I023909,True
I023912,False
I023913,False
I023914,True
I023915,True
I023917,False
I023919,False
I023920,False
I023921,True
I023922,True
I023925,True
I023926,True
I023928,False
I023930,True
I023932,False
I023933,False
I023934,False
I023936,False
I023937,False
I023938,True
I023940,True
I023941,False
I023943,False
I023944,False
I023946,False
I023947,True
I023948,True
I023949,True
I023950,True
I023951,True
I023952,True
I023955,False
I023956,False
I023957,False
I023959,True
I023960,True
I023961,True
I023962,True
I023963,True
I023965,False
I023967,True
I023968,True
I023969,True
I023970,False
I023972,False
I023973,True
I023974,True
I023977,False
I023978,False
I023982,False
I023983,True
I023985,False
I023986,True
I023989,False
I023990,True
I023991,True
I023992,True
I023993,True
I023995,True
I023996,True
I023997,True
I023998,False
I023999,False
I024001,False
I024002,True
I024003,False
I024004,True
I024006,False
I024009,True
I024010,True
I024011,True
I024012,False
I024013,True
I024014,True
I024015,True
I024016,True
I024018,False
I024019,True
I024020,False
I024021,False
I024022,True
I024023,False
I024026,False
I024027,False
I024029,True
I024032,True
I024033,True
I024034,False
I024036,False
I024037,False
I024039,True
I024041,False
I024043,True
I024045,False
I024047,True
I024048,False
I024051,True
I024054,True
I024056,True
I024057,False
I024058,True
I024059,True
I024060,True
I024062,True
I024064,True
I024065,True
I024066,False
I024070,False
I024072,False
I024073,True
I024074,False
I024075,True
I024076,True
I024077,True
I024078,False
I024079,True
I024081,False
I024082,True
I024083,False
I024085,False
I024086,False
I024087,False
I024088,True
I024089,False
I024090,False
I024091,False
I024092,False
I024093,False
I024094,True
I024095,True
I024097,True
I024098,False
I024099,False
I024100,True
I024103,True
I024104,True
I024105,False
I024106,False
I024107,True
I024108,True
I024109,False
I024111,True
I024112,True
I024114,True
I024119,True
I024120,True
I024121,True
I024122,False
I024123,True
I024124,True
I024125,True
I024127,False
I024128,False
I024129,True
I024130,False
I024131,True
I024132,False
I024133,False
I024134,True
I024136,False
I024137,True
I024138,True
I024141,False
I024142,False
I024143,True
I024144,True
I024145,True
I024147,True
I024148,True
I024149,True
I024151,False
I024153,True
I024154,False
I024155,True
I024156,True
I024157,True
I024160,False
I024162,False
I024165,True
I024166,False
I024167,True
I024168,False
I024170,False
I024171,True
I024172,True
I024173,True
I024174,False
I024175,True
I024176,False
I024177,False
I024180,True
I024181,False
I024182,True
I024183,False
I024184,False
I024185,True
I024186,True
I024188,True
I024189,False
I024191,False
I024192,True
I024193,True
I024194,True
I024195,True
I024196,False
I024199,True
I024200,True
I024201,True
I024202,False
I024204,True
I024206,False
I024207,True
I024208,True
I024211,True
I024212,False
I024213,True
I024215,True
I024216,True
I024218,False
I024220,True
I024221,False
I024223,False
I024224,False
I024225,True
I024228,True
I024229,True
I024231,True
I024232,True
I024234,False
I024237,True
I024240,False
I024241,False
I024242,False
I024244,True
I024245,True
I024246,False
I024247,False
I024248,True
I024249,False
I024250,True
I024251,True
I024252,False
I024255,True
I024257,True
I024258,False
I024260,False
I024262,True
I024265,False
I024266,False
I024268,False
I024269,False
I024271,True
I024272,True
I024273,True
I024274,True
I024275,True
I024276,True
I024277,False
I024282,True
I024283,False
I024284,False
I024285,True
I024286,True
I024289,False
I024290,False
I024291,True
I024292,True
I024294,False
I024295,False
I024296,True
I024297,False
I024299,False
I024300,True
I024301,False
I024302,False
I024303,False
I024306,False
I024307,False
I024308,False
I024309,True
I024312,False
I024316,False
I024317,False
I024321,True
I024322,False
I024323,True
I024324,True
I024325,False
I024327,True
I024329,True
I024331,False
I024332,False
I024333,True
I024334,False
I024337,False
I024339,False
I024340,False
I024341,False
I024342,True
I024343,False
I024344,False
I024345,False
I024347,True
I024348,True
I024349,True
I024351,True
I024352,False
I024353,False
I024354,True
I024355,True
I024356,False
I024357,True
I024358,True
I024360,True
I024362,True
I024363,True
I024364,False
I024365,True
I024366,True
I024367,False
I024368,True
I024371,False
I024372,True
I024373,True
I024374,False
I024375,True
I024376,False
I024377,True
I024384,True
I024385,True
I024386,True
I024387,False
I024388,False
I024389,False
I024390,True
I024393,True
I024394,True
I024396,False
I024397,False
I024400,True
I024401,False
I024403,False
I024404,True
I024405,True
I024406,True
I024407,False
I024409,False
I024410,True
I024416,True
I024417,False
I024418,True
I024419,True
I024420,False
I024421,False
I024422,True
I024423,True
I024426,False
I024429,True
I024430,True
I024432,True
I024433,False
I024434,False
I024435,True
I024437,False
I024438,True
I024439,True
I024440,True
I024441,True
I024442,True
I024443,False
I024444,True
I024448,True
I024450,False
I024451,False
I024452,True
I024453,True
I024454,False
I024455,True
I024460,False
I024461,True
I024462,True
I024463,False
I024464,False
I024466,True
I024467,True
I024468,False
I024469,True
I024470,True
I024471,False
I024472,False
I024474,False
I024475,False
I024476,True
I024477,False
I024479,False
I024480,True
I024481,True
I024482,True
I024484,True
I024488,False
I024490,False
I024491,True
I024492,False
I024493,True
I024494,True
I024497,False
I024499,True
I024500,False
I024504,True
I024505,False
I024506,False
I024507,False
I024508,True
I024510,False
I024511,False
I024512,True
I024514,True
I024515,True
I024516,False
I024517,False
I024518,False
I024519,False
I024520,True
I024521,True
I024523,True
I024524,True
I024525,False
I024526,False
I024527,False
I024529,True
I024530,False
I024532,False
I024533,False
I024534,False
I024537,True
I024538,False
I024541,False
I024542,True
I024544,False
I024545,False
I024546,False
I024547,True
I024548,True
I024549,True
I024550,False
I024553,False
I024554,True
I024555,True
I024557,True
I024558,True
I024559,True
I024560,False
I024561,False
I024562,False
I024563,True
I024564,True
I024567,True
I024568,True
I024569,True
I024571,True
I024572,False
I024573,True
I024574,False
I024576,False
I024577,False
I024578,False
I024579,False
I024581,True
I024582,True
I024583,True
I024585,False
I024586,False
I024587,False
I024588,True
I024590,True
I024591,True
I024592,True
I024593,True
I024594,False
I024595,False
I024596,True
I024598,False
I024599,True
I024600,True
I024602,True
I024603,True
I024604,True
I024605,False
I024607,False
I024609,False
I024610,True
I024612,False
I024615,True
I024617,True
I024618,True
I024621,True
I024622,True
I024623,True
I024625,False
I024626,True
I024627,False
I024628,False
I024630,True
I024631,True
I024633,True
I024634,False
I024635,False
I024638,False
I024639,False
I024642,False
I024643,True
I024644,True
I024645,True
I024646,True
I024647,False
I024649,False
I024650,True
I024652,True
I024653,True
I024656,True
I024657,False
I024658,True
I024660,True
I024661,False
I024662,True
I024663,True
I024664,False
I024665,False
I024667,False
I024668,False
I024670,False
I024671,False
I024672,False
I024673,False
I024676,False
I024677,True
I024680,False
I024681,True
I024683,False
I024685,False
I024686,False
I024687,False
I024688,True
I024690,False
I024691,True
I024693,True
I024694,True
I024695,False
I024698,False
I024700,False
I024701,True
I024702,False
I024704,True
I024705,False
I024708,True
I024709,True
I024711,True
I024713,True
I024714,False
I024715,True
I024716,True
I024721,False
I024722,True
I024724,True
I024726,True
I024727,True
I024728,False
I024730,False
I024731,False
I024732,True
I024733,False
I024734,False
I024735,True
I024736,True
I024739,True
I024741,False
I024742,False
I024743,True
I024744,False
I024746,False
I024747,False
I024748,True
I024749,True
I024750,True
I024751,False
I024753,False
I024755,True
I024756,False
I024757,True
I024758,True
I024760,False
I024763,False
I024764,True
I024766,False
I024768,False
I024769,False
I024770,False
I024771,False
I024772,True
I024774,True
I024775,False
I024776,False
I024777,False
I024778,True
I024779,True
I024780,False
I024782,True
I024784,False
I024786,True
I024787,True
I024789,True
I024790,True
I024791,True
I024792,True
I024795,False
I024796,False
I024798,True
I024799,False
I024800,False
I024803,True
I024806,False
I024807,True
I024810,True
I024812,False
I024813,False
I024815,True
I024818,True
I024819,False
I024820,False
I024821,False
I024822,False
I024825,True
I024826,True
I024827,True
I024829,True
I024833,False
I024834,True
I024835,True
I024836,True
I024838,False
I024839,True
I024840,True
I024841,True
I024842,True
I024843,True
I024844,False
I024845,True
I024847,True
I024848,False
I024849,True
I024850,True
I024853,False
I024854,False
I024855,True
I024857,True
I024858,True
I024859,True
I024860,False
I024864,True
I024865,True
I024866,True
I024867,False
I024869,False
I024870,False
I024871,True
I024872,False
I024873,True
I024874,True
I024875,False
I024876,False
I024877,False
I024878,True
I024879,True
I024881,True
I024882,True
I024883,False
I024884,True
I024885,False
I024886,True
I024887,False
I024888,True
I024889,True
I024890,True
I024892,False
I024893,False
I024894,True
I024895,True
I024897,True
I024898,False
I024899,True
I024901,False
I024902,False
I024903,True
I024904,True
I024905,True
I024906,True
I024907,True
I024908,False
I024909,False
I024910,True
I024911,False
I024912,False
I024915,False
I024916,True
I024917,False
I024919,True
I024921,False
I024925,False
I024926,False
I024928,True
I024929,False
I024930,True
I024931,False
I024933,True
I024934,True
I024936,False
I024939,False
I024940,True
I024941,False
I024943,True
I024945,True
I024949,True
I024950,False
I024951,False
I024952,False
I024953,True
I024954,True
I024956,True
I024957,True
I024958,False
I024959,False
I024961,True
I024962,False
I024964,False
I024965,False
I024966,False
I024967,True
I024968,True
I024969,True
I024970,True
I024971,True
I024973,True
I024974,True
I024975,False
I024976,False
I024980,True
I024983,False
I024985,False
I024987,True
I024990,False
I024991,False
I024992,False
I024995,False
I024996,True
I024999,False
I025000,True
I025001,True
I025004,True
I025005,True
I025006,True
I025007,False
I025008,True
I025009,True
I025010,True
I025011,True
I025014,True
I025015,True
I025016,False
I025018,True
I025020,True
I025021,True
I025022,True
I025023,True
I025024,True
I025025,False
I025026,False
I025028,False
I025030,False
I025031,True
I025036,False
I025037,True
I025040,True
I025041,True
I025044,True
I025045,True
I025046,True
I025047,True
I025049,True
I025050,False
I025051,False
I025053,True
I025054,True
I025056,True
I025057,False
I025058,True
I025059,True
I025060,True
I025061,True
I025063,False
I025064,True
I025065,True
I025066,True
I025068,True
I025070,False
I025072,False
I025073,True
I025074,True
I025076,True
I025077,False
I025078,False
I025081,True
I025082,False
I025084,True
I025085,True
I025086,True
I025087,False
I025088,False
I025089,False
I025092,False
I025094,True
I025095,False
I025097,True
I025098,True
I025100,True
I025101,False
I025104,False
I025105,True
I025106,True
I025108,True
I025109,True
I025110,False
I025111,True
I025112,False
I025114,True
I025115,False
I025116,False
I025117,False
I025119,True
I025120,True
I025121,True
I025122,True
I025123,True
I025124,False
I025132,False
I025133,False
I025134,False
I025135,False
I025136,True
I025138,True
I025142,True
I025143,False
I025145,False
I025146,False
I025148,False
I025149,True
I025150,True
I025151,False
I025152,True
I025153,False
I025154,True
I025158,False
I025159,True
I025160,False
I025165,True
I025166,False
I025167,False
I025169,True
I025172,False
I025174,False
I025176,False
I025177,True
I025180,True
I025181,False
I025182,True
I025183,False
I025184,True
I025185,True
I025186,True
I025187,True
I025189,True
I025190,True
I025192,False
I025193,True
I025194,True
I025196,True
I025197,True
I025198,False
I025199,True
I025200,False
I025201,False
I025202,False
I025203,False
I025204,False
I025207,False
I025208,True
I025210,False
I025211,True
I025213,True
I025214,False
I025217,False
I025219,False
I025220,True
I025221,False
I025224,False
I025225,False
I025227,False
I025228,False
I025229,True
I025237,True
I025238,False
I025239,False
I025240,True
I025241,True
I025244,False
I025245,True
I025246,True
I025251,True
I025252,False
I025254,True
I025257,True
I025258,False
I025259,False
I025260,False
I025261,False
I025262,False
I025263,True
I025264,True
I025265,False
I025268,True
I025269,True
I025271,True
I025272,True
I025273,True
I025275,True
I025277,False
I025280,False
I025281,False
I025282,True
I025283,True
I025287,True
I025293,True
I025294,False
I025295,True
I025296,False
I025299,True
I025301,True
I025302,False
I025303,False
I025305,True
I025306,False
I025307,True
I025309,False
I025310,True
I025312,False
I025314,True
I025316,False
I025318,False
I025319,True
I025320,True
I025321,True
I025322,True
I025323,True
I025325,True
I025326,False
I025329,True
I025330,False
I025331,True
I025332,True
I025333,True
I025334,True
I025335,True
I025336,True
I025337,False
I025338,True
I025340,True
I025341,False
I025344,True
I025345,True
I025346,True
I025347,False
I025348,False
I025349,True
I025350,True
I025351,False
I025353,True
I025355,True
I025356,True
I025358,True
I025359,False
I025360,True
I025361,True
I025362,True
I025363,True
I025364,False
I025366,False
I025367,False
I025368,True
I025369,True
I025370,True
I025371,False
I025372,False
I025373,True
I025376,False
I025377,True
I025378,True
I025379,False
I025380,False
I025381,True
I025382,True
I025383,True
I025385,False
I025386,False
I025387,False
I025389,False
I025390,False
I025391,False
I025392,True
I025393,True
I025395,False
I025396,True
I025397,True
I025398,False
I025399,True
I025401,True
I025402,True
I025404,False
I025405,True
I025406,True
I025408,False
I025409,True
I025411,False
I025412,True
I025413,True
I025414,True
I025415,False
I025416,False
I025419,True
I025420,False
I025422,False
I025423,True
I025424,False
I025425,True
I025429,True
I025431,False
I025432,True
I025433,True
I025434,False
I025435,True
I025436,True
I025438,True
I025439,True
I025441,True
I025446,False
I025447,True
I025448,True
I025449,False
I025450,True
I025451,False
I025452,False
I025456,True
I025457,False
I025458,True
I025460,False
I025461,True
I025462,True
I025463,False
I025464,False
I025465,False
I025467,True
I025468,False
I025469,False
I025470,False
I025472,False
I025474,False
I025477,False
I025478,True
I025479,False
I025480,True
I025481,False
I025482,False
I025483,False
I025484,False
I025486,False
I025487,True
I025489,True
I025490,True
I025491,True
I025492,False
I025493,False
I025496,False
I025497,False
I025498,False
I025500,True
I025501,True
I025502,False
I025505,True
I025506,True
I025508,False
I025510,True
I025511,False
I025512,False
I025513,False
I025515,False
I025516,True
I025520,True
I025521,False
I025523,True
I025524,True
I025526,True
I025528,True
I025529,True
I025530,True
I025531,False
I025532,False
I025533,False
I025534,True
I025535,True
I025536,True
I025539,True
I025542,False
I025543,True
I025544,False
I025547,False
I025548,False
I025550,False
I025552,False
I025553,True
I025556,True
I025557,True
I025558,True
I025560,True
I025561,False
I025562,False
I025563,True
I025564,True
I025565,True
I025566,True
I025567,True
I025568,False
I025572,False
I025573,True
I025574,True
I025576,False
I025577,True
I025579,False
I025580,True
I025583,False
I025584,False
I025585,False
I025587,True
I025588,True
I025589,False
I025590,True
I025591,True
I025592,True
I025593,True
I025594,False
I025595,False
I025596,True
I025597,False
I025598,True
I025599,True
I025600,False
I025601,False
I025602,True
I025604,True
I025606,True
I025607,True
I025608,True
I025609,False
I025610,True
I025613,False
I025614,False
I025615,True
I025617,False
I025618,True
I025620,False
I025621,False
I025622,True
I025624,False
I025625,False
I025626,False
I025628,False
I025630,False
I025632,False
I025633,True
I025635,True
I025636,True
I025637,True
I025638,False
I025639,False
I025641,True
I025642,False
I025644,True
I025645,True
I025646,True
I025647,True
I025648,True
I025649,True
I025650,False
I025651,True
I025653,False
I025654,True
I025655,True
I025656,True
I025657,False
I025658,False
I025659,True
I025661,True
I025662,True
I025663,False
I025665,True
I025667,False
I025669,True
I025670,True
I025671,True
I025672,False
I025678,True
I025681,True
I025682,False
I025683,False
I025684,False
I025685,False
I025687,True
I025688,True
I025690,True
I025692,True
I025693,True
I025694,False
I025695,True
I025696,False
I025697,True
I025698,False
I025699,True
I025701,False
I025702,True
I025705,False
I025706,False
I025707,False
I025709,False
I025710,True
I025711,True
I025713,True
I025714,True
I025715,True
I025719,False
I025720,True
I025721,False
I025723,True
I025725,True
I025728,True
I025730,True
I025732,False
I025733,True
I025734,True
I025735,True
I025736,True
I025739,True
I025740,True
I025742,True
I025743,True
I025744,False
I025745,True
I025749,True
I025751,True
I025752,False
I025753,True
I025754,True
I025755,False
I025756,True
I025757,False
I025758,False
I025759,True
I025761,True
I025762,True
I025765,True
I025766,False
I025767,True
I025772,False
I025773,False
I025774,True
I025776,True
I025777,False
I025778,True
I025779,False
I025780,False
I025782,False
I025784,False
I025785,False
I025786,False
I025788,False
I025789,False
I025790,False
I025791,True
I025792,False
I025793,False
I025794,False
I025795,True
I025796,False
I025797,True
I025799,True
I025800,True
I025801,True
I025802,True
I025803,True
I025804,False
I025805,False
I025806,False
I025807,True
I025810,True
I025811,False
I025812,True
I025814,True
I025818,False
I025820,False
I025821,True
I025823,False
I025824,True
I025825,True
I025826,True
I025827,True
I025828,True
I025829,True
I025830,True
I025831,True
I025832,False
I025833,False
I025834,True
I025835,True
I025839,True
I025840,True
I025843,True
I025844,True
I025845,True
I025847,False
I025848,False
I025850,True
I025851,True
I025852,False
I025853,False
I025854,True
I025855,False
I025857,True
I025859,True
I025860,True
I025862,True
I025863,False
I025865,True
I025866,False
I025867,False
I025868,True
I025871,True
I025872,True
I025873,False
I025874,False
I025876,False
I025880,True
I025882,False
I025883,False
I025884,True
I025886,True
I025887,False
I025888,True
I025889,False
I025890,True
I025893,True
I025895,False
I025897,True
I025898,False
I025899,False
I025900,True
I025901,True
I025902,True
I025904,False
I025905,False
I025906,True
I025907,True
I025908,False
I025910,True
I025911,False
I025913,False
I025914,False
I025915,True
I025916,False
I025917,False
I025920,True
I025921,True
I025922,True
I025923,True
I025925,False
I025926,False
I025930,True
I025931,True
I025932,True
I025933,False
I025934,False
I025935,True
I025936,True
I025937,True
I025938,False
I025939,False
I025940,True
I025942,False
I025943,True
I025944,True
I025946,True
I025947,False
I025948,True
I025949,False
I025950,True
I025951,True
I025952,False
I025954,False
I025957,False
I025959,True
I025960,True
I025962,True
I025963,False
I025964,True
I025966,True
I025967,True
I025968,True
I025971,True
I025972,True
I025974,False
I025975,False
I025976,False
I025977,False
I025978,False
I025979,True
I025980,False
I025981,True
I025982,True
I025983,True
I025984,True
I025986,True
I025987,True
I025989,True
I025990,True
I025991,True
I025994,False
I025995,False
I025997,True
I025998,True
I025999,True
I026000,False
I026001,False
I026002,True
I026003,True
I026004,True
I026005,False
I026008,True
I026009,False
I026011,True
I026013,True
I026015,False
I026016,False
I026019,True
I026020,True
I026022,True
I026027,False
I026029,True
I026030,False
I026031,True
I026032,False
I026033,True
I026036,True
I026037,True
I026038,False
I026040,False
I026044,True
I026045,True
I026046,False
I026049,False
I026050,True
I026051,False
I026052,False
I026053,False
I026055,False
I026056,False
I026057,False
I026058,False
I026061,False
I026065,True
I026066,True
I026068,False
I026070,False
I026071,False
I026072,True
I026073,True
I026074,True
I026075,False
I026076,True
I026077,True
I026078,True
I026079,True
I026080,True
I026081,False
I026082,True
I026087,False
I026088,False
I026089,True
I026092,False
I026093,False
I026094,True
I026095,False
I026096,False
I026098,True
I026099,True
I026100,True
I026101,True
I026102,True
I026105,False
I026106,True
I026107,True
I026108,True
I026110,False
I026111,True
I026112,False
I026113,True
I026114,False
I026115,False
I026116,True
I026117,True
I026118,False
I026124,True
I026125,False
I026128,True
I026131,False
I026132,False
I026133,False
I026134,True
I026136,True
I026137,True
I026139,True
I026140,True
I026141,True
I026142,False
I026145,True
I026146,False
I026147,False
I026148,True
I026150,False
I026151,False
I026152,False
I026154,False
I026158,True
I026159,True
I026160,False
I026161,False
I026164,False
I026165,True
I026167,False
I026168,False
I026169,True
I026170,True
I026171,False
I026173,True
I026176,True
I026177,True
I026179,True
I026180,False
I026181,False
I026184,False
I026185,False
I026186,False
I026187,False
I026188,True
I026190,True
I026191,False
I026192,True
I026193,True
I026194,True
I026195,False
I026196,True
I026197,True
I026198,True
I026199,True
I026200,False
I026201,True
I026202,True
I026203,True
I026205,False
I026206,False
I026207,True
I026208,True
I026209,True
I026210,False
I026211,True
I026212,False
I026214,True
I026215,True
I026216,False
I026217,False
I026218,True
I026219,False
I026220,False
I026223,True
I026224,True
I026225,True
I026226,False
I026228,False
I026230,True
I026232,False
I026233,False
I026234,False
I026235,True
I026236,True
I026238,True
I026239,True
I026240,False
I026241,True
I026246,False
I026247,False
I026248,False
I026249,False
I026250,True
I026251,True
I026252,True
I026253,False
I026254,True
I026256,False
I026257,True
I026258,True
I026259,False
I026262,False
I026263,True
I026264,False
I026266,False
I026268,True
I026269,True
I026271,False
I026272,True
I026274,True
I026275,True
I026276,False
I026277,True
I026278,False
I026279,True
I026280,False
I026285,True
I026286,True
I026287,False
I026289,False
I026291,True
I026292,True
I026293,True
I026295,False
I026296,True
I026297,False
I026298,False
I026300,True
I026302,True
I026304,True
I026308,True
I026309,False
I026310,False
I026312,True
I026313,False
I026314,False
I026318,False
I026320,True
I026323,True
I026324,False
I026325,True
I026327,False
I026328,True
I026329,True
I026330,True
I026332,False
I026333,True
I026334,True
I026335,False
I026338,False
I026339,False
I026340,True
I026341,False
I026342,False
I026343,True
I026345,False
I026346,False
I026347,True
I026349,False
I026350,True
I026351,False
I026354,False
I026356,False
I026357,False
I026358,True
I026359,True
I026360,True
I026361,True
I026362,False
I026363,True
I026364,True
I026366,True
I026367,False
I026368,True
I026369,True
I026370,False
I026373,False
I026374,False
I026375,False
I026376,True
I026378,True
I026379,False
I026380,False
I026381,False
I026383,False
I026387,False
I026389,False
I026390,True
I026391,True
I026392,True
I026393,False
I026395,False
I026396,True
I026397,False
I026398,True
I026399,False
I026400,False
I026401,False
I026402,True
I026403,False
I026404,False
I026406,True
I026407,True
I026408,True
I026409,False
I026412,True
I026413,True
I026414,False
I026415,True
I026416,True
I026418,False
I026420,True
I026421,True
I026423,True
I026425,False
I026426,False
I026428,True
I026430,False
I026431,True
I026432,False
I026433,True
I026434,True
I026435,False
I026436,False
I026438,False
I026439,False
I026441,False
I026442,False
I026444,False
I026445,False
I026446,True
I026448,True
I026450,False
I026452,True
I026453,True
I026454,False
I026455,True
I026456,True
I026457,False
I026458,False
I026459,False
I026460,False
I026461,True
I026463,True
I026464,True
I026465,True
I026467,True
I026470,False
I026471,True
I026475,False
I026476,False
I026477,True
I026478,True
I026479,False
I026480,True
I026481,True
I026482,True
I026484,True
I026486,True
I026488,True
I026489,False
I026490,False
I026491,True
I026492,True
I026493,True
I026494,False
I026495,True
I026497,False
I026499,False
I026500,False
I026501,False
I026502,True
I026503,True
I026505,False
I026506,True
I026507,False
I026508,False
I026509,True
I026510,False
I026511,True
I026512,True
I026513,True
I026514,True
I026515,False
I026516,False
I026518,False
I026519,False
I026520,True
I026521,True
I026525,False
I026527,False
I026528,True
I026529,False
I026531,False
I026532,False
I026533,True
I026534,False
I026535,False
I026536,True
I026537,False
I026538,False
I026539,True
I026540,False
I026543,True
I026544,False
I026545,True
I026547,True
I026548,True
I026549,True
I026550,False
I026552,False
I026553,True
I026554,True
I026555,True
I026556,True
I026557,False
I026558,True
I026561,True
I026562,False
I026564,False
I026565,False
I026566,False
I026568,True
I026569,True
I026570,False
I026571,False
I026572,True
I026573,True
I026574,True
I026575,False
I026576,False
I026577,True
I026578,False
I026579,False
I026580,True
I026582,False
I026585,False
I026587,False
I026588,True
I026589,True
I026591,True
I026592,True
I026593,False
I026597,True
I026598,True
I026599,False
I026600,False
I026601,True
I026603,True
I026606,True
I026607,False
I026608,False
I026609,True
I026610,True
I026611,False
I026612,True
I026614,True
I026616,False
I026617,False
I026618,False
I026622,False
I026623,True
I026624,False
I026625,True
I026626,True
I026627,True
I026628,True
I026629,True
I026630,True
I026631,True
I026632,True
I026633,True
I026634,True
I026635,False
I026639,True
I026640,False
I026641,True
I026642,False
I026646,False
I026647,True
I026648,False
I026651,True
I026652,True
I026653,True
I026654,False
I026655,True
I026657,False
I026658,False
I026661,True
I026663,True
I026664,False
I026666,False
I026667,True
I026668,False
I026669,False
I026670,True
I026671,True
I026673,True
I026674,True
I026675,True
I026676,True
I026677,False
I026678,True
I026679,True
I026681,False
I026682,True
I026685,True
I026686,False
I026687,True
I026688,False
I026693,True
I026694,False
I026695,False
I026696,False
I026698,False
I026700,True
I026704,False
I026707,False
I026708,True
I026710,True
I026711,True
I026713,False
I026714,True
I026715,False
I026716,True
I026717,True
I026718,True
I026719,False
I026720,True
I026721,False
I026722,False
I026724,True
I026725,True
I026726,False
I026728,False
I026729,True
I026734,True
I026736,False
I026738,False
I026739,True
I026740,True
I026742,False
I026745,True
I026746,True
I026747,False
I026748,True
I026750,True
I026754,True
I026756,True
I026757,True
I026758,True
I026759,False
I026761,True
I026762,False
I026764,True
I026765,True
I026766,True
I026767,True
I026769,True
I026770,True
I026772,True
I026773,True
I026774,True
I026775,True
I026776,True
I026777,False
I026778,False
I026779,False
I026780,True
I026782,True
I026783,True
I026785,False
I026786,True
I026787,True
I026788,True
I026789,True
I026792,True
I026793,True
I026794,True
I026798,False
I026799,False
I026802,False
I026804,True
I026805,True
I026806,False
I026807,True
I026808,True
I026809,True
I026810,True
I026811,True
I026812,False
I026813,True
I026814,False
I026815,True
I026816,True
I026818,True
I026820,False
I026821,False
I026823,True
I026824,False
I026825,False
I026826,False
I026827,True
I026828,False
I026830,False
I026831,True
I026832,False
I026834,False
I026835,True
I026836,True
I026838,True
I026839,False
I026840,False
I026841,False
I026842,False
I026843,True
I026844,True
I026845,True
I026846,True
I026847,True
I026849,True
I026851,True
I026852,True
I026853,False
I026854,False
I026855,True
I026856,False
I026857,True
I026858,True
I026859,True
I026861,False
I026864,True
I026865,True
I026867,True
I026868,True
I026869,True
I026872,True
I026873,False
I026874,True
I026875,False
I026877,True
I026878,True
I026879,True
I026881,True
I026882,True
I026883,True
I026884,False
I026885,True
I026886,False
I026887,True
I026888,True
I026889,False
I026893,False
I026894,False
I026896,True
I026897,False
I026898,False
I026899,False
I026900,False
I026902,False
I026903,True
I026904,True
I026905,True
I026906,True
I026907,True
I026908,True
I026910,True
I026911,False
I026912,False
I026913,True
I026914,False
I026915,True
I026917,False
I026918,False
I026921,True
I026924,True
I026925,True
I026927,True
I026928,True
I026929,False
I026932,True
I026933,False
I026935,True
I026937,False
I026939,True
I026943,False
I026944,False
I026945,False
I026946,False
I026947,False
I026948,False
I026949,False
I026950,False
I026951,False
I026954,False
I026955,True
I026957,True
I026960,False
I026962,True
I026963,True
I026965,True
I026966,False
I026967,True
I026968,True
I026969,False
I026970,True
I026971,False
I026972,True
I026975,True
I026976,False
I026978,False
I026980,False
I026981,True
I026984,True
I026985,False
I026988,False
I026989,False
I026990,True
I026991,True
I026992,True
I026993,False
I026994,True
I026995,True
I026996,False
I026997,True
I027000,True
I027001,True
I027004,False
I027008,True
I027009,False
I027010,True
I027011,False
I027012,False
I027013,True
I027014,False
I027015,True
I027016,True
I027018,False
I027019,True
I027020,True
I027021,True
I027022,True
I027023,False
I027025,True
I027026,True
I027028,False
I027029,False
I027030,False
I027031,False
I027032,False
I027033,True
I027034,True
I027035,True
I027039,True
I027040,False
I027042,False
I027043,False
I027045,True
I027046,True
I027047,True
I027048,True
I027052,True
I027056,False
I027057,True
I027058,False
I027060,False
I027063,False
I027064,True
I027065,True
I027067,False
I027069,True
I027070,False
I027071,False
I027073,False
I027074,True
I027075,True
I027076,True
I027077,True
I027078,False
I027079,True
I027080,False
I027081,False
I027082,True
I027083,True
I027085,True
I027087,True
I027088,True
I027089,True
I027090,True
I027092,True
I027093,True
I027094,False
I027096,False
I027098,True
I027100,False
I027101,True
I027103,False
I027105,False
I027106,True
I027107,False
I027108,True
I027109,True
I027110,True
I027111,False
I027113,False
I027116,False
I027118,True
I027119,True
I027120,True
I027121,True
I027122,True
I027127,False
I027128,True
I027130,False
I027132,True
I027134,False
I027136,True
I027137,True
I027138,True
I027139,False
I027140,False
I027141,False
I027142,True
I027143,True
I027145,False
I027147,True
I027148,True
I027149,False
I027150,True
I027151,True
I027152,True
I027153,False
I027154,False
I027156,True
I027157,True
I027159,True
I027160,False
I027161,False
I027162,True
I027163,True
I027165,False
I027167,False
I027168,True
I027169,False
I027170,True
I027171,True
I027173,False
I027176,True
I027178,True
I027179,False
I027180,True
I027182,False
I027183,True
I027184,False
I027185,False
I027186,False
I027188,False
I027189,True
I027190,False
I027191,False
I027192,True
I027193,False
I027194,True
I027196,True
I027198,False
I027200,True
I027202,True
I027203,False
I027205,True
I027208,False
I027209,False
I027211,True
I027212,False
I027214,True
I027215,False
I027216,True
I027217,False
I027218,False
I027220,True
I027223,False
I027224,True
I027225,True
I027226,True
I027228,False
I027230,False
I027232,False
I027233,True
I027236,True
I027239,False
I027240,True
I027241,False
I027245,False
I027247,False
I027248,False
I027249,False
I027251,False
I027252,True
I027253,False
I027254,False
I027255,True
I027256,True
I027257,False
I027259,True
I027260,False
I027261,False
I027263,False
I027264,True
I027265,False
I027266,True
I027267,False
I027269,False
I027272,False
I027274,False
I027277,False
I027278,True
I027279,True
I027280,False
I027282,True
I027283,False
I027284,True
I027286,True
I027287,True
I027289,False
I027290,False
I027291,False
I027293,False
I027294,False
I027295,True
I027296,True
I027297,True
I027299,False
I027301,False
I027303,True
I027305,True
I027306,True
I027307,True
I027308,True
I027309,False
I027311,False
I027312,True
I027315,True
I027316,True
I027319,True
I027320,False
I027323,True
I027324,False
I027327,False
I027328,True
I027329,False
I027330,False
I027332,True
I027333,False
I027334,False
I027335,False
I027338,False
I027339,False
I027340,True
I027342,False
I027343,False
I027344,True
I027346,True
I027349,False
I027350,True
I027351,False
I027353,True
I027354,True
I027355,False
I027356,True
I027358,True
I027359,True
I027360,True
I027361,False
I027364,True
I027367,False
I027368,False
I027370,True
I027371,True
I027374,True
I027375,True
I027376,False
I027377,False
I027378,False
I027379,True
I027380,True
I027383,False
I027384,True
I027385,True
I027386,True
I027388,True
I027389,True
I027390,False
I027392,True
I027396,True
I027397,False
I027399,False
I027400,False
I027401,True
I027402,True
I027403,False
I027404,False
I027406,True
I027407,True
I027408,True
I027409,False
I027411,True
I027412,False
I027413,False
I027414,True
I027415,False
I027416,True
I027419,False
I027421,False
I027426,True
I027428,False
I027429,False
I027430,True
I027431,True
I027433,True
I027434,False
I027435,True
I027436,True
I027437,False
I027440,True
I027441,True
I027445,False
I027447,False
I027450,True
I027452,True
I027453,True
I027454,True
I027456,False
I027457,True
I027458,True
I027460,True
I027461,False
I027462,True
I027464,False
I027466,True
I027468,False
I027473,True
I027474,True
I027475,False
I027477,False
I027480,False
I027481,True
I027482,True
I027486,True
I027488,True
I027489,True
I027490,True
I027491,True
I027492,False
I027493,True
I027495,True
I027496,True
I027497,True
I027498,False
I027499,True
I027501,False
I027502,False
I027508,True
I027509,True
I027512,True
I027514,True
I027515,False
I027516,False
I027518,False
I027519,False
I027522,True
I027523,True
I027524,True
I027525,True
I027526,True
I027528,True
I027529,False
I027530,True
I027531,True
I027532,True
I027534,True
I027535,False
I027538,True
I027540,True
I027541,True
I027542,False
I027544,False
I027546,False
I027547,False
I027548,False
I027550,True
I027551,True
I027553,True
I027555,True
I027557,False
I027558,True
I027561,True
I027562,False
I027563,False
I027564,False
I027566,True
I027567,True
I027568,True
I027569,True
I027570,True
I027572,False
I027573,False
I027574,True
I027575,True
I027577,False
I027578,True
I027579,False
I027580,True
I027581,False
I027583,True
I027585,True
I027586,False
I027587,True
I027588,True
I027589,False
I027592,False
I027594,True
I027595,True
I027596,False
I027598,False
I027600,True
I027601,True
I027602,True
I027603,True
I027606,False
I027608,False
I027610,True
I027611,False
I027613,False
I027614,False
I027615,False
I027616,False
I027619,False
I027620,False
I027621,True
I027622,True
I027623,True
I027624,False
I027625,True
I027627,True
I027629,False
I027630,True
I027631,True
I027632,False
I027633,True
I027634,True
I027637,True
I027638,True
I027642,True
I027643,True
I027644,True
I027646,False
I027647,True
I027648,False
I027650,False
I027651,False
I027653,True
I027655,False
I027656,False
I027657,False
I027658,False
I027659,True
I027660,True
I027661,True
I027662,True
I027668,False
I027669,False
I027670,True
I027671,False
I027672,True
I027673,False
I027674,True
I027675,False
I027676,True
I027677,False
I027678,False
I027679,True
I027680,False
I027681,False
I027684,True
I027685,True
I027686,True
I027688,False
I027689,False
I027692,False
I027693,True
I027694,False
I027695,True
I027698,False
I027699,True
I027700,True
I027703,True
I027706,False
I027707,False
I027709,False
I027710,True
I027711,False
I027714,True
I027715,False
I027716,True
I027717,True
I027718,True
I027720,False
I027722,True
I027723,True
I027724,True
I027726,False
I027727,True
I027729,True
I027731,True
I027732,True
I027734,True
I027736,False
I027737,False
I027738,False
I027740,True
I027742,False
I027744,False
I027747,False
I027748,True
I027753,True
I027754,False
I027755,True
I027756,True
I027757,True
I027758,True
I027760,True
I027761,True
I027762,False
I027763,False
I027764,False
I027765,False
I027766,True
I027767,False
I027769,False
I027770,True
I027771,True
I027772,True
I027774,True
I027775,True
I027776,True
I027778,False
I027779,False
I027780,False
I027782,False
I027784,True
I027785,False
I027786,True
I027787,False
I027789,False
I027790,True
I027791,True
I027792,False
I027793,True
I027794,False
I027796,True
I027797,True
I027798,True
I027802,True
I027805,True
I027806,True
I027808,True
I027810,False
I027813,False
I027814,True
I027815,True
I027816,True
I027817,False
I027819,True
I027820,False
I027821,False
I027822,False
I027825,False
I027827,True
I027828,False
I027829,False
I027830,False
I027831,False
I027833,True
I027834,False
I027835,False
I027836,False
I027838,True
I027839,True
I027840,False
I027841,False
I027842,True
I027844,False
I027846,True
I027847,False
I027848,True
I027849,True
I027851,False
I027852,True
I027853,False
I027854,True
I027855,False
I027856,True
I027858,False
I027859,True
I027860,False
I027861,False
I027862,False
I027863,False
I027864,True
I027866,True
I027867,True
I027868,False
I027870,True
I027871,True
I027872,False
I027873,True
I027874,True
I027875,True
I027876,False
I027878,True
I027879,True
I027881,False
I027882,True
I027883,False
I027884,False
I027885,True
I027886,True
I027888,True
I027889,False
I027890,True
I027891,True
I027892,True
I027895,False
I027896,True
I027899,True
I027900,True
I027901,False
I027903,False
I027904,True
I027907,True
I027908,False
I027909,False
I027910,False
I027912,False
I027913,True
I027914,False
I027915,True
I027917,True
I027918,False
I027919,False
I027920,False
I027922,True
I027924,False
I027926,False
I027927,False
I027928,True
I027930,False
I027931,True
I027934,False
I027935,True
I027937,False
I027938,False
I027939,False
I027940,True
I027942,True
I027943,True
I027945,False
I027947,True
I027948,True
I027949,False
I027950,True
I027951,False
I027952,False
I027953,True
I027955,False
I027956,True
I027957,True
I027960,True
I027962,False
I027963,True
I027964,False
I027966,True
I027967,False
I027968,True
I027970,True
I027973,True
I027974,True
I027976,False
I027977,True
I027979,True
I027981,False
I027982,False
I027984,True
I027985,False
I027988,True
I027989,False
I027990,False
I027991,True
I027992,True
I027994,True
I027996,False
I027997,True
I027999,False
I028000,True
I028001,False
I028003,True
I028005,True
I028006,True
I028007,False
I028008,True
I028009,True
I028011,True
I028012,False
I028013,True
I028015,False
I028016,True
I028017,False
I028018,False
I028019,True
I028020,True
I028021,True
I028022,True
I028023,True
I028025,True
I028026,False
I028027,False
I028028,True
I028032,True
I028034,False
I028035,False
I028036,True
I028037,False
I028038,True
I028039,True
I028040,False
I028042,False
I028043,True
I028045,True
I028046,True
I028049,False
I028050,False
I028051,True
I028054,True
I028056,False
I028060,False
I028062,True
I028063,False
I028064,True
I028066,False
I028068,False
I028069,True
I028070,False
I028072,False
I028073,True
I028074,True
I028075,True
I028076,True
I028077,False
I028078,True
I028079,True
I028080,True
I028082,False
I028083,True
I028084,True
I028087,False
I028089,False
I028090,False
I028091,True
I028092,False
I028093,False
I028094,True
I028095,False
I028096,True
I028097,False
I028104,False
I028105,True
I028106,False
I028107,False
I028108,False
I028109,False
I028111,False
I028112,True
I028114,True
I028115,True
I028116,True
I028117,True
I028118,False
I028120,True
I028121,False
I028122,True
I028124,False
I028125,False
I028126,False
I028127,True
I028128,False
I028129,True
I028131,True
I028132,False
I028133,True
I028134,True
I028136,False
I028137,False
I028138,True
I028140,True
I028142,True
I028143,True
I028144,True
I028145,False
I028147,True
I028148,True
I028149,False
I028150,False
I028151,False
I028152,True
I028153,True
I028155,True
I028156,True
I028157,True
I028158,True
I028160,False
I028161,True
I028162,False
I028163,True
I028164,True
I028165,False
I028167,True
I028168,False
I028170,True
I028171,True
I028172,True
I028174,False
I028176,False
I028177,True
I028178,False
I028179,True
I028180,False
I028181,True
I028182,True
I028184,False
I028185,False
I028186,False
I028190,False
I028191,False
I028192,False
I028193,False
I028194,True
I028198,True
I028199,False
I028201,False
I028202,True
I028203,True
I028204,False
I028207,True
I028208,False
I028210,True
I028211,True
I028212,True
I028213,True
I028214,False
I028215,True
I028216,False
I028217,True
I028218,True
I028219,True
I028221,True
I028222,True
I028223,False
I028224,False
I028225,True
I028226,True
I028228,False
I028230,False
I028231,False
I028232,True
I028235,False
I028236,True
I028237,True
I028238,False
I028239,False
I028240,False
I028242,True
I028243,True
I028246,False
I028247,False
I028249,False
I028250,False
I028253,False
I028256,True
I028257,False
I028258,False
I028261,True
I028262,True
I028263,True
I028264,True
I028265,True
I028266,True
I028267,False
I028268,True
I028269,True
I028271,True
I028273,False
I028274,True
I028275,True
I028276,True
I028277,True
I028278,True
I028279,True
I028280,True
I028281,True
I028282,False
I028283,True
I028284,False
I028285,False
I028286,True
I028288,True
I028289,False
I028292,False
I028293,False
I028294,True
I028295,False
I028296,True
I028297,True
I028298,True
I028299,True
I028300,True
I028301,False
I028302,True
I028303,True
I028304,True
I028305,True
I028306,False
I028308,False
I028309,True
I028310,True
I028311,True
I028315,False
I028316,True
I028318,False
I028319,True
I028320,False
I028321,False
I028322,False
I028323,True
I028325,True
I028327,True
I028329,False
I028330,True
I028332,False
I028335,True
I028336,False
I028338,True
I028339,False
I028341,True
I028342,True
I028343,True
I028344,False
I028345,True
I028346,False
I028347,True
I028348,True
I028349,False
I028350,True
I028351,False
I028353,True
I028355,True
I028356,True
I028360,False
I028361,False
I028363,True
I028364,True
I028366,False
I028367,False
I028368,True
I028370,False
I028371,False
I028372,False
I028373,True
I028377,True
I028378,True
I028379,True
I028380,True
I028381,False
I028388,True
I028389,True
I028390,True
I028391,True
I028392,False
I028393,True
I028394,False
I028395,True
I028396,True
I028400,True
I028401,True
I028402,False
I028403,True
I028404,True
I028405,True
I028406,False
I028407,True
I028408,False
I028409,True
I028412,True
I028413,True
I028415,False
I028417,False
I028421,True
I028422,True
I028423,True
I028425,True
I028426,True
I028428,False
I028430,True
I028431,True
I028432,False
I028433,False
I028434,False
I028437,True
I028438,True
I028439,False
I028441,False
I028444,False
I028447,False
I028448,True
I028449,False
I028450,False
I028451,False
I028452,True
I028454,False
I028455,True
I028456,True
I028457,True
I028458,False
I028459,True
I028462,True
I028464,True
I028468,False
I028469,False
I028470,True
I028472,False
I028474,True
I028476,False
I028477,False
I028479,False
I028482,False
I028484,True
I028485,True
I028486,False
I028488,False
I028489,True
I028491,False
I028492,True
I028493,True
I028494,False
I028495,True
I028496,False
I028497,True
I028498,True
I028500,True
I028501,False
I028502,False
I028503,True
I028504,True
I028505,True
I028506,True
I028507,False
I028508,True
I028509,True
I028512,True
I028514,True
I028515,True
I028517,False
I028518,False
I028519,True
I028520,True
I028521,False
I028522,True
I028523,False
I028527,True
I028528,True
I028529,True
I028530,False
I028531,True
I028533,False
I028534,False
I028535,True
I028536,True
I028539,False
I028541,False
I028543,False
I028544,False
I028545,False
I028546,False
I028547,True
I028550,True
I028551,True
I028552,False
I028554,False
I028555,False
I028556,True
I028557,False
I028559,True
I028560,True
I028562,False
I028563,True
I028565,True
I028566,True
I028568,False
I028569,False
I028570,False
I028571,False
I028572,False
I028573,False
I028574,True
I028576,False
I028577,False
I028579,False
I028580,True
I028581,False
I028582,False
I028583,False
I028584,False
I028585,False
I028586,False
I028587,False
I028589,True
I028594,False
I028595,True
I028596,False
I028598,True
I028601,False
I028604,True
I028607,False
I028613,False
I028614,True
I028615,True
I028616,True
I028617,False
I028621,False
I028623,False
I028624,False
I028625,True
I028627,True
I028628,True
I028629,False
I028630,True
I028632,True
I028633,True
I028634,True
I028635,True
I028636,False
I028637,False
I028638,True
I028639,False
I028640,False
I028641,True
I028642,True
I028644,True
I028645,True
I028646,True
I028647,True
I028648,False
I028651,True
I028652,False
I028653,False
I028654,True
I028655,True
I028657,True
I028658,False
I028659,False
I028660,False
I028661,False
I028662,False
I028665,False
I028667,False
I028668,False
I028669,True
I028670,True
I028671,True
I028675,False
I028677,False
I028678,False
I028679,True
I028681,True
I028682,False
I028684,False
I028685,True
I028687,False
I028688,True
I028689,True
I028690,False
I028691,True
I028693,True
I028694,False
I028695,False
I028696,False
I028699,True
I028702,True
I028703,True
I028704,False
I028706,True
I028707,True
I028708,True
I028710,True
I028711,True
I028713,True
I028714,True
I028715,False
I028718,True
I028719,False
I028720,True
I028721,True
I028724,True
I028726,False
I028727,False
I028729,False
I028730,True
I028731,True
I028732,True
I028733,False
I028734,True
I028735,False
I028736,True
I028737,False
I028738,False
I028739,False
I028743,True
I028746,False
I028747,False
I028749,True
I028752,False
I028754,False
I028755,True
I028756,False
I028757,True
I028758,False
I028761,False
I028762,True
I028763,True
I028764,True
I028765,True
I028766,True
I028767,True
I028769,True
I028770,False
I028772,False
I028773,True
I028774,False
I028775,False
I028776,True
I028777,False
I028778,True
I028779,True
I028781,False
I028782,True
I028784,True
I028787,True
I028790,True
I028791,False
I028793,True
I028797,False
I028798,False
I028799,True
I028800,False
I028802,False
I028803,False
I028804,True
I028805,True
I028807,False
I028808,False
I028809,True
I028812,True
I028813,True
I028814,False
I028815,True
I028816,False
I028818,False
I028819,False
I028820,False
I028821,True
I028822,True
I028823,True
I028824,False
I028825,False
I028826,False
I028827,False
I028828,False
I028829,False
I028830,True
I028832,True
I028833,False
I028835,False
I028836,False
I028838,True
I028840,True
I028841,False
I028842,True
I028843,True
I028844,False
I028845,True
I028846,True
I028847,True
I028848,False
I028849,True
I028850,False
I028851,True
I028852,False
I028853,False
I028854,False
I028856,True
I028857,True
I028860,False
I028862,True
I028863,True
I028864,True
I028865,False
I028866,False
I028867,True
I028869,True
I028870,True
I028871,True
I028872,False
I028873,True
I028874,True
I028876,False
I028877,False
I028878,True
I028880,False
I028886,False
I028888,True
I028889,False
I028891,False
I028892,True
I028893,False
I028894,False
I028895,True
I028901,True
I028902,False
I028903,True
I028904,True
I028905,True
I028906,False
I028908,True
I028909,True
I028910,False
I028911,True
I028912,False
I028915,True
I028916,False
I028921,False
I028923,False
I028924,True
I028926,False
I028927,False
I028929,True
I028930,True
I028932,False
I028933,True
I028936,True
I028937,True
I028939,True
I028940,False
I028941,True
I028942,True
I028943,True
I028944,True
I028945,True
I028946,True
I028947,True
I028948,True
I028949,True
I028950,False
I028952,True
I028954,False
I028955,True
I028956,False
I028957,True
I028958,True
I028959,False
I028962,False
I028963,True
I028964,False
I028966,True
I028967,False
I028969,False
I028970,False
I028971,False
I028972,False
I028973,False
I028974,False
I028976,False
I028977,True
I028978,False
I028979,False
I028980,False
I028982,False
I028984,True
I028985,False
I028986,False
I028988,False
I028989,True
I028990,False
I028991,True
I028992,False
I028993,True
I028994,True
I028995,False
I028996,True
I028997,False
I028998,False
I029001,True
I029002,True
I029003,False
I029005,True
I029006,False
I029007,False
I029008,False
I029009,True
I029012,True
I029013,False
I029014,True
I029015,True
I029018,True
I029019,True
I029021,False
I029022,False
I029023,False
I029024,False
I029025,True
I029026,False
I029027,True
I029028,False
I029030,True
I029031,False
I029035,True
I029036,False
I029037,False
I029040,True
I029041,True
I029043,True
I029044,True
I029046,False
I029047,False
I029048,False
I029049,True
I029051,False
I029053,False
I029054,False
I029055,True
I029056,False
I029057,True
I029060,True
I029061,True
I029062,True
I029063,True
I029064,False
I029065,True
I029066,True
I029067,False
I029068,True
I029069,False
I029071,True
I029073,False
I029076,True
I029077,True
I029078,False
I029079,False
I029081,True
I029082,True
I029084,False
I029085,False
I029086,True
I029087,False
I029088,True
I029089,False
I029090,True
I029091,True
I029092,True
I029093,False
I029094,True
I029097,True
I029099,False
I029101,True
I029102,True
I029103,True
I029104,True
I029105,True
I029106,True
I029108,True
I029109,True
I029115,False
I029119,False
I029120,True
I029121,True
I029122,True
I029123,False
I029125,True
I029126,True
I029127,False
I029128,True
I029129,True
I029130,False
I029131,False
I029132,True
I029133,True
I029134,True
I029135,True
I029136,False
I029137,False
I029138,True
I029141,True
I029142,False
I029143,False
I029144,True
I029145,True
I029147,False
I029148,False
I029150,False
I029154,True
I029155,True
I029158,False
I029159,True
I029160,False
I029161,False
I029162,False
I029164,True
I029165,False
I029167,True
I029168,True
I029169,False
I029171,True
I029172,True
I029173,True
I029175,False
I029177,True
I029179,False
I029181,False
I029182,False
I029183,True
I029184,True
I029185,True
I029187,False
I029188,False
I029189,True
I029190,True
I029192,True
I029194,False
I029195,True
I029196,True
I029197,True
I029198,False
I029199,True
I029200,True
I029201,False
I029202,False
I029203,True
I029205,True
I029206,True
I029208,True
I029209,True
I029211,False
I029213,True
I029214,True
I029216,True
I029219,False
I029220,True
I029221,False
I029222,False
I029224,False
I029225,False
I029226,False
I029227,True
I029228,False
I029229,True
I029232,False
I029233,False
I029234,True
I029236,True
I029237,False
I029238,True
I029239,False
I029240,False
I029242,True
I029243,True
I029244,False
I029248,True
I029249,False
I029250,False
I029251,False
I029252,True
I029254,True
I029255,False
I029256,True
I029257,False
I029258,True
I029259,True
I029260,False
I029261,False
I029262,True
I029263,False
I029265,True
I029270,True
I029271,False
I029272,True
I029274,False
I029275,False
I029276,False
I029277,False
I029278,True
I029279,False
I029280,False
I029282,True
I029283,True
I029284,True
I029285,True
I029286,False
I029287,True
I029288,True
I029289,True
I029291,False
I029293,False
I029295,False
I029296,False
I029298,True
I029299,True
I029300,False
I029301,False
I029302,False
I029303,True
I029305,False
I029306,True
I029308,True
I029310,True
I029311,False
I029312,True
I029317,False
I029318,True
I029319,False
I029320,True
I029321,True
I029322,False
I029323,True
I029325,False
I029326,True
I029327,False
I029328,True
I029329,True
I029330,False
I029331,True
I029334,True
I029336,True
I029337,False
I029339,False
I029343,True
I029345,False
I029346,False
I029347,False
I029351,True
I029353,False
I029354,False
I029355,False
I029356,False
I029357,True
I029358,False
I029361,True
I029362,True
I029363,False
I029365,True
I029366,True
I029368,True
I029369,False
I029370,True
I029371,True
I029373,True
I029374,False
I029376,False
I029377,True
I029378,False
I029384,True
I029385,False
I029386,False
I029389,False
I029390,True
I029391,True
I029392,True
I029393,True
I029396,True
I029398,True
I029399,False
I029400,True
I029401,True
I029402,True
I029404,True
I029405,True
I029406,False
I029407,True
I029409,True
I029410,False
I029411,True
I029412,False
I029413,True
I029414,False
I029415,False
I029417,True
I029418,True
I029419,True
I029420,True
I029421,True
I029422,True
I029423,True
I029424,False
I029425,False
I029426,False
I029427,False
I029428,True
I029429,False
I029430,False
I029431,False
I029432,True
I029433,True
I029436,False
I029437,True
I029438,True
I029439,True
I029440,True
I029442,True
I029443,False
I029444,True
I029445,True
I029446,False
I029447,True
I029448,False
I029451,True
I029452,False
I029453,True
I029455,True
I029456,False
I029457,False
I029458,True
I029459,False
I029463,True
I029464,False
I029465,False
I029466,True
I029468,True
I029469,True
I029472,False
I029474,False
I029475,True
I029476,False
I029477,True
I029478,True
I029479,False
I029480,False
I029481,False
I029482,True
I029484,True
I029486,True
I029487,True
I029488,False
I029489,False
I029491,False
I029492,True
I029493,False
I029494,False
I029495,False
I029496,True
I029497,True
I029498,True
I029499,False
I029501,False
I029502,True
I029503,False
I029505,False
I029506,False
I029507,False
I029509,True
I029510,True
I029512,False
I029513,False
I029514,False
I029516,False
I029517,False
I029518,True
I029519,False
I029520,True
I029523,False
I029524,True
I029525,True
I029526,False
I029527,True
I029529,True
I029532,False
I029533,False
I029534,True
I029535,False
I029536,False
I029538,False
I029539,False
I029541,False
I029542,False
I029543,True
I029544,True
I029545,False
I029546,True
I029547,False
I029548,False
I029549,True
I029552,True
I029553,True
I029554,False
I029555,True
I029556,True
I029558,False
I029560,True
I029562,True
I029563,False
I029564,False
I029565,True
I029566,True
I029567,True
I029569,True
I029570,False
I029571,False
I029572,False
I029574,False
I029575,True
I029576,False
I029577,False
I029579,True
I029580,False
I029581,False
I029582,True
I029584,True
I029585,True
I029586,True
I029587,True
I029588,False
I029589,True
I029590,True
I029591,True
I029592,True
I029593,False
I029594,True
I029597,False
I029599,True
I029600,True
I029601,True
I029602,False
I029603,False
I029605,False
I029609,True
I029610,False
I029611,False
I029612,True
I029613,True
I029616,False
I029617,True
I029619,True
I029620,True
I029621,True
I029622,False
I029625,False
I029627,True
I029631,True
I029632,False
I029633,True
I029637,True
I029638,False
I029639,True
I029641,True
I029642,True
I029646,False
I029648,True
I029649,False
I029650,True
I029651,True
I029652,True
I029653,False
I029654,True
I029657,True
I029658,True
I029661,True
I029662,False
I029663,False
I029665,True
I029666,False
I029667,True
I029668,False
I029669,False
I029672,True
I029673,False
I029674,True
I029675,True
I029676,False
I029678,True
I029679,False
I029680,False
I029681,True
I029683,False
I029684,True
I029685,False
I029686,True
I029687,True
I029688,False
I029690,True
I029691,True
I029692,True
I029693,False
I029694,False
I029695,True
I029696,False
I029697,False
I029698,False
I029700,False
I029701,False
I029702,True
I029703,False
I029704,False
I029705,True
I029706,True
I029708,True
I029710,False
I029712,False
I029713,True
I029714,True
I029716,True
I029719,False
I029720,True
I029721,False
I029723,False
I029724,True
I029725,True
I029726,True
I029728,True
I029730,False
I029731,True
I029734,False
I029735,False
I029737,False
I029738,False
I029739,False
I029740,False
I029741,False
I029742,True
I029744,False
I029746,False
I029748,False
I029749,True
I029750,True
I029751,True
I029752,True
I029753,False
I029755,True
I029756,True
I029757,True
I029759,False
I029760,True
I029762,False
I029763,True
I029764,True
I029766,False
I029768,True
I029769,True
I029770,True
I029773,True
I029774,True
I029776,False
I029777,True
I029778,True
I029779,False
I029780,False
I029782,True
I029784,False
I029786,False
I029787,True
I029788,False
I029790,False
I029791,False
I029792,True
I029793,False
I029794,False
I029795,True
I029796,False
I029797,True
I029798,True
I029801,True
I029802,True
I029803,False
I029807,True
I029808,False
I029811,False
I029812,True
I029813,False
I029815,True
I029817,True
I029818,False
I029819,True
I029821,True
I029822,True
I029823,False
I029825,True
I029826,True
I029828,True
I029829,True
I029830,True
I029831,False
I029832,False
I029833,True
I029834,True
I029836,False
I029840,True
I029842,True
I029846,True
I029847,True
I029849,True
I029850,True
I029852,False
I029855,False
I029856,False
I029858,True
I029860,False
I029861,True
I029862,True
I029865,False
I029866,True
I029867,True
I029868,False
I029869,False
I029870,False
I029873,False
I029874,False
I029876,True
I029877,True
I029878,False
I029879,True
I029880,False
I029882,False
I029883,True
I029884,True
I029885,False
I029886,True
I029887,False
I029888,False
I029889,True
I029891,False
I029892,False
I029894,False
I029895,True
I029896,False
I029897,True
I029898,True
I029899,False
I029902,True
I029903,True
I029904,True
I029905,False
I029906,False
I029909,False
I029911,False
I029913,True
I029914,False
I029915,True
I029917,False
I029919,True
I029922,False
I029923,False
I029924,True
I029925,True
I029926,True
I029927,True
I029928,False
I029929,True
I029931,False
I029934,True
I029935,False
I029937,True
I029939,True
I029942,False
I029945,True
I029946,True
I029947,False
I029948,True
I029950,False
I029952,True
I029953,False
I029954,True
I029955,False
I029956,False
I029958,True
I029964,False
I029966,True
I029967,True
I029968,True
I029970,True
I029971,False
I029972,True
I029973,True
I029975,True
I029976,False
I029977,False
I029978,False
I029979,True
I029980,True
I029984,True
I029985,False
I029986,True
I029987,True
I029988,False
I029990,False
I029992,False
I029993,False
I029995,False
I029996,True
I029997,True
I029998,False
I030000,True
I030001,False
I030002,True
I030003,True
I030004,False
I030006,True
I030007,False
I030008,True
I030009,True
I030012,False
I030013,False
I030018,False
I030019,False
I030020,True
I030022,False
I030023,True
I030027,True
I030028,True
I030029,True
I030030,True
I030032,True
I030033,False
I030036,False
I030037,True
I030038,True
I030039,True
I030040,True
I030044,False
I030047,True
I030049,True
I030052,True
I030054,False
I030056,False
I030057,False
I030058,True
I030059,False
I030061,True
I030064,True
I030067,True
I030068,False
I030070,True
I030074,True
I030075,False
I030077,False
I030078,False
I030079,False
I030081,False
I030083,True
I030084,False
I030085,True
I030087,False
I030088,True
I030090,True
I030092,True
I030093,True
I030094,True
I030095,False
I030096,True
I030098,False
I030099,False
I030100,True
I030101,True
I030102,True
I030103,False
I030104,False
I030105,False
I030106,True
I030108,True
I030110,False
I030111,False
I030112,True
I030113,True
I030115,True
I030116,True
I030117,True
I030118,True
I030124,True
I030127,True
I030128,False
I030129,True
I030130,False
I030131,False
I030133,True
I030134,False
I030135,False
I030136,False
I030137,True
I030138,True
I030139,False
I030140,True
I030141,False
I030142,True
I030143,True
I030144,False
I030145,True
I030147,True
I030149,True
I030151,False
I030152,False
I030153,True
I030155,True
I030157,False
I030158,True
I030159,True
I030161,False
I030164,True
I030166,True
I030167,False
I030168,False
I030169,False
I030172,False
I030173,False
I030174,True
I030176,False
I030179,False
I030180,False
I030181,False
I030182,False
I030184,True
I030186,False
I030187,False
I030189,True
I030190,True
I030191,True
I030193,False
I030195,False
I030198,True
I030200,True
I030201,True
I030203,True
I030205,True
I030208,True
I030211,True
I030212,True
I030213,False
I030215,False
I030216,False
I030217,True
I030218,True
I030224,False
I030226,True
I030227,False
I030229,True
I030230,True
I030231,False
I030232,False
I030233,False
I030234,True
I030235,True
I030236,True
I030237,False
I030238,True
I030239,True
I030242,False
I030243,False
I030245,True
I030246,False
I030248,False
I030249,True
I030250,False
I030252,False
I030253,True
I030254,False
I030255,False
I030257,False
I030258,False
I030259,False
I030260,False
I030261,False
I030263,False
I030264,True
I030266,False
I030267,True
I030268,True
I030269,False
I030272,False
I030273,True
I030274,False
I030275,True
I030278,False
I030279,True
I030280,True
I030281,False
I030282,True
I030286,True
I030288,True
I030290,False
I030292,True
I030294,False
I030295,False
I030296,False
I030297,False
I030299,True
I030300,False
I030304,False
I030306,True
I030307,True
I030308,True
I030309,True
I030311,True
I030312,False
I030313,False
I030314,True
I030316,True
I030317,True
I030318,True
I030321,False
I030322,False
I030323,False
I030324,False
I030325,False
I030326,True
I030327,True
I030331,False
I030332,True
I030333,True
I030334,False
I030335,True
I030336,False
I030337,True
I030338,True
I030341,True
I030343,True
I030345,True
I030347,False
I030350,False
I030351,True
I030353,False
I030354,True
I030355,False
I030356,False
I030357,True
I030359,False
I030360,True
I030361,False
I030362,True
I030363,False
I030365,False
I030366,False
I030367,False
I030368,True
I030371,True
I030372,False
I030373,False
I030375,True
I030376,False
I030377,True
I030378,True
I030382,True
I030384,True
I030385,False
I030387,False
I030388,False
I030389,False
I030390,True
I030391,False
I030393,False
I030394,True
I030396,True
I030397,True
I030399,True
I030400,True
I030401,True
I030403,False
I030405,True
I030406,True
I030407,False
I030408,True
I030409,True
I030410,True
I030411,False
I030412,True
I030414,True
I030415,False
I030416,False
I030418,False
I030419,False
I030422,False
I030423,True
I030424,False
I030426,False
I030428,False
I030429,True
I030434,True
I030435,True
I030436,True
I030437,False
I030438,False
I030441,True
I030442,True
I030444,True
I030446,True
I030447,True
I030449,True
I030450,True
I030451,False
I030452,True
I030453,True
I030454,True
I030455,True
I030456,True
I030458,False
I030459,False
I030460,False
I030461,True
I030462,True
I030463,True
I030464,False
I030465,False
I030467,False
I030468,True
I030469,True
I030470,True
I030471,True
I030472,True
I030473,True
I030474,False
I030475,False
I030476,False
I030477,False
I030478,True
I030479,True
I030480,False
I030481,False
I030484,False
I030485,True
I030486,True
I030488,False
I030495,False
I030496,True
I030497,True
I030498,False
I030499,True
I030501,True
I030503,True
I030505,True
I030507,True
I030508,False
I030510,False
I030511,True
I030513,False
I030514,True
I030516,False
I030519,True
I030521,True
I030522,False
I030523,True
I030524,False
I030525,False
I030526,False
I030527,False
I030528,True
I030529,False
I030530,True
I030531,True
I030532,False
I030534,False
I030535,True
I030536,False
I030538,True
I030539,False
I030541,False
I030542,True
I030544,True
I030547,True
I030549,True
I030551,False
I030552,False
I030554,False
I030555,True
I030556,False
I030560,True
I030562,True
I030563,True
I030565,True
I030566,True
I030567,True
I030568,False
I030570,False
I030571,False
I030574,False
I030576,True
I030577,True
I030578,True
I030579,False
I030580,False
I030582,True
I030585,False
I030586,False
I030587,False
I030588,True
I030589,False
I030591,True
I030592,False
I030593,True
I030594,False
I030595,False
I030596,True
I030597,True
I030598,False
I030599,False
I030600,False
I030602,False
I030603,True
I030604,True
I030605,True
I030609,False
I030610,True
I030613,True
I030614,False
I030615,False
I030616,False
I030621,False
I030623,False
I030624,True
I030626,True
I030627,True
I030628,False
I030630,True
I030631,False
I030632,False
I030634,True
I030635,True
I030639,False
I030641,True
I030643,True
I030644,True
I030645,True
I030650,False
I030652,False
I030653,True
I030655,False
I030658,True
I030659,True
I030660,False
I030661,False
I030663,False
I030664,False
I030665,True
I030666,True
I030667,False
I030668,False
I030669,True
I030671,True
I030673,True
I030674,False
I030675,True
I030676,True
I030678,True
I030679,True
I030680,True
I030683,True
I030684,False
I030685,False
I030686,False
I030688,True
I030689,True
I030691,False
I030694,True
I030695,False
I030696,True
I030699,False
I030700,False
I030701,True
I030702,False
I030703,True
I030704,False
I030705,False
I030707,True
I030709,True
I030711,False
I030713,False
I030715,False
I030716,False
I030718,True
I030719,True
I030721,False
I030722,True
I030725,False
I030726,False
I030728,False
I030730,False
I030731,True
I030734,False
I030735,False
I030736,False
I030738,True
I030739,True
I030740,True
I030741,True
I030742,True
I030743,True
I030744,True
I030745,True
I030746,False
I030747,True
I030748,False
I030750,True
I030751,True
I030753,False
I030754,True
I030756,True
I030757,True
I030758,True
I030759,True
I030760,True
I030761,False
I030764,False
I030765,True
I030766,True
I030767,False
I030768,True
I030769,True
I030770,True
I030771,False
I030772,True
I030773,True
I030774,True
I030776,True
I030779,True
I030780,True
I030782,False
I030783,False
I030784,False
I030786,False
I030787,False
I030788,False
I030789,True
I030790,False
I030792,True
I030793,True
I030794,True
I030795,True
I030796,True
I030797,False
I030798,True
I030801,True
I030802,True
I030803,False
I030804,False
I030805,True
I030807,False
I030808,False
I030809,False
I030810,False
I030811,False
I030812,False
I030815,True
I030816,False
I030818,True
I030819,True
I030821,False
I030822,False
I030824,True
I030825,False
I030827,False
I030828,False
I030830,True
I030831,False
I030832,True
I030833,True
I030835,True
I030836,True
I030838,True
I030839,False
I030841,True
I030842,False
I030843,True
I030847,True
I030848,False
I030849,False
I030850,False
I030851,False
I030852,True
I030853,True
I030854,False
I030856,False
I030857,True
I030858,True
I030859,True
I030860,False
I030861,True
I030862,False
I030863,True
I030864,False
I030865,False
I030867,False
I030868,True
I030869,True
I030870,True
I030871,True
I030872,False
I030873,True
I030874,True
I030875,True
I030876,False
I030877,True
I030878,True
I030879,False
I030880,True
I030881,True
I030882,False
I030883,False
I030884,False
I030885,True
I030886,True
I030887,False
I030888,True
I030889,True
I030892,False
I030893,False
I030894,False
I030895,True
I030896,False
I030897,False
I030898,True
I030899,False
I030900,False
I030901,True
I030902,False
I030903,False
I030904,False
I030905,True
I030906,False
I030907,True
I030908,False
I030909,True
I030911,True
I030914,False
I030916,True
I030917,True
I030918,True
I030920,False
I030923,True
I030924,True
I030926,True
I030927,True
I030929,False
I030931,False
I030933,False
I030934,True
I030936,True
I030937,True
I030938,True
I030939,True
I030941,False
I030942,False
I030947,False
I030948,True
I030949,False
I030950,True
I030952,True
I030953,True
I030955,True
I030956,True
I030958,False
I030959,True
I030960,False
I030961,False
I030962,False
I030963,True
I030965,False
I030966,True
I030967,False
I030969,True
I030970,True
I030971,True
I030972,True
I030974,True
I030976,False
I030978,False
I030979,True
I030980,True
I030981,False
I030982,True
I030983,False
I030986,True
I030989,True
I030992,False
I030995,False
I030996,False
I030997,False
I030998,True
I030999,True
I031000,False
I031001,True
I031002,False
I031003,True
I031004,False
I031005,False
I031006,False
I031007,True
I031008,True
I031009,True
I031011,True
I031013,False
I031014,True
I031017,False
I031018,False
I031019,True
I031020,False
I031022,False
I031024,True
I031025,False
I031028,True
I031029,False
I031030,True
I031032,True
I031033,True
I031035,True
I031038,False
I031039,True
I031040,False
I031041,True
I031043,True
I031044,False
I031045,True
I031047,False
I031048,False
I031049,False
I031052,True
I031053,True
I031055,False
I031056,True
I031062,True
I031063,True
I031064,True
I031065,False
I031068,False
I031069,True
I031070,True
I031071,True
I031072,False
I031073,False
I031074,False
I031075,True
I031076,True
I031077,False
I031078,False
I031079,False
I031080,True
I031081,True
I031083,True
I031084,True
I031085,False
I031086,True
I031087,True
I031088,True
I031091,True
I031092,False
I031095,True
I031096,False
I031097,False
I031099,True
I031101,False
I031102,False
I031103,False
I031104,False
I031105,True
I031106,True
I031107,False
I031108,False
I031110,True
I031112,True
I031113,False
I031115,True
I031116,False
I031117,True
I031118,False
I031120,True
I031121,False
I031122,False
I031124,False
I031125,True
I031126,False
I031127,True
I031128,False
I031129,False
I031130,True
I031134,True
I031136,True
I031137,True
I031143,True
I031144,True
I031145,False
I031146,False
I031147,False
I031148,True
I031149,True
I031150,False
I031151,False
I031154,False
I031156,False
I031157,False
I031158,True
I031160,True
I031161,False
I031162,True
I031166,True
I031167,False
I031168,True
I031169,True
I031170,True
I031172,True
I031173,False
I031174,True
I031175,False
I031176,True
I031177,True
I031178,False
I031179,False
I031180,False
I031182,False
I031184,True
I031185,True
I031186,True
I031187,True
I031188,True
I031189,False
I031191,True
I031192,True
I031193,True
I031194,True
I031196,True
I031198,False
I031199,False
I031201,True
I031202,True
I031203,True
I031205,False
I031206,True
I031207,False
I031208,False
I031209,False
I031210,False
I031212,False
I031213,False
I031214,True
I031215,False
I031216,True
I031217,True
I031218,False
I031219,False
I031220,True
I031221,True
I031222,True
I031223,False
I031225,False
I031228,False
I031231,True
I031232,True
I031234,True
I031235,True
I031237,True
I031239,True
I031242,True
I031245,True
I031246,True
I031249,False
I031250,True
I031251,False
I031253,True
I031254,False
I031255,False
I031256,False
I031257,False
I031258,False
I031259,True
I031261,True
I031262,True
I031263,False
I031265,False
I031266,True
I031268,False
I031269,True
I031270,True
I031271,True
I031272,True
I031274,True
I031275,True
I031276,False
I031277,True
I031278,False
I031279,False
I031280,True
I031281,False
I031282,True
I031283,True
I031284,True
I031285,True
I031286,True
I031287,True
I031289,True
I031291,True
I031292,False
I031293,True
I031294,True
I031295,True
I031297,True
I031298,True
I031299,False
I031300,False
I031301,False
I031302,False
I031303,False
I031304,False
I031305,False
I031306,False
I031307,False
I031309,False
I031311,True
I031312,False
I031313,True
I031314,True
I031315,False
I031316,True
I031319,False
I031321,False
I031323,False
I031324,True
I031325,True
I031329,True
I031331,True
I031332,False
I031333,True
I031334,True
I031337,False
I031338,False
I031339,False
I031340,True
I031341,True
I031342,True
I031344,True
I031345,True
I031347,True
I031348,False
I031350,True
I031352,True
I031353,False
I031359,True
I031360,True
I031363,True
I031364,True
I031369,False
I031370,False
I031371,True
I031372,False
I031374,True
I031375,True
I031378,True
I031379,False
I031380,True
I031381,False
I031382,True
I031383,False
I031384,True
I031386,False
I031388,False
I031390,True
I031391,False
I031392,False
I031393,False
I031394,True
I031399,True
I031400,True
I031401,False
I031402,True
I031403,True
I031405,True
I031406,True
I031407,True
I031411,True
I031412,True
I031413,True
I031416,False
I031417,True
I031418,False
I031419,False
I031420,True
I031421,False
I031422,True
I031423,True
I031425,True
I031426,True
I031428,False
I031429,False
I031430,False
I031431,True
I031432,False
I031433,True
I031434,False
I031437,False
I031439,True
I031440,False
I031441,False
I031442,False
I031443,True
I031444,True
I031445,False
I031446,True
I031447,True
I031449,True
I031450,True
I031451,True
I031452,True
I031453,True
I031457,True
I031461,False
I031462,True
I031464,True
I031467,False
I031468,True
I031469,False
I031470,False
I031471,True
I031472,False
I031473,False
I031475,True
I031477,False
I031478,False
I031480,False
I031481,True
I031482,False
I031483,True
I031484,True
I031485,False
I031486,False
I031487,True
I031488,False
I031489,False
I031491,True
I031492,False
I031493,True
I031494,True
I031495,True
I031497,True
I031500,False
I031501,True
I031502,True
I031503,True
I031504,True
I031505,True
I031506,False
I031508,False
I031509,True
I031510,True
I031511,True
I031512,True
I031514,False
I031516,True
I031517,True
I031518,False
I031519,True
I031521,False
I031523,False
I031524,True
I031525,True
I031526,True
I031528,False
I031529,False
I031531,False
I031532,True
I031534,False
I031537,False
I031538,False
I031539,True
I031540,True
I031541,False
I031542,False
I031543,False
I031545,False
I031547,True
I031549,True
I031550,True
I031551,False
I031552,False
I031553,False
I031554,False
I031556,True
I031557,False
I031558,False
I031559,True
I031562,False
I031563,False
I031566,True
I031567,False
I031569,True
I031570,True
I031573,True
I031574,True
I031576,True
I031579,False
I031580,True
I031581,True
I031583,True
I031584,True
I031585,False
I031586,True
I031587,True
I031589,True
I031590,True
I031591,False
I031594,True
I031596,False
I031597,True
I031601,False
I031602,True
I031603,True
I031605,True
I031606,True
I031607,True
I031608,True
I031609,False
I031610,True
I031611,True
I031612,True
I031617,True
I031618,False
I031620,True
I031621,False
I031622,False
I031623,True
I031624,False
I031626,False
I031627,False
I031628,True
I031630,False
I031631,False
I031632,True
I031633,True
I031634,True
I031635,True
I031637,False
I031638,True
I031639,False
I031641,False
I031642,False
I031643,False
I031644,True
I031645,False
I031646,False
I031647,True
I031648,False
I031649,True
I031650,False
I031651,True
I031652,True
I031653,True
I031654,True
I031655,True
I031657,False
I031658,True
I031659,True
I031660,True
I031661,True
I031663,True
I031665,True
I031666,True
I031669,False
I031670,True
I031672,False
I031673,True
I031674,False
I031675,False
I031677,True
I031678,True
I031679,True
I031681,False
I031685,True
I031686,True
I031688,False
I031690,False
I031691,False
I031693,True
I031694,False
I031696,False
I031697,False
I031698,False
I031699,False
I031700,True
I031701,False
I031703,True
I031704,False
I031705,True
I031708,False
I031709,False
I031710,False
I031712,False
I031713,False
I031715,True
I031718,True
I031720,True
I031721,True
I031722,True
I031723,True
I031724,True
I031725,True
I031727,False
I031728,False
I031729,True
I031730,False
I031731,False
I031732,True
I031733,False
I031734,False
I031735,False
I031738,True
I031739,False
I031740,False
I031741,False
I031744,True
I031745,True
I031748,True
I031749,False
I031750,True
I031752,False
I031756,True
I031758,False
I031759,False
I031760,True
I031761,True
I031762,True
I031763,True
I031764,True
I031765,False
I031766,False
I031767,False
I031769,False
I031770,False
I031773,True
I031775,False
I031776,True
I031777,True
I031778,True
I031779,True
I031780,False
I031781,True
I031782,True
I031783,False
I031784,True
I031786,True
I031787,True
I031788,True
I031789,False
I031790,False
I031791,True
I031792,False
I031794,True
I031795,False
I031796,False
I031797,False
I031802,True
I031803,True
I031805,False
I031806,True
I031807,True
I031808,False
I031809,True
I031810,True
I031814,True
I031815,True
I031816,True
I031817,False
I031819,False
I031821,True
I031822,True
I031823,False
I031826,True
I031827,True
I031828,False
I031829,True
I031831,True
I031832,True
I031833,False
I031835,True
I031837,True
I031838,False
I031842,True
I031843,False
I031844,True
I031845,True
I031846,True
I031848,False
I031850,True
I031852,True
I031853,True
I031855,True
I031858,True
I031859,True
I031860,False
I031861,True
I031862,True
I031863,False
I031865,False
I031867,False
I031868,False
I031869,True
I031870,True
I031871,False
I031872,False
I031874,True
I031875,True
I031876,False
I031877,False
I031878,True
I031880,True
I031881,True
I031882,True
I031884,True
I031888,True
I031889,True
I031890,True
I031892,False
I031893,True
I031894,True
I031895,False
I031896,False
I031897,True
I031898,True
I031899,False
I031900,True
I031901,False
I031902,False
I031903,False
I031904,False
I031905,True
I031906,True
I031907,True
I031909,True
I031910,False
I031912,False
I031913,False
I031914,True
I031915,True
I031916,True
I031917,False
I031918,False
I031919,False
I031920,False
I031921,False
I031924,True
I031927,False
I031928,False
I031929,True
I031932,True
I031933,True
I031934,False
I031935,True
I031939,False
I031940,False
I031941,False
I031942,True
I031944,False
I031945,True
I031946,False
I031947,False
I031950,True
I031951,False
I031952,True
I031953,False
I031954,True
I031955,False
I031956,True
I031957,False
I031959,True
I031960,False
I031962,False
I031964,False
I031965,True
I031966,False
I031967,True
I031970,True
I031972,False
I031973,False
I031974,False
I031976,False
I031977,True
I031978,False
I031980,True
I031981,False
I031983,True
I031984,False
I031985,True
I031986,False
I031991,False
I031992,True
I031993,False
I031994,False
I031995,True
I031996,True
I031997,True
I031998,False
I031999,False
I032000,False
I032001,False
I032002,False
I032003,False
I032005,False
I032006,True
I032007,True
I032009,False
I032010,True
I032011,True
I032012,True
I032013,True
I032014,True
I032015,False
I032016,True
I032017,False
I032019,True
I032024,True
I032025,True
I032026,True
I032027,False
I032028,True
I032029,False
I032030,True
I032031,True
I032033,False
I032036,False
I032037,False
I032038,False
I032039,False
I032040,True
I032041,True
I032044,True
I032048,False
I032050,True
I032051,True
I032052,True
I032053,True
I032054,True
I032055,False
I032056,True
I032057,True
I032058,True
I032059,False
I032060,False
I032062,False
I032063,True
I032064,True
I032065,True
I032069,False
I032070,True
I032071,True
I032072,True
I032073,True
I032076,True
I032077,True
I032078,True
I032079,True
I032081,False
I032085,True
I032088,True
I032089,True
I032090,True
I032092,True
I032093,False
I032094,True
I032095,False
I032096,True
I032097,False
I032098,True
I032102,False
I032103,False
I032105,True
I032106,True
I032107,True
I032108,True
I032109,True
I032111,False
I032112,True
I032113,False
I032114,True
I032115,False
I032116,False
I032118,True
I032120,True
I032122,True
I032123,False
I032124,True
I032125,True
I032126,True
I032127,True
I032128,True
I032130,True
I032131,False
I032132,False
I032133,True
I032135,False
I032136,True
I032138,True
I032139,True
I032140,False
I032141,False
I032142,True
I032143,True
I032144,True
I032145,False
I032146,True
I032147,True
I032148,False
I032149,False
I032152,True
I032153,False
I032154,True
I032155,False
I032156,True
I032157,False
I032158,False
I032159,False
I032161,True
I032162,True
I032164,False
I032165,False
I032166,True
I032168,True
I032169,True
I032172,False
I032174,True
I032175,False
I032176,False
I032178,True
I032179,True
I032180,False
I032181,False
I032184,True
I032187,False
I032188,True
I032189,True
I032190,False
I032192,True
I032193,True
I032194,False
I032195,True
I032199,False
I032200,False
I032201,False
I032202,False
I032204,True
I032206,True
I032208,False
I032209,False
I032210,True
I032212,False
I032213,False
I032214,True
I032215,True
I032216,True
I032217,True
I032218,True
I032219,True
I032221,True
I032222,True
I032224,True
I032225,True
I032226,False
I032228,False
I032231,True
I032232,False
I032233,False
I032234,False
I032235,True
I032237,False
I032239,False
I032241,True
I032242,True
I032243,True
I032245,True
I032246,False
I032247,False
I032248,True
I032251,True
I032252,False
I032254,True
I032255,True
I032256,True
I032257,False
I032259,True
I032260,False
I032261,True
I032266,True
I032268,True
I032269,False
I032271,False
I032276,True
I032280,True
I032283,False
I032285,False
I032286,True
I032287,True
I032288,True
I032289,False
I032290,False
I032291,True
I032293,False
I032294,False
I032295,True
I032300,True
I032301,False
I032302,False
I032303,True
I032305,True
I032306,False
I032307,False
I032308,True
I032309,True
I032311,True
I032313,True
I032315,True
I032316,True
I032317,False
I032318,True
I032319,True
I032322,False
I032323,True
I032324,False
I032325,True
I032326,True
I032327,False
I032328,True
I032329,True
I032330,True
I032331,True
I032332,False
I032333,True
I032335,False
I032336,False
I032337,False
I032338,False
I032340,True
I032341,True
I032342,True
I032343,False
I032344,True
I032345,False
I032346,True
I032347,True
I032350,True
I032352,False
I032353,True
I032355,False
I032357,True
I032358,True
I032360,True
I032361,True
I032364,False
I032365,False
I032366,False
I032367,False
I032369,True
I032370,True
I032373,False
I032374,False
I032376,False
I032377,False
I032378,False
I032379,False
I032380,True
I032382,False
I032384,True
I032386,True
I032387,True
I032388,False
I032389,True
I032392,False
I032393,False
I032394,True
I032395,True
I032396,False
I032398,True
I032399,False
I032400,False
I032402,False
I032403,True
I032404,True
I032405,True
I032407,False
I032408,True
I032409,True
I032410,True
I032412,True
I032413,True
I032415,True
I032416,True
I032417,True
I032418,True
I032420,False
I032422,False
I032423,True
I032424,False
I032425,True
I032429,False
I032432,True
I032433,True
I032434,True
I032435,True
I032437,True
I032438,True
I032439,True
I032440,True
I032441,False
I032444,False
I032445,False
I032446,False
I032447,False
I032448,False
I032453,True
I032454,False
I032455,False
I032457,True
I032458,False
I032459,True
I032461,True
I032463,True
I032466,False
I032467,False
I032468,True
I032469,False
I032472,True
I032473,True
I032474,True
I032475,True
I032477,False
I032478,True
I032481,True
I032482,True
I032485,False
I032487,True
I032489,False
I032491,False
I032492,True
I032494,False
I032496,True
I032497,True
I032498,False
I032499,True
I032500,True
I032501,False
I032505,False
I032506,True
I032507,True
I032508,True
I032510,False
I032511,False
I032512,True
I032513,True
I032515,False
I032517,True
I032518,False
I032520,True
I032521,True
I032522,False
I032523,True
I032524,True
I032525,True
I032527,False
I032530,True
I032531,False
I032532,False
I032534,False
I032535,True
I032536,True
I032537,True
I032539,False
I032540,False
I032541,False
I032542,False
I032543,True
I032544,True
I032545,False
I032547,False
I032548,False
I032550,False
I032552,False
I032553,False
I032554,False
I032555,True
I032558,True
I032560,True
I032561,False
I032562,True
I032564,True
I032565,True
I032568,False
I032570,False
I032575,False
I032576,False
I032577,False
I032580,False
I032581,False
I032582,True
I032584,True
I032585,False
I032587,True
I032588,True
I032589,False
I032590,False
I032591,False
I032592,True
I032594,True
I032596,False
I032597,True
I032598,False
I032600,True
I032601,False
I032602,True
I032603,True
I032604,True
I032606,False
I032607,False
I032608,False
I032609,False
I032610,True
I032612,False
I032613,True
I032615,False
I032616,False
I032617,False
I032619,False
I032620,False
I032622,True
I032623,False
I032624,True
I032625,True
I032626,False
I032627,False
I032628,True
I032629,False
I032630,True
I032632,True
I032633,True
I032634,False
I032636,True
I032637,False
I032639,False
I032640,True
I032642,True
I032643,True
I032644,True
I032646,False
I032649,True
I032650,True
I032652,True
I032653,True
I032657,False
I032659,True
I032660,False
I032661,False
I032663,True
I032665,True
I032666,True
I032667,False
I032668,True
I032669,False
I032670,False
I032671,True
I032672,False
I032673,True
I032674,True
I032675,False
I032676,True
I032677,True
I032678,True
I032680,True
I032681,True
I032682,True
I032683,True
I032684,True
I032686,True
I032687,False
I032688,True
I032689,False
I032691,False
I032692,True
I032693,False
I032694,True
I032695,True
I032696,True
I032697,True
I032698,False
I032699,False
I032701,False
I032702,True
I032703,False
I032705,False
I032706,True
I032707,False
I032708,False
I032710,False
I032712,False
I032713,True
I032714,False
I032715,True
I032716,True
I032717,True
I032718,False
I032719,True
I032720,True
I032721,False
I032722,True
I032723,False
I032724,False
I032726,True
I032727,False
I032728,False
I032730,True
I032731,False
I032732,False
I032733,False
I032739,True
I032740,False
I032741,False
I032743,False
I032744,True
I032746,False
I032747,True
I032748,False
I032750,False
I032751,False
I032752,True
I032756,False
I032760,True
I032761,True
I032762,False
I032763,True
I032764,False
I032765,False
I032766,True
I032767,False
I032768,False
I032770,False
I032772,True
I032774,False
I032776,False
I032778,True
I032779,False
I032780,False
I032781,False
I032782,True
I032785,False
I032786,False
I032788,False
I032791,True
I032792,False
I032793,True
I032794,True
I032795,False
I032796,True
I032797,False
I032798,False
I032799,False
I032800,True
I032802,True
I032805,False
I032806,False
I032807,False
I032809,False
I032811,True
I032812,True
I032813,True
I032815,True
I032816,False
I032817,True
I032818,False
I032819,True
I032820,False
I032821,True
I032822,True
I032823,True
I032824,False
I032825,True
I032826,False
I032827,True
I032828,False
I032829,True
I032830,True
I032833,False
I032834,False
I032836,False
I032837,True
I032840,False
I032841,True
I032842,True
I032843,True
I032844,True
I032846,False
I032847,False
I032848,True
I032850,False
I032851,True
I032852,False
I032853,False
I032854,True
I032855,True
I032857,True
I032859,False
I032860,True
I032862,False
I032863,True
I032864,True
I032865,False
I032867,True
I032868,True
I032871,False
I032872,True
I032873,True
I032874,False
I032876,False
I032877,True
I032878,True
I032879,True
I032880,False
I032882,True
I032883,True
I032885,False
I032887,False
I032888,True
I032889,True
I032890,True
I032891,False
I032892,False
I032893,False
I032894,True
I032895,True
I032897,True
I032898,True
I032899,False
I032900,True
I032901,False
I032902,False
I032903,True
I032904,True
I032905,False
I032906,True
I032907,False
I032908,False
I032909,True
I032910,False
I032912,True
I032913,False
I032915,False
I032916,True
I032918,True
I032920,True
I032921,False
I032925,True
I032926,True
I032927,False
I032928,False
I032930,True
I032931,True
I032932,True
I032934,False
I032935,False
I032936,False
I032938,True
I032940,True
I032941,False
I032942,False
I032945,False
I032946,True
I032947,True
I032948,False
I032949,True
I032950,True
I032953,False
I032954,True
I032955,True
I032956,False
I032958,False
I032960,False
I032961,True
I032964,False
I032965,True
I032966,True
I032967,True
I032968,False
I032970,True
I032973,True
I032975,False
I032976,False
I032977,True
I032979,True
I032981,True
I032982,False
I032983,False
I032984,True
I032985,False
I032988,True
I032990,False
I032992,True
I032993,False
I032994,True
I032995,False
I032996,False
I032997,True
I032998,True
I032999,False
I033000,False
I033001,False
I033004,True
I033005,True
I033007,True
I033008,True
I033009,False
I033013,False
I033014,True
I033015,False
I033016,False
I033017,True
I033018,True
I033019,True
I033021,False
I033022,True
I033023,False
I033024,False
I033025,True
I033026,True
I033027,True
I033028,True
I033029,True
I033030,False
I033031,False
I033032,True
I033033,True
I033034,True
I033035,False
I033036,False
I033038,False
I033040,False
I033041,False
I033044,False
I033045,False
I033046,True
I033047,True
I033048,True
I033050,True
I033053,False
I033054,True
I033055,False
I033056,True
I033057,False
I033058,False
I033059,True
I033060,False
I033062,False
I033064,False
I033065,True
I033066,True
I033067,False
I033068,True
I033069,True
I033070,True
I033071,True
I033073,True
I033077,False
I033079,True
I033080,True
I033081,True
I033082,True
I033084,False
I033085,False
I033086,True
I033090,True
I033091,True
I033092,True
I033093,False
I033094,False
I033095,True
I033097,True
I033098,False
I033099,False
I033100,True
I033101,True
I033103,False
I033104,True
I033106,False
I033107,True
I033110,False
I033111,False
I033112,True
I033113,False
I033114,False
I033115,True
I033116,False
I033119,False
I033120,False
I033121,False
I033125,False
I033126,True
I033127,False
I033128,False
I033129,True
I033132,False
I033134,True
I033136,False
I033137,True
I033138,False
I033139,True
I033140,False
I033141,True
I033142,True
I033143,True
I033144,True
I033146,False
I033147,False
I033150,False
I033153,True
I033154,False
I033156,True
I033157,False
I033158,True
I033159,True
I033163,True
I033164,True
I033165,False
I033166,True
I033167,True
I033169,True
I033171,False
I033172,True
I033173,True
I033174,True
I033175,True
I033176,True
I033177,False
I033178,True
I033181,False
I033184,False
I033186,False
I033187,False
I033189,False
I033191,True
I033192,True
I033193,True
I033194,True
I033195,False
I033196,True
I033198,False
I033200,True
I033201,True
I033202,False
I033203,True
I033204,True
I033205,False
I033206,True
I033207,False
I033208,True
I033209,False
I033210,True
I033212,True
I033215,True
I033219,False
I033223,True
I033226,False
I033227,True
I033228,False
I033229,False
I033230,True
I033231,False
I033233,False
I033234,True
I033235,True
I033236,False
I033237,True
I033238,False
I033240,False
I033241,True
I033242,False
I033243,False
I033244,False
I033245,True
I033247,True
I033252,True
I033253,True
I033254,False
I033258,False
I033260,True
I033263,True
I033264,True
I033267,False
I033269,False
I033271,True
I033274,True
I033275,False
I033276,False
I033277,False
I033278,True
I033279,True
I033280,True
I033281,True
I033282,False
I033283,True
I033284,True
I033285,True
I033286,False
I033287,False
I033288,True
I033289,False
I033290,False
I033291,True
I033292,False
I033293,False
I033294,True
I033295,False
I033297,True
I033298,True
I033300,False
I033301,True
I033302,False
I033303,False
I033304,False
I033307,False
I033308,False
I033311,False
I033312,False
I033314,True
I033315,True
I033317,True
I033318,True
I033319,True
I033320,True
I033321,True
I033322,False
I033323,True
I033324,False
I033325,True
I033326,False
I033327,False
I033329,False
I033330,False
I033333,True
I033335,False
I033338,False
I033340,True
I033341,True
I033343,False
I033344,True
I033346,False
I033347,False
I033348,True
I033351,False
I033353,True
I033354,True
I033356,True
I033357,True
I033358,True
I033359,True
I033360,True
I033361,True
I033362,False
I033363,True
I033366,False
I033369,False
I033370,False
I033373,True
I033374,False
I033375,True
I033379,True
I033380,True
I033381,True
I033383,True
I033385,True
I033388,True
I033389,True
I033391,False
I033393,True
I033395,False
I033397,True
I033398,False
I033399,False
I033400,True
I033401,True
I033402,False
I033404,True
I033405,True
I033407,False
I033409,False
I033410,False
I033411,True
I033413,True
I033414,False
I033415,True
I033417,True
I033418,True
I033420,True
I033421,False
I033424,False
I033426,False
I033429,False
I033430,True
I033431,True
I033434,False
I033435,True
I033436,True
I033437,False
I033438,False
I033439,False
I033440,False
I033442,True
I033445,False
I033447,True
I033449,True
I033450,True
I033451,False
I033454,True
I033458,True
I033459,False
I033460,True
I033461,False
I033462,True
I033465,False
I033468,True
I033469,False
I033470,True
I033471,False
I033472,False
I033473,True
I033474,False
I033475,True
I033476,True
I033477,False
I033479,True
I033480,False
I033483,True
I033484,False
I033485,False
I033486,True
I033487,True
I033488,True
I033490,True
I033491,True
I033492,True
I033495,False
I033497,True
I033498,True
I033499,False
I033501,False
I033502,True
I033505,False
I033506,True
I033509,True
I033511,False
I033512,True
I033513,False
I033514,True
I033516,True
I033517,True
I033518,True
I033519,True
I033522,False
I033525,True
I033526,True
I033527,False
I033529,False
I033531,True
I033532,False
I033533,True
I033534,False
I033537,True
I033539,True
I033540,True
I033541,True
I033542,True
I033543,True
I033544,False
I033545,False
I033546,True
I033549,False
I033552,False
I033553,True
I033555,True
I033556,False
I033560,False
I033563,True
I033567,False
I033568,False
I033569,True
I033570,False
I033571,False
I033573,False
I033574,False
I033575,True
I033577,False
I033578,False
I033579,False
I033581,True
I033582,True
I033583,False
I033584,True
I033587,True
I033589,False
I033590,True
I033591,True
I033592,True
I033593,True
I033594,False
I033595,True
I033597,True
I033598,False
I033599,True
I033600,False
I033601,False
I033603,False
I033605,False
I033606,False
I033607,False
I033608,True
I033609,True
I033612,True
I033615,True
I033617,False
I033618,False
I033619,True
I033621,True
I033622,True
I033623,False
I033625,True
I033626,False
I033627,True
I033628,True
I033629,False
I033631,False
I033632,False
I033633,False
I033635,False
I033637,True
I033638,False
I033639,False
I033640,True
I033642,False
I033643,True
I033644,True
I033646,True
I033647,False
I033648,False
I033651,False
I033652,False
I033653,True
I033656,False
I033660,True
I033661,False
I033662,True
I033664,True
I033665,False
I033666,True
I033667,False
I033668,False
I033670,True
I033671,True
I033673,False
I033674,False
I033676,False
I033677,True
I033678,True
I033679,True
I033680,True
I033681,True
I033683,False
I033684,True
I033687,True
I033688,False
I033689,False
I033691,False
I033693,True
I033694,False
I033696,True
I033697,True
I033698,True
I033699,False
I033701,False
I033703,True
I033705,False
I033706,True
I033707,False
I033708,True
I033709,True
I033710,False
I033713,False
I033714,False
I033716,True
I033717,False
I033718,True
I033719,True
I033721,True
I033723,True
I033724,False
I033726,True
I033727,True
I033729,False
I033730,False
I033731,False
I033735,True
I033740,True
I033741,False
I033742,False
I033743,False
I033745,True
I033746,True
I033747,False
I033748,False
I033749,True
I033751,False
I033752,False
I033756,True
I033757,True
I033759,False
I033760,True
I033761,False
I033762,False
I033763,False
I033765,False
I033766,True
I033767,False
I033768,True
I033770,True
I033771,False
I033772,False
I033773,True
I033774,False
I033776,True
I033778,False
I033779,True
I033781,True
I033783,True
I033785,True
I033786,True
I033787,True
I033788,True
I033790,True
I033791,False
I033795,True
I033797,False
I033798,False
I033799,False
I033800,True
I033801,False
I033802,False
I033803,True
I033805,True
I033807,True
I033808,True
I033809,False
I033810,True
I033812,True
I033813,True
I033814,True
I033815,True
I033817,False
I033818,True
I033819,True
I033820,True
I033821,True
I033822,True
I033823,False
I033824,True
I033825,False
I033826,False
I033829,False
I033831,True
I033832,True
I033833,True
I033837,False
I033838,True
I033840,True
I033842,True
I033844,True
I033845,True
I033847,False
I033851,False
I033852,True
I033853,True
I033854,False
I033855,True
I033856,True
I033857,True
I033858,True
I033860,False
I033861,False
I033862,False
I033863,False
I033865,True
I033867,True
I033868,False
I033869,True
I033873,True
I033874,False
I033875,False
I033876,True
I033877,False
I033879,False
I033886,False
I033888,False
I033890,False
I033891,True
I033892,False
I033893,True
I033895,False
I033896,False
I033898,False
I033899,True
I033900,True
I033901,True
I033902,True
I033904,True
I033906,True
I033907,False
I033908,True
I033909,False
I033910,False
I033912,True
I033913,True
I033914,False
I033918,False
I033921,False
I033923,True
I033925,True
I033926,True
I033928,False
I033929,True
I033930,False
I033931,False
I033932,False
I033933,True
I033934,True
I033936,False
I033937,False
I033938,False
I033939,True
I033940,True
I033941,False
I033944,False
I033947,False
I033948,True
I033950,False
I033951,True
I033953,False
I033954,False
I033955,True
I033956,True
I033957,True
I033959,True
I033960,False
I033963,False
I033966,True
I033968,False
I033974,False
I033975,True
I033976,False
I033977,False
I033979,False
I033980,True
I033981,True
I033982,False
I033983,False
I033984,True
I033985,False
I033987,True
I033989,True
I033991,True
I033992,True
I033994,False
I033995,True
I033996,True
I033997,False
I033998,False
I033999,True
I034000,True
I034001,False
I034002,True
I034003,False
I034006,True
I034007,True
I034008,True
I034010,True
I034012,False
I034014,False
I034015,True
I034017,True
I034018,False
I034019,True
I034020,False
I034022,True
I034024,False
I034025,True
I034026,True
I034027,False
I034029,True
I034030,False
I034032,False
I034033,True
I034034,True
I034036,True
I034037,True
I034039,False
I034040,True
I034041,True
I034043,True
I034044,False
I034045,False
I034046,True
I034047,True
I034048,False
I034049,False
I034053,True
I034055,False
I034056,False
I034059,False
I034060,True
I034061,False
I034063,False
I034064,False
I034065,False
I034066,False
I034067,False
I034069,False
I034072,True
I034073,False
I034075,True
I034076,True
I034077,False
I034078,False
I034079,True
I034080,True
I034082,True
I034084,True
I034085,True
I034086,True
I034088,False
I034089,True
I034090,True
I034092,True
I034093,True
I034094,True
I034095,False
I034096,False
I034102,False
I034103,True
I034104,True
I034105,False
I034106,True
I034107,True
I034108,True
I034109,False
I034110,False
I034111,False
I034112,False
I034114,True
I034115,True
I034117,True
I034119,True
I034120,True
I034122,False
I034123,False
I034124,False
I034125,True
I034127,True
I034130,False
I034131,True
I034132,False
I034133,False
I034134,True
I034135,False
I034138,False
I034139,True
I034140,True
I034141,False
I034143,True
I034145,False
I034146,True
I034151,True
I034152,True
I034156,True
I034157,True
I034158,True
I034161,False
I034163,True
I034164,False
I034165,False
I034166,False
I034169,False
I034170,True
I034172,False
I034173,True
I034174,True
I034176,False
I034177,False
I034179,True
I034180,True
I034182,True
I034183,True
I034185,False
I034188,False
I034189,False
I034190,True
I034191,False
I034193,True
I034194,False
I034198,False
I034199,True
I034203,False
I034204,False
I034206,False
I034211,False
I034213,False
I034214,False
I034215,True
I034217,False
I034218,False
I034219,False
I034220,True
I034221,True
I034222,False
I034223,True
I034225,False
I034226,False
I034228,True
I034229,False
I034232,False
I034235,True
I034236,True
I034237,False
I034239,True
I034240,False
I034242,False
I034243,True
I034244,False
I034245,True
I034246,True
I034250,True
I034251,False
I034252,True
I034253,False
I034255,True
I034256,False
I034257,False
I034261,True
I034262,True
I034264,True
I034265,False
I034266,False
I034267,False
I034268,True
I034269,True
I034270,False
I034272,True
I034273,True
I034274,False
I034277,False
I034278,False
I034280,True
I034282,True
I034283,True
I034284,False
I034285,True
I034286,True
I034288,False
I034291,False
I034293,False
I034294,True
I034299,True
I034301,False
I034302,True
I034304,True
I034305,False
I034306,False
I034307,False
I034308,False
I034310,True
I034312,True
I034313,False
I034314,False
I034315,False
I034319,False
I034320,False
I034323,False
I034324,True
I034325,True
I034326,False
I034327,False
I034328,True
I034329,True
I034330,True
I034331,False
I034334,False
I034335,False
I034336,True
I034337,False
I034338,False
I034340,True
I034342,True
I034344,False
I034345,False
I034346,False
I034347,True
I034348,True
I034349,True
I034350,True
I034352,True
I034353,False
I034354,False
I034355,True
I034356,False
I034358,False
I034359,False
I034361,True
I034362,False
I034364,True
I034365,False
I034366,True
I034367,False
I034368,True
I034370,False
I034371,True
I034373,False
I034374,True
I034377,False
I034379,False
I034380,False
I034381,False
I034382,False
I034383,False
I034384,True
I034385,True
I034387,False
I034389,False
I034390,True
I034391,False
I034392,True
I034393,False
I034394,True
I034395,True
I034396,True
I034399,True
I034401,False
I034402,True
I034403,True
I034404,True
I034407,True
I034408,True
I034410,False
I034411,True
I034412,True
I034414,True
I034416,False
I034418,True
I034419,False
I034422,False
I034423,True
I034424,False
I034425,False
I034427,False
I034429,False
I034431,True
I034432,True
I034433,False
I034434,False
I034435,True
I034437,False
I034438,True
I034439,False
I034440,True
I034441,False
I034442,True
I034443,False
I034444,False
I034446,False
I034447,False
I034448,True
I034449,True
I034450,True
I034451,False
I034452,True
I034453,True
I034454,False
I034455,True
I034456,True
I034457,True
I034458,True
I034459,True
I034460,False
I034461,True
I034464,True
I034466,True
I034467,False
I034468,True
I034469,True
I034474,True
I034477,False
I034479,False
I034480,False
I034482,False
I034483,False
I034484,False
I034485,True
I034486,True
I034488,False
I034489,True
I034490,False
I034491,True
I034492,True
I034494,True
I034495,True
I034496,True
I034497,False
I034498,False
I034500,True
I034501,False
I034502,False
I034503,True
I034506,True
I034507,False
I034508,True
I034509,False
I034510,False
I034511,True
I034513,True
I034514,True
I034515,True
I034517,False
I034518,True
I034519,False
I034522,False
I034523,False
I034525,False
I034526,False
I034527,True
I034531,False
I034532,True
I034533,False
I034535,False
I034536,True
I034538,True
I034539,True
I034540,True
I034541,True
I034542,True
I034543,True
I034544,True
I034547,True
I034548,True
I034549,False
I034552,True
I034554,False
I034555,False
I034556,False
I034557,True
I034558,False
I034559,True
I034560,True
I034561,True
I034563,True
I034564,True
I034566,False
I034568,False
I034569,False
I034570,True
I034572,False
I034573,True
I034576,True
I034578,True
I034579,True
I034580,True
I034582,False
I034584,False
I034585,True
I034588,False
I034589,True
I034590,False
I034594,False
I034595,False
I034596,True
I034597,False
I034598,True
I034599,True
I034600,True
I034601,True
I034602,True
I034603,False
I034604,True
I034605,False
I034607,False
I034608,True
I034609,True
I034610,False
I034611,True
I034612,True
I034613,True
I034614,True
I034615,True
I034616,True
I034617,True
I034618,True
I034619,False
I034620,False
I034624,False
I034625,False
I034626,True
I034628,False
I034630,True
I034631,True
I034632,False
I034633,False
I034634,False
I034635,True
I034636,False
I034637,False
I034638,True
I034639,False
I034640,True
I034641,True
I034642,False
I034643,True
I034644,True
I034646,True
I034648,True
I034650,False
I034651,True
I034653,True
I034655,True
I034656,True
I034660,False
I034661,True
I034662,True
I034663,True
I034665,True
I034666,True
I034667,True
I034668,True
I034669,False
I034670,False
I034671,True
I034672,False
I034673,False
I034675,False
I034676,True
I034677,True
I034678,True
I034680,False
I034683,False
I034684,True
I034685,False
I034688,False
I034689,True
I034690,False
I034693,False
I034695,False
I034696,False
I034697,True
I034700,True
I034701,False
I034703,False
I034704,False
I034706,True
I034708,True
I034710,True
I034711,False
I034712,True
I034713,False
I034714,True
I034716,True
I034719,True
I034720,True
I034722,True
I034724,True
I034725,True
I034726,True
I034727,False
I034728,True
I034731,True
I034734,False
I034736,True
I034737,True
I034738,False
I034739,False
I034740,False
I034741,True
I034742,False
I034745,True
I034746,False
I034747,True
I034748,False
I034750,True
I034752,True
I034753,False
I034754,True
I034757,False
I034759,True
I034760,True
I034763,True
I034764,True
I034765,False
I034766,False
I034767,False
I034768,True
I034769,False
I034770,False
I034771,True
I034772,False
I034774,True
I034775,True
I034777,True
I034779,True
I034781,True
I034783,False
I034784,True
I034787,False
I034788,True
I034789,True
I034791,False
I034792,False
I034793,True
I034794,True
I034795,True
I034796,False
I034797,False
I034798,True
I034801,True
I034802,False
I034803,True
I034804,True
I034805,False
I034806,False
I034807,False
I034808,True
I034810,False
I034811,False
I034812,True
I034813,False
I034815,True
I034818,False
I034819,True
I034822,False
I034823,True
I034824,False
I034827,False
I034828,True
I034829,True
I034832,False
I034833,False
I034836,False
I034837,True
I034839,False
I034840,False
I034843,True
I034844,True
I034845,True
I034846,True
I034849,True
I034850,False
I034851,True
I034852,True
I034853,False
I034854,True
I034855,True
I034857,True
I034860,True
I034861,False
I034863,True
I034864,True
I034865,False
I034866,True
I034867,True
I034870,True
I034872,False
I034873,True
I034874,False
I034875,True
I034878,True
I034880,False
I034883,False
I034884,False
I034885,False
I034886,True
I034887,True
I034888,True
I034890,False
I034891,False
I034892,True
I034893,False
I034896,True
I034897,True
I034898,False
I034900,True
I034901,True
I034902,True
I034903,False
I034906,True
I034907,False
I034908,True
I034910,False
I034912,True
I034913,False
I034914,True
I034915,True
I034916,True
I034917,True
I034918,True
I034921,False
I034922,True
I034923,True
I034924,True
I034925,False
I034926,True
I034927,False
I034928,True
I034929,False
I034930,True
I034931,True
I034932,True
I034934,True
I034936,False
I034938,False
I034939,True
I034940,False
I034941,False
I034942,True
I034944,False
I034945,True
I034946,True
I034947,True
I034951,True
I034952,False
I034953,False
I034954,True
I034955,True
I034956,True
I034958,True
I034961,True
I034962,True
I034963,True
I034964,False
I034965,True
I034966,True
I034967,False
I034968,False
I034969,True
I034970,True
I034971,True
I034972,False
I034975,True
I034976,True
I034977,False
I034980,True
I034981,True
I034985,False
I034986,True
I034987,True
I034988,True
I034989,True
I034991,True
I034992,True
I034993,False
I034994,True
I034995,True
I034997,False
I034999,False
I035002,False
I035003,True
I035004,False
I035005,False
I035007,False
I035008,True
I035011,True
I035012,False
I035015,True
I035016,True
I035017,False
I035020,True
I035022,True
I035024,True
I035025,True
I035026,True
I035027,True
I035028,False
I035029,False
I035030,True
I035031,False
I035035,False
I035036,True
I035037,False
I035038,True
I035040,True
I035041,False
I035042,True
I035044,False
I035045,False
I035046,False
I035047,True
I035048,False
I035049,True
I035051,True
I035052,True
I035053,False
I035054,True
I035055,True
I035056,False
I035057,True
I035058,True
I035059,True
I035060,False
I035061,True
I035063,False
I035064,True
I035065,True
I035067,False
I035069,True
I035072,True
I035073,False
I035076,False
I035077,True
I035078,True
I035079,False
I035080,False
I035081,True
I035082,False
I035083,False
I035084,False
I035085,False
I035087,False
I035088,False
I035089,True
I035091,False
I035092,True
I035093,True
I035094,True
I035095,False
I035096,True
I035097,False
I035098,False
I035099,True
I035100,True
I035101,False
I035102,True
I035103,True
I035104,True
I035105,False
I035106,True
I035107,False
I035109,True
I035110,False
I035111,True
I035113,False
I035115,True
I035116,True
I035117,False
I035118,False
I035119,False
I035120,True
I035122,True
I035124,True
I035126,False
I035128,True
I035132,True
I035133,False
I035134,True
I035136,True
I035137,False
I035138,False
I035139,True
I035140,True
I035141,False
I035142,True
I035143,True
I035145,True
I035146,True
I035148,False
I035149,False
I035151,True
I035152,False
I035153,True
I035154,True
I035155,True
I035156,False
I035157,False
I035158,False
I035159,True
I035160,True
I035161,False
I035162,True
I035163,True
I035164,False
I035165,False
I035166,True
I035169,False
I035170,True
I035172,True
I035173,False
I035174,False
I035175,False
I035177,True
I035178,True
I035182,True
I035183,True
I035185,True
I035186,True
I035188,False
I035189,True
I035190,False
I035191,True
I035193,False
I035194,True
I035195,True
I035196,False
I035197,True
I035198,False
I035200,False
I035201,True
I035203,False
I035204,False
I035205,True
I035207,False
I035208,True
I035209,True
I035210,False
I035211,False
I035212,True
I035213,False
I035214,False
I035215,True
I035216,False
I035217,True
I035218,False
I035219,True
I035222,False
I035223,False
I035224,True
I035225,True
I035227,True
I035229,True
I035230,True
I035232,True
I035233,False
I035234,False
I035235,False
I035236,True
I035237,False
I035239,True
I035242,True
I035244,False
I035245,False
I035246,True
I035249,False
I035251,False
I035252,True
I035253,False
I035254,True
I035257,True
I035258,False
I035259,True
I035260,True
I035262,True
I035265,True
I035266,True
I035268,True
I035269,True
I035270,False
I035272,True
I035273,True
I035274,False
I035275,False
I035276,False
I035277,True
I035278,False
I035279,True
I035280,True
I035281,False
I035282,True
I035283,False
I035286,True
I035287,True
I035290,False
I035293,False
I035296,True
I035297,False
I035298,False
I035299,True
I035302,False
I035303,True
I035304,False
I035305,False
I035306,True
I035309,False
I035310,True
I035311,True
I035313,False
I035314,True
I035315,False
I035317,False
I035318,True
I035320,True
I035321,False
I035322,True
I035323,True
I035324,True
I035326,True
I035332,True
I035333,False
I035334,False
I035335,False
I035336,False
I035338,False
I035342,False
I035343,True
I035345,False
I035346,True
I035347,True
I035349,True
I035351,False
I035352,True
I035353,True
I035354,False
I035355,True
I035357,False
I035358,False
I035359,True
I035362,False
I035363,False
I035364,True
I035365,False
I035367,False
I035368,False
I035369,False
I035372,True
I035375,True
I035376,False
I035378,False
I035379,True
I035381,True
I035382,True
I035383,False
I035385,False
I035386,True
I035389,True
I035390,True
I035391,False
I035394,False
I035395,True
I035396,True
I035397,False
I035398,False
I035399,True
I035401,False
I035403,True
I035404,False
I035405,False
I035406,False
I035409,True
I035410,False
I035412,True
I035413,True
I035414,False
I035415,True
I035416,True
I035418,True
I035419,True
I035420,True
I035422,True
I035423,True
I035424,True
I035425,False
I035427,True
I035429,False
I035432,True
I035434,True
I035436,True
I035437,True
I035441,True
I035445,True
I035446,False
I035448,True
I035450,False
I035451,False
I035452,True
I035453,True
I035454,True
I035456,False
I035457,False
I035458,False
I035459,True
I035461,False
I035463,True
I035464,False
I035465,True
I035466,False
I035467,True
I035468,False
I035470,True
I035472,False
I035473,True
I035474,True
I035475,False
I035476,True
I035477,False
I035479,False
I035480,True
I035481,True
I035482,True
I035483,False
I035486,True
I035489,True
I035490,True
I035491,False
I035492,True
I035493,True
I035494,True
I035495,True
I035496,False
I035497,False
I035498,True
I035499,False
I035503,False
I035505,True
I035506,True
I035507,False
I035510,False
I035511,False
I035512,False
I035513,True
I035514,False
I035516,True
I035518,True
I035522,True
I035523,False
I035524,True
I035525,True
I035527,False
I035528,False
I035529,False
I035531,True
I035533,False
I035535,True
I035536,True
I035537,True
I035538,False
I035542,False
I035543,False
I035544,False
I035546,True
I035547,False
I035548,False
I035551,True
I035552,True
I035553,True
I035554,False
I035555,False
I035556,False
I035558,False
I035559,True
I035562,False
I035563,False
I035564,True
I035566,False
I035567,False
I035568,True
I035569,True
I035571,True
I035572,True
I035574,True
I035575,True
I035576,True
I035577,True
I035579,False
I035580,False
I035581,True
I035582,True
I035584,True
I035585,False
I035587,True
I035588,False
I035591,True
I035592,True
I035593,False
I035595,False
I035596,True
I035597,False
I035598,True
I035599,False
I035603,False
I035604,True
I035605,True
I035606,False
I035607,True
I035608,True
I035609,True
I035610,False
I035611,True
I035612,False
I035613,False
I035615,True
I035616,False
I035617,True
I035618,False
I035619,True
I035620,True
I035621,False
I035623,False
I035624,False
I035626,False
I035628,False
I035629,True
I035630,False
I035631,False
I035632,True
I035634,True
I035636,False
I035638,True
I035639,True
I035640,True
I035641,False
I035642,False
I035643,False
I035644,False
I035646,False
I035647,True
I035649,False
I035650,True
I035651,True
I035652,True
I035653,False
I035657,False
I035659,False
I035662,True
I035663,False
I035664,False
I035667,False
I035669,True
I035670,False
I035672,False
I035673,False
I035674,False
I035675,False
I035676,False
I035677,False
I035678,True
I035679,True
I035681,True
I035682,False
I035683,True
I035686,True
I035687,True
I035689,False
I035693,True
I035694,False
I035695,False
I035697,False
I035698,True
I035701,False
I035703,False
I035704,False
I035705,True
I035707,False
I035708,False
I035711,False
I035712,True
I035713,False
I035714,False
I035715,True
I035716,True
I035717,False
I035721,True
I035722,False
I035723,True
I035724,False
I035726,True
I035727,True
I035729,True
I035731,False
I035732,False
I035734,False
I035735,False
I035736,False
I035737,False
I035739,True
I035740,False
I035744,False
I035746,False
I035749,False
I035750,True
I035751,True
I035752,False
I035753,False
I035754,True
I035756,False
I035758,True
I035759,False
I035760,True
I035761,True
I035762,False
I035763,True
I035765,False
I035766,True
I035767,True
I035768,True
I035770,True
I035771,True
I035772,False
I035774,True
I035775,False
I035776,False
I035777,False
I035782,False
I035783,True
I035785,False
I035787,False
I035788,True
I035790,True
I035793,True
I035795,True
I035798,True
I035799,False
I035801,True
I035802,False
I035803,False
I035804,True
I035805,False
I035808,False
I035809,False
I035810,True
I035811,True
I035812,True
I035813,False
I035814,False
I035816,False
I035817,True
I035819,False
I035821,False
I035823,False
I035824,True
I035825,False
I035827,True
I035829,True
I035830,False
I035833,False
I035834,True
I035836,True
I035838,True
I035839,True
I035840,True
I035841,True
I035842,False
I035843,True
I035846,False
I035847,False
I035850,False
I035855,True
I035856,False
I035857,True
I035861,False
I035862,False
I035863,False
I035864,False
I035865,False
I035866,True
I035867,True
I035868,False
I035871,False
I035872,False
I035874,True
I035876,True
I035877,False
I035879,True
I035880,False
I035882,False
I035883,False
I035884,True
I035885,True
I035886,True
I035888,False
I035889,False
I035891,False
I035892,False
I035893,False
I035894,False
I035896,True
I035897,True
I035898,False
I035899,True
I035900,False
I035902,False
I035903,True
I035904,True
I035908,True
I035910,True
I035911,False
I035912,True
I035913,True
I035914,True
I035915,True
I035916,True
I035917,False
I035918,True
I035920,True
I035922,False
I035923,True
I035924,True
I035927,False
I035928,True
I035929,True
I035930,False
I035931,False
I035933,True
I035934,False
I035935,False
I035937,False
I035938,True
I035939,True
I035941,False
I035942,True
I035943,False
I035944,False
I035949,True
I035950,True
I035951,False
I035952,True
I035953,True
I035954,False
I035956,True
I035957,False
I035959,False
I035961,True
I035962,True
I035963,True
I035964,False
I035965,True
I035966,False
I035967,True
I035968,True
I035969,True
I035970,False
I035975,False
I035977,True
I035978,False
I035979,False
I035980,True
I035982,True
I035984,True
I035987,False
I035988,False
I035989,True
I035991,True
I035992,True
I035994,False
I035995,False
I035997,True
I035999,True
I036000,True
I036001,True
I036002,True
I036004,True
I036007,True
I036008,True
I036009,True
I036010,True
I036011,False
I036013,False
I036016,True
I036017,True
I036018,True
I036020,True
I036021,False
I036022,True
I036023,True
I036024,True
I036025,True
I036027,False
I036028,True
I036029,True
I036031,True
I036032,False
I036034,False
I036035,False
I036036,True
I036037,False
I036038,False
I036040,False
I036043,False
I036046,True
I036047,False
I036048,True
I036049,True
I036053,False
I036054,True
I036055,True
I036057,False
I036059,False
I036060,True
I036062,False
I036064,True
I036066,False
I036067,True
I036069,False
I036070,False
I036071,False
I036072,True
I036073,True
I036074,False
I036077,True
I036078,True
I036080,True
I036081,False
I036082,False
I036083,False
I036085,False
I036086,False
I036089,True
I036090,False
I036091,False
I036093,False
I036094,True
I036095,True
I036096,False
I036097,True
I036100,False
I036101,True
I036102,True
I036105,True
I036106,False
I036107,False
I036108,False
I036109,True
I036110,True
I036111,False
I036112,True
I036114,True
I036115,False
I036116,False
I036117,True
I036118,True
I036119,False
I036120,True
I036121,True
I036123,True
I036125,True
I036126,True
I036127,True
I036128,False
I036129,True
I036130,True
I036131,True
I036134,True
I036135,False
I036136,True
I036137,True
I036138,True
I036139,True
I036140,True
I036142,False
I036143,True
I036145,True
I036146,False
I036147,False
I036148,True
I036149,True
I036151,True
I036153,True
I036156,False
I036158,True
I036159,False
I036160,False
I036162,True
I036163,True
I036165,True
I036167,True
I036170,True
I036171,False
I036172,True
I036173,True
I036174,True
I036175,False
I036176,False
I036178,False
I036180,True
I036181,True
I036184,False
I036185,True
I036186,True
I036187,True
I036189,True
I036190,False
I036191,True
I036193,True
I036196,True
I036197,False
I036198,False
I036199,False
I036200,True
I036202,True
I036203,True
I036205,False
I036206,False
I036208,True
I036209,True
I036210,True
I036211,True
I036215,False
I036216,True
I036217,True
I036218,False
I036219,True
I036220,True
I036221,True
I036222,False
I036223,True
I036224,False
I036225,False
I036226,False
I036227,True
I036228,True
I036230,True
I036231,False
I036234,True
I036236,True
I036237,False
I036239,False
I036240,True
I036241,True
I036243,True
I036245,True
I036246,False
I036247,True
I036250,False
I036251,False
I036253,False
I036254,True
I036255,False
I036256,True
I036257,False
I036260,False
I036261,False
I036262,False
I036266,True
I036268,True
I036271,True
I036273,True
I036274,True
I036276,True
I036277,True
I036278,False
I036279,True
I036280,True
I036281,True
I036282,False
I036284,True
I036285,False
I036286,True
I036287,True
I036288,False
I036290,True
I036292,False
I036293,True
I036294,True
I036295,True
I036298,True
I036299,True
I036301,False
I036302,False
I036304,True
I036306,False
I036307,False
I036308,True
I036309,False
I036311,True
I036312,True
I036313,True
I036314,False
I036315,True
I036317,False
I036318,True
I036319,False
I036320,False
I036321,True
I036322,False
I036324,True
I036325,True
I036326,False
I036327,True
I036329,True
I036330,True
I036331,True
I036332,True
I036333,True
I036334,False
I036335,False
I036336,True
I036337,True
I036338,False
I036339,False
I036340,False
I036341,True
I036343,False
I036346,False
I036348,True
I036349,True
I036351,True
I036352,True
I036353,False
I036354,True
I036355,True
I036356,True
I036357,True
I036358,False
I036359,False
I036361,True
I036362,False
I036365,False
I036366,True
I036367,False
I036369,True
I036370,True
I036371,False
I036372,True
I036374,False
I036375,True
I036377,True
I036379,True
I036380,False
I036381,False
I036384,False
I036387,False
I036388,True
I036391,False
I036393,True
I036394,False
I036398,False
I036399,True
I036401,True
I036402,True
I036403,True
I036405,False
I036406,True
I036407,True
I036408,True
I036409,False
I036410,True
I036411,True
I036412,False
I036413,True
I036416,False
I036417,False
I036418,False
I036420,True
I036421,True
I036422,False
I036426,True
I036427,True
I036428,False
I036429,True
I036430,False
I036432,False
I036434,False
I036435,False
I036438,False
I036439,True
I036440,False
I036441,True
I036442,True
I036443,False
I036445,False
I036446,True
I036447,True
I036449,False
I036450,False
I036451,True
I036452,False
I036455,False
I036456,False
I036459,True
I036460,False
I036461,False
I036462,True
I036464,False
I036465,True
I036468,False
I036470,False
I036471,False
I036472,False
I036473,False
I036475,False
I036476,False
I036477,True
I036478,True
I036479,True
I036481,False
I036482,False
I036484,False
I036487,True
I036488,False
I036489,True
I036490,False
I036491,False
I036493,False
I036494,True
I036496,True
I036497,True
I036498,True
I036499,True
I036500,True
I036501,True
I036502,True
I036503,True
I036505,True
I036506,True
I036508,True
I036510,True
I036511,True
I036513,False
I036516,True
I036517,False
I036520,False
I036521,True
I036522,True
I036523,False
I036524,True
I036525,False
I036526,False
I036527,True
I036528,False
I036529,True
I036531,True
I036532,True
I036533,False
I036534,True
I036536,True
I036538,False
I036542,True
I036544,False
I036547,True
I036548,False
I036550,True
I036551,False
I036553,False
I036554,False
I036556,False
I036558,True
I036559,False
I036564,False
I036565,True
I036566,False
I036568,True
I036569,False
I036570,False
I036572,False
I036573,False
I036574,True
I036576,True
I036577,False
I036579,False
I036580,True
I036581,False
I036582,True
I036584,True
I036585,True
I036586,False
I036587,False
I036589,True
I036590,False
I036591,True
I036592,True
I036593,False
I036596,True
I036598,False
I036600,False
I036601,True
I036602,True
I036604,True
I036605,False
I036606,True
I036609,True
I036610,False
I036614,True
I036617,False
I036618,True
I036620,True
I036621,False
I036622,True
I036623,False
I036624,True
I036625,True
I036627,False
I036629,False
I036631,True
I036632,False
I036633,False
I036634,True
I036635,False
I036637,False
I036639,False
I036641,False
I036642,False
I036643,False
I036645,False
I036646,True
I036647,False
I036649,False
I036651,True
I036653,True
I036654,True
I036656,True
I036657,True
I036661,True
I036664,True
I036666,False
I036667,True
I036668,False
I036670,False
I036671,True
I036672,False
I036674,True
I036675,False
I036676,True
I036678,True
I036679,False
I036682,False
I036683,True
I036685,True
I036686,False
I036687,True
I036689,True
I036691,True
I036692,True
I036693,False
I036694,True
I036695,True
I036696,False
I036698,False
I036700,True
I036701,True
I036702,False
I036703,False
I036704,True
I036705,False
I036706,True
I036707,True
I036708,True
I036710,True
I036711,True
I036712,True
I036713,True
I036716,True
I036717,True
I036718,True
I036719,True
I036721,True
I036722,True
I036723,False
I036724,False
I036725,False
I036726,False
I036727,True
I036729,False
I036730,False
I036731,False
I036732,True
I036734,True
I036735,False
I036736,False
I036737,True
I036738,True
I036739,True
I036740,True
I036742,True
I036743,False
I036744,False
I036745,False
I036746,True
I036747,False
I036748,True
I036749,True
I036750,False
I036752,True
I036753,False
I036754,False
I036756,False
I036758,True
I036759,False
I036760,True
I036761,False
I036763,False
I036764,True
I036765,True
I036766,True
I036767,True
I036768,False
I036769,True
I036770,False
I036772,False
I036773,True
I036775,False
I036777,True
I036778,True
I036779,False
I036781,False
I036782,True
I036783,True
I036785,False
I036786,True
I036787,False
I036789,True
I036790,True
I036791,False
I036793,True
I036794,True
I036795,True
I036797,False
I036798,False
I036799,True
I036800,True
I036801,False
I036803,True
I036804,False
I036806,False
I036807,False
I036808,False
I036809,True
I036811,False
I036812,False
I036813,False
I036814,False
I036815,True
I036816,False
I036818,False
I036822,True
I036823,True
I036825,False
I036826,False
I036828,True
I036830,True
I036831,True
I036832,False
I036833,False
I036836,False
I036837,False
I036839,False
I036840,False
I036842,True
I036843,False
I036845,False
I036846,False
I036847,True
I036848,False
I036849,False
I036850,True
I036851,True
I036852,True
I036853,False
I036856,True
I036857,False
I036859,False
I036861,True
I036862,True
I036863,True
I036865,True
I036866,False
I036867,True
I036869,True
I036872,True
I036873,True
I036874,True
I036875,True
I036876,True
I036877,True
I036878,True
I036879,False
I036884,False
I036885,False
I036886,True
I036887,False
I036889,True
I036891,False
I036892,False
I036893,True
I036894,True
I036895,True
I036896,True
I036899,False
I036900,False
I036901,True
I036903,True
I036905,False
I036909,False
I036910,True
I036911,False
I036913,True
I036914,True
I036915,False
I036916,True
I036917,False
I036919,False
I036921,False
I036922,True
I036923,False
I036924,True
I036925,True
I036926,False
I036927,True
I036928,True
I036929,False
I036931,False
I036932,True
I036933,False
I036934,False
I036936,True
I036937,True
I036938,False
I036939,True
I036941,False
I036943,True
I036944,False
I036945,False
I036946,True
I036947,True
I036948,True
I036950,True
I036951,False
I036952,True
I036953,False
I036957,False
I036959,True
I036960,True
I036961,True
I036962,False
I036963,True
I036966,False
I036968,True
I036969,True
I036970,True
I036972,True
I036974,True
I036975,False
I036976,True
I036977,True
I036978,False
I036979,True
I036980,True
I036981,False
I036982,True
I036984,True
I036985,False
I036986,False
I036987,False
I036988,False
I036990,False
I036991,True
I036992,True
I036993,True
I036994,True
I036995,True
I036998,False
I036999,True
I037001,True
I037002,True
I037003,True
I037004,True
I037006,False
I037008,False
I037010,False
I037011,True
I037012,True
I037014,False
I037015,True
I037016,False
I037017,False
I037019,False
I037020,False
I037022,False
I037023,True
I037024,True
I037026,False
I037028,False
I037030,False
I037031,True
I037032,False
I037033,False
I037034,False
I037035,False
I037036,False
I037038,True
I037040,False
I037041,True
I037042,True
I037043,True
I037044,False
I037046,True
I037052,False
I037053,True
I037055,True
I037056,True
I037062,True
I037063,False
I037064,True
I037065,True
I037068,True
I037070,False
I037074,False
I037075,False
I037076,True
I037078,False
I037080,True
I037081,True
I037084,False
I037087,True
I037088,False
I037089,False
I037092,False
I037093,True
I037094,True
I037095,False
I037096,True
I037101,True
I037102,True
I037104,False
I037105,True
I037106,True
I037107,True
I037108,False
I037110,True
I037111,True
I037113,True
I037115,False
I037116,True
I037119,True
I037120,True
I037121,True
I037122,True
I037123,True
I037125,False
I037126,True
I037127,True
I037128,True
I037129,True
I037130,True
I037132,True
I037134,True
I037135,True
I037136,False
I037138,False
I037141,False
I037142,False
I037143,True
I037144,True
I037145,True
I037146,True
I037149,False
I037150,True
I037151,True
I037152,False
I037153,True
I037154,True
I037155,False
I037157,True
I037158,True
I037160,False
I037161,False
I037162,False
I037163,True
I037164,False
I037165,False
I037166,False
I037167,False
I037171,False
I037172,True
I037173,True
I037175,False
I037176,True
I037178,True
I037180,True
I037181,True
I037182,False
I037183,False
I037186,True
I037187,False
I037188,True
I037189,True
I037190,False
I037191,False
I037193,False
I037194,False
I037196,False
I037197,False
I037199,False
I037201,False
I037202,False
I037203,True
I037204,False
I037205,False
I037208,False
I037209,True
I037211,False
I037212,False
I037213,True
I037214,False
I037215,True
I037216,False
I037217,True
I037219,False
I037220,False
I037223,False
I037225,False
I037226,True
I037228,True
I037230,True
I037231,False
I037233,False
I037234,True
I037235,False
I037236,False
I037237,False
I037238,False
I037240,True
I037241,True
I037242,True
I037243,False
I037244,True
I037246,False
I037247,True
I037250,True
I037251,False
I037252,False
I037253,True
I037255,False
I037256,False
I037257,True
I037261,True
I037262,True
I037263,False
I037264,True
I037265,True
I037268,False
I037269,False
I037271,False
I037275,False
I037276,True
I037278,True
I037279,False
I037280,False
I037281,False
I037282,True
I037283,False
I037287,True
I037289,True
I037290,False
I037292,True
I037293,True
I037297,False
I037298,True
I037299,False
I037300,False
I037301,False
I037302,True
I037303,True
I037304,True
I037305,True
I037306,False
I037307,True
I037308,True
I037309,False
I037310,True
I037313,False
I037315,True
I037316,False
I037317,True
I037319,True
I037320,False
I037322,False
I037323,True
I037324,True
I037325,True
I037326,False
I037329,True
I037330,False
I037332,True
I037333,True
I037335,True
I037336,True
I037337,True
I037338,True
I037340,True
I037341,False
I037342,False
I037345,False
I037346,True
I037347,True
I037348,False
I037349,False
I037350,True
I037351,True
I037352,True
I037354,False
I037355,True
I037357,False
I037358,True
I037360,True
I037361,True
I037364,True
I037365,True
I037366,False
I037367,True
I037368,True
I037369,True
I037371,False
I037372,True
I037373,False
I037375,False
I037376,True
I037377,True
I037378,True
I037379,False
I037380,True
I037381,True
I037382,True
I037383,False
I037384,False
I037387,True
I037389,False
I037391,False
I037392,True
I037393,True
I037394,True
I037395,False
I037398,False
I037400,False
I037401,True
I037402,True
I037403,False
I037404,False
I037405,False
I037408,False
I037409,False
I037410,False
I037411,False
I037412,False
I037413,False
I037416,False
I037417,True
I037420,True
I037422,True
I037423,True
I037424,False
I037427,False
I037428,True
I037429,False
I037430,False
I037431,False
I037435,False
I037436,True
I037437,True
I037438,True
I037439,True
I037440,True
I037442,True
I037443,True
I037444,False
I037446,False
I037447,True
I037448,False
I037449,False
I037451,False
I037453,False
I037454,False
I037456,False
I037458,True
I037459,False
I037460,False
I037464,True
I037465,True
I037468,True
I037469,False
I037470,True
I037473,False
I037475,False
I037476,True
I037477,True
I037478,True
I037479,False
I037480,True
I037481,False
I037482,False
I037483,False
I037484,True
I037485,True
I037487,True
I037489,True
I037490,False
I037491,False
I037492,True
I037497,False
I037498,True
I037501,False
I037502,True
I037503,True
I037504,False
I037505,False
I037506,True
I037507,True
I037508,False
I037510,False
I037512,False
I037513,False
I037514,False
I037515,True
I037516,True
I037517,False
I037518,True
I037519,False
I037521,False
I037522,False
I037523,False
I037525,True
I037526,True
I037527,False
I037528,False
I037530,True
I037533,False
I037535,True
I037536,True
I037538,False
I037539,False
I037540,True
I037541,True
I037542,True
I037544,True
I037546,True
I037547,False
I037548,False
I037552,True
I037554,True
I037555,False
I037556,True
I037558,False
I037559,False
I037560,False
I037561,True
I037562,True
I037563,False
I037564,False
I037565,True
I037566,False
I037567,False
I037569,False
I037570,True
I037571,False
I037572,False
I037573,True
I037574,False
I037575,True
I037576,False
I037578,False
I037580,True
I037581,False
I037582,True
I037583,False
I037584,True
I037585,True
I037586,False
I037588,True
I037589,False
I037590,False
I037591,False
I037593,True
I037594,True
I037595,True
I037600,False
I037602,False
I037603,True
I037604,False
I037605,False
I037606,False
I037607,True
I037608,True
I037609,True
I037610,True
I037611,False
I037612,False
I037613,False
I037615,False
I037616,False
I037617,False
I037618,True
I037621,False
I037622,False
I037623,True
I037624,True
I037626,False
I037628,False
I037629,False
I037630,False
I037631,True
I037632,False
I037634,True
I037635,False
I037636,False
I037638,False
I037640,True
I037641,False
I037643,True
I037644,False
I037645,False
I037647,True
I037648,False
I037649,False
I037650,True
I037653,False
I037654,False
I037656,False
I037658,False
I037659,False
I037663,False
I037665,False
I037666,True
I037667,True
I037668,False
I037669,False
I037671,True
I037672,True
I037673,False
I037675,True
I037676,False
I037677,True
I037678,False
I037679,True
I037680,False
I037681,True
I037682,False
I037683,True
I037684,False
I037685,True
I037686,False
I037687,True
I037688,True
I037689,True
I037690,True
I037692,True
I037693,False
I037694,False
I037695,True
I037697,False
I037698,True
I037699,False
I037700,True
I037701,True
I037702,True
I037703,True
I037704,True
I037705,False
I037706,True
I037708,True
I037709,True
I037710,True
I037712,True
I037713,False
I037714,True
I037715,True
I037717,False
I037718,False
I037719,True
I037720,True
I037721,False
I037723,False
I037724,False
I037725,True
I037726,False
I037727,False
I037728,True
I037729,False
I037730,False
I037731,True
I037733,True
I037735,True
I037737,False
I037738,False
I037739,False
I037740,True
I037741,True
I037744,True
I037745,False
I037746,False
I037748,True
I037749,False
I037750,True
I037752,False
I037753,False
I037754,True
I037755,True
I037756,False
I037757,True
I037761,True
I037763,False
I037764,True
I037765,False
I037766,True
I037767,False
I037768,False
I037771,False
I037772,True
I037774,True
I037776,True
I037777,True
I037779,False
I037780,True
I037781,True
I037782,True
I037785,False
I037786,True
I037787,True
I037789,False
I037791,False
I037792,False
I037793,False
I037795,False
I037798,False
I037800,True
I037802,False
I037803,True
I037805,False
I037806,True
I037807,False
I037808,False
I037811,True
I037812,False
I037813,False
I037814,False
I037815,True
I037818,True
I037819,True
I037820,True
I037821,False
I037822,True
I037823,True
I037825,False
I037826,True
I037827,False
I037828,False
I037831,False
I037832,True
I037834,False
I037835,True
I037836,True
I037838,True
I037839,True
I037840,False
I037843,True
I037844,True
I037846,False
I037847,False
I037848,True
I037849,True
I037850,True
I037851,True
I037852,True
I037854,True
I037856,True
I037857,True
I037858,False
I037859,True
I037860,False
I037862,True
I037863,True
I037864,False
I037865,True
I037867,True
I037869,False
I037870,False
I037871,False
I037872,False
I037877,True
I037878,False
I037879,True
I037882,False
I037883,False
I037885,False
I037888,False
I037889,False
I037890,True
I037892,True
I037893,False
I037894,True
I037896,False
I037897,False
I037900,True
I037903,True
I037904,True
I037905,False
I037907,True
I037909,True
I037911,True
I037912,False
I037914,False
I037916,True
I037917,False
I037919,False
I037921,True
I037922,False
I037923,True
I037925,True
I037928,False
I037929,False
I037930,False
I037931,True
I037932,True
I037933,False
I037935,False
I037938,True
I037939,False
I037940,True
I037941,True
I037944,True
I037945,True
I037946,True
I037948,True
I037949,True
I037952,False
I037954,False
I037955,True
I037956,False
I037957,False
I037958,False
I037960,True
I037962,False
I037963,True
I037965,True
I037968,False
I037970,True
I037971,True
I037972,True
I037973,False
I037974,False
I037976,False
I037979,False
I037980,True
I037981,True
I037982,True
I037983,True
I037984,False
I037985,True
I037986,True
I037987,True
I037989,True
I037992,False
I037993,False
I037994,True
I037997,False
I037999,False
I038000,False
I038001,True
I038006,True
I038007,False
I038008,False
I038009,False
I038010,True
I038011,True
I038013,True
I038014,False
I038015,True
I038016,False
I038017,False
I038019,False
I038020,True
I038022,False
I038023,False
I038024,False
I038026,True
I038027,True
I038029,False
I038036,False
I038038,True
I038039,True
I038041,True
I038042,True
I038043,True
I038045,False
I038046,True
I038047,False
I038048,False
I038049,False
I038051,True
I038053,True
I038054,False
I038056,False
I038057,True
I038059,False
I038062,True
I038063,True
I038064,False
I038065,True
I038067,False
I038068,False
I038069,False
I038070,False
I038071,False
I038072,True
I038073,False
I038075,True
I038077,True
I038078,False
I038079,True
I038081,True
I038082,True
I038084,False
I038085,True
I038086,True
I038088,False
I038089,False
I038092,True
I038094,True
I038095,True
I038096,False
I038097,True
I038098,True
I038100,False
I038101,True
I038102,False
I038104,False
I038106,True
I038107,True
I038112,True
I038113,False
I038114,True
I038115,False
I038116,True
I038117,True
I038118,True
I038119,True
I038122,False
I038123,True
I038124,False
I038125,True
I038127,False
I038128,False
I038129,False
I038130,False
I038131,False
I038134,False
I038135,True
I038137,True
I038139,True
I038142,True
I038143,False
I038144,False
I038145,False
I038146,True
I038148,False
I038150,False
I038151,True
I038152,False
I038156,True
I038158,True
I038159,True
I038160,False
I038161,False
I038165,True
I038166,False
I038167,False
I038168,False
I038171,True
I038172,True
I038173,True
I038174,True
I038175,False
I038176,False
I038177,True
I038179,False
I038180,False
I038181,False
I038182,False
I038184,True
I038185,True
I038186,False
I038187,False
I038189,True
I038191,False
I038193,True
I038194,True
I038195,True
I038197,False
I038198,False
I038199,False
I038201,False
I038202,False
I038203,True
I038204,False
I038205,True
I038206,True
I038207,False
I038208,True
I038209,False
I038210,True
I038211,True
I038212,False
I038213,True
I038215,True
I038216,True
I038217,True
I038218,True
I038219,True
I038222,True
I038224,False
I038226,True
I038227,False
I038229,False
I038231,False
I038232,True
I038236,False
I038239,False
I038242,False
I038243,False
I038245,True
I038246,False
I038248,True
I038249,True
I038250,False
I038252,False
I038253,False
I038254,False
I038257,True
I038258,True
I038259,True
I038260,True
I038262,False
I038263,False
I038265,False
I038267,True
I038268,True
I038271,False
I038272,True
I038273,False
I038274,True
I038275,True
I038276,True
I038277,False
I038278,True
I038279,True
I038280,False
I038281,False
I038282,False
I038283,True
I038284,True
I038285,True
I038288,False
I038289,True
I038292,False
I038293,False
I038294,False
I038296,True
I038298,True
I038299,False
I038300,True
I038304,True
I038306,False
I038307,True
I038312,True
I038313,False
I038315,False
I038316,True
I038318,False
I038319,False
I038320,False
I038321,True
I038322,True
I038323,True
I038324,True
I038325,True
I038327,True
I038328,True
I038329,False
I038330,False
I038332,True
I038336,False
I038337,False
I038339,False
I038340,True
I038341,True
I038342,True
I038343,False
I038344,False
I038345,True
I038346,True
I038349,False
I038350,True
I038351,False
I038352,False
I038353,True
I038354,True
I038355,True
I038356,True
I038357,False
I038358,False
I038359,False
I038363,True
I038364,False
I038365,False
I038366,False
I038367,False
I038368,True
I038369,True
I038370,True
I038372,False
I038373,True
I038378,False
I038380,False
I038381,False
I038382,True
I038383,False
I038384,True
I038385,False
I038386,False
I038387,True
I038388,False
I038389,False
I038391,True
I038394,False
I038396,True
I038399,False
I038400,True
I038403,False
I038404,True
I038405,False
I038406,True
I038407,False
I038408,False
I038409,True
I038411,True
I038415,True
I038416,False
I038418,False
I038419,True
I038420,True
I038421,True
I038422,True
I038424,False
I038426,False
I038427,True
I038428,True
I038429,True
I038431,False
I038432,False
I038433,True
I038435,False
I038437,True
I038438,False
I038439,True
I038440,False
I038441,True
I038444,False
I038445,True
I038446,True
I038447,False
I038448,True
I038454,False
I038456,True
I038457,True
I038459,False
I038460,False
I038461,True
I038463,False
I038465,False
I038467,True
I038468,False
I038470,False
I038472,True
I038473,True
I038475,True
I038479,True
I038480,True
I038481,True
I038482,True
I038485,True
I038488,True
I038489,True
I038490,True
I038491,False
I038492,True
I038494,False
I038495,True
I038496,True
I038497,False
I038498,False
I038499,False
I038501,True
I038502,False
I038504,True
I038506,True
I038507,True
I038508,True
I038509,True
I038514,False
I038517,True
I038518,True
I038520,False
I038524,False
I038526,False
I038528,True
I038531,False
I038532,True
I038533,True
I038534,True
I038535,False
I038536,False
I038537,False
I038538,False
I038539,False
I038540,False
I038541,True
I038543,False
I038544,False
I038546,True
I038547,True
I038548,True
I038549,True
I038550,False
I038551,False
I038552,True
I038555,True
I038557,False
I038558,True
I038559,True
I038564,False
I038565,False
I038568,True
I038569,False
I038570,True
I038571,True
I038572,True
I038573,False
I038575,False
I038576,False
I038577,False
I038580,False
I038581,False
I038582,False
I038583,True
I038584,True
I038585,False
I038586,True
I038587,False
I038588,True
I038589,False
I038591,True
I038595,True
I038596,True
I038598,True
I038599,False
I038600,True
I038601,False
I038602,False
I038603,False
I038604,True
I038605,True
I038606,True
I038607,True
I038608,True
I038609,True
I038612,True
I038614,False
I038617,True
I038618,False
I038619,False
I038620,True
I038621,True
I038622,False
I038623,True
I038625,True
I038626,False
I038627,True
I038629,True
I038630,True
I038631,True
I038634,False
I038636,True
I038637,True
I038638,True
I038639,True
I038640,False
I038643,True
I038644,True
I038645,False
I038646,True
I038648,True
I038650,False
I038652,False
I038653,True
I038654,False
I038656,True
I038658,True
I038660,False
I038661,False
I038664,False
I038665,False
I038666,False
I038667,True
I038670,True
I038672,True
I038674,True
I038680,True
I038683,False
I038684,False
I038686,True
I038687,True
I038688,False
I038689,False
I038690,False
I038691,False
I038693,False
I038694,False
I038695,False
I038696,True
I038697,False
I038699,False
I038701,False
I038705,True
I038706,True
I038708,False
I038709,False
I038712,False
I038713,False
I038714,True
I038715,True
I038717,True
I038718,False
I038719,False
I038722,True
I038723,True
I038724,True
I038727,True
I038728,True
I038729,True
I038732,False
I038733,False
I038734,False
I038737,True
I038738,True
I038739,False
I038741,False
I038742,True
I038743,False
I038744,False
I038745,True
I038746,True
I038748,False
I038749,False
I038750,True
I038751,True
I038752,True
I038753,True
I038754,True
I038755,False
I038756,True
I038757,False
I038759,True
I038760,True
I038761,True
I038766,False
I038767,False
I038768,True
I038769,True
I038774,False
I038777,False
I038778,False
I038779,False
I038780,True
I038783,False
I038784,False
I038785,True
I038787,True
I038790,False
I038794,False
I038796,True
I038797,True
I038798,False
I038799,True
I038800,True
I038802,True
I038806,False
I038807,True
I038808,True
I038809,False
I038810,False
I038811,False
I038812,True
I038814,True
I038817,True
I038818,False
I038819,True
I038821,True
I038822,False
I038824,False
I038825,False
I038827,False
I038828,True
I038830,True
I038833,True
I038834,True
I038837,True
I038838,False
I038839,True
I038840,True
I038842,True
I038843,False
I038844,False
I038845,True
I038847,True
I038848,False
I038849,True
I038851,False
I038852,True
I038853,False
I038854,False
I038855,True
I038857,False
I038859,True
I038860,False
I038861,True
I038862,True
I038863,False
I038865,False
I038866,True
I038870,True
I038871,True
I038872,True
I038875,True
I038878,False
I038879,True
I038884,True
I038885,True
I038886,True
I038887,True
I038888,True
I038889,True
I038890,False
I038891,True
I038892,True
I038893,False
I038894,False
I038896,False
I038897,True
I038898,True
I038899,True
I038900,False
I038902,True
I038903,False
I038904,True
I038905,True
I038907,False
I038909,True
I038910,True
I038911,False
I038912,True
I038914,False
I038915,True
I038917,True
I038918,False
I038919,True
I038920,False
I038921,True
I038922,False
I038923,True
I038924,False
I038925,False
I038927,False
I038928,False
I038929,True
I038930,True
I038933,True
I038935,False
I038937,True
I038940,False
I038941,False
I038942,True
I038943,True
I038945,True
I038946,False
I038947,False
I038948,True
I038949,False
I038951,True
I038952,True
I038953,False
I038954,False
I038956,False
I038957,False
I038958,True
I038959,False
I038960,False
I038961,True
I038963,True
I038964,True
I038965,True
I038966,False
I038968,True
I038969,True
I038971,True
I038972,True
I038974,True
I038975,False
I038976,True
I038977,False
I038978,False
I038979,True
I038980,False
I038981,True
I038982,True
I038983,False
I038984,False
I038986,True
I038989,True
I038990,True
I038991,True
I038992,False
I038994,True
I038995,True
I038997,False
I038999,False
I039000,False
I039002,False
I039004,False
I039006,False
I039007,True
I039008,False
I039009,True
I039011,True
I039013,True
I039014,False
I039015,False
I039016,False
I039017,False
I039018,False
I039019,False
I039020,False
I039021,True
I039023,True
I039024,False
I039025,True
I039027,False
I039028,True
I039029,False
I039031,False
I039033,True
I039035,False
I039036,False
I039038,True
I039039,False
I039040,True
I039042,True
I039043,False
I039044,True
I039046,True
I039048,True
I039049,True
I039051,True
I039052,True
I039054,False
I039056,True
I039057,False
I039058,False
I039060,True
I039061,False
I039062,True
I039063,False
I039064,True
I039065,True
I039066,False
I039067,False
I039068,True
I039069,False
I039070,True
I039074,False
I039075,False
I039077,False
I039078,False
I039079,False
I039080,True
I039081,True
I039082,False
I039083,True
I039084,False
I039085,True
I039086,True
I039087,False
I039089,True
I039090,True
I039093,True
I039094,True
I039095,True
I039097,True
I039101,True
I039105,True
I039106,True
I039107,True
I039109,False
I039112,True
I039113,False
I039114,True
I039116,True
I039117,False
I039118,False
I039119,False
I039120,True
I039122,True
I039124,False
I039125,True
I039127,True
I039128,False
I039132,False
I039133,False
I039134,True
I039136,True
I039137,False
I039138,True
I039139,False
I039140,True
I039141,False
I039142,False
I039146,True
I039147,False
I039148,True
I039149,True
I039150,True
I039151,False
I039152,True
I039154,True
I039156,False
I039158,True
I039160,False
I039161,False
I039162,True
I039164,True
I039165,False
I039166,True
I039167,True
I039168,True
I039171,True
I039172,True
I039173,False
I039175,True
I039176,True
I039177,True
I039179,True
I039180,True
I039181,True
I039182,True
I039183,False
I039184,True
I039185,True
I039186,False
I039187,True
I039188,False
I039189,True
I039190,True
I039191,True
I039192,False
I039193,True
I039195,True
I039196,False
I039197,True
I039198,True
I039199,False
I039200,True
I039201,False
I039202,False
I039203,False
I039205,True
I039206,True
I039207,True
I039208,False
I039209,False
I039210,True
I039211,False
I039213,True
I039214,True
I039215,False
I039216,False
I039217,False
I039219,False
I039221,True
I039222,True
I039223,True
I039225,False
I039226,False
I039227,True
I039228,False
I039229,True
I039232,False
I039234,False
I039235,False
I039237,True
I039238,False
I039239,True
I039240,False
I039245,False
I039247,False
I039248,True
I039249,True
I039251,True
I039252,True
I039253,True
I039254,True
I039255,True
I039257,True
I039259,True
I039260,True
I039261,True
I039263,True
I039267,True
I039268,True
I039269,True
I039271,True
I039272,False
I039273,False
I039274,False
I039276,False
I039277,True
I039282,True
I039284,False
I039286,False
I039287,True
I039288,False
I039289,False
I039290,True
I039293,False
I039294,True
I039295,False
I039297,False
I039298,False
I039299,True
I039300,True
I039301,True
I039302,True
I039303,True
I039304,True
I039305,True
I039306,True
I039307,True
I039308,False
I039311,True
I039312,True
I039313,True
I039314,True
I039315,True
I039316,True
I039319,True
I039320,False
I039322,False
I039323,True
I039324,True
I039326,True
I039327,False
I039328,False
I039329,True
I039330,True
I039331,False
I039333,True
I039334,True
I039335,True
I039337,False
I039339,False
I039340,False
I039341,False
I039343,True
I039344,False
I039347,True
I039348,True
I039349,False
I039350,True
I039351,True
I039352,True
I039353,False
I039354,False
I039355,True
I039356,True
I039357,True
I039358,True
I039359,True
I039360,False
I039361,True
I039362,True
I039363,True
I039367,False
I039369,False
I039371,False
I039373,False
I039374,True
I039375,False
I039376,True
I039377,False
I039378,False
I039380,False
I039381,True
I039383,False
I039384,True
I039385,False
I039386,True
I039390,False
I039391,True
I039392,False
I039393,False
I039395,True
I039398,True
I039400,False
I039402,False
I039403,True
I039404,True
I039405,False
I039406,True
I039408,True
I039409,True
I039410,False
I039411,True
I039412,True
I039414,False
I039415,True
I039416,True
I039417,False
I039418,False
I039420,True
I039421,True
I039422,False
I039423,True
I039424,True
I039425,True
I039426,True
I039427,True
I039428,False
I039429,True
I039430,False
I039433,True
I039434,True
I039437,True
I039439,True
I039440,False
I039442,True
I039443,True
I039445,False
I039448,False
I039450,True
I039451,False
I039452,True
I039453,True
I039455,True
I039460,True
I039461,True
I039462,False
I039463,False
I039464,True
I039465,False
I039467,False
I039468,False
I039469,True
I039470,True
I039471,True
I039472,False
I039473,True
I039475,True
I039477,True
I039478,True
I039479,False
I039480,False
I039482,True
I039483,True
I039487,True
I039488,False
I039489,False
I039491,True
I039492,False
I039493,False
I039494,True
I039495,True
I039496,False
I039497,False
I039499,False
I039500,False
I039501,False
I039504,True
I039505,False
I039506,True
I039507,True
I039508,True
I039509,True
I039511,False
I039512,False
I039513,True
I039514,False
I039515,False
I039516,True
I039517,False
I039518,False
I039519,True
I039520,True
I039521,False
I039523,False
I039524,False
I039527,True
I039528,True
I039529,True
I039532,True
I039533,True
I039534,True
I039535,True
I039536,False
I039537,False
I039538,False
I039539,False
I039540,True
I039541,True
I039542,False
I039543,True
I039546,True
I039547,True
I039548,False
I039549,False
I039550,True
I039553,True
I039556,True
I039557,False
I039559,True
I039560,False
I039561,True
I039562,False
I039563,False
I039564,True
I039565,True
I039567,True
I039569,False
I039570,True
I039571,False
I039572,True
I039573,False
I039574,True
I039575,True
I039578,False
I039579,False
I039580,False
I039581,False
I039583,True
I039584,False
I039585,True
I039592,False
I039595,False
I039596,False
I039597,False
I039598,False
I039599,False
I039600,False
I039601,True
I039603,True
I039604,False
I039606,False
I039607,False
I039608,True
I039609,False
I039610,True
I039611,True
I039612,True
I039613,True
I039614,True
I039616,False
I039617,True
I039619,False
I039620,False
I039621,True
I039624,True
I039627,False
I039628,True
I039629,False
I039630,True
I039632,True
I039633,True
I039634,False
I039637,True
I039638,False
I039640,True
I039641,False
I039643,False
I039644,False
I039645,True
I039646,False
I039647,False
I039649,False
I039650,False
I039651,True
I039653,True
I039654,True
I039655,False
I039657,True
I039659,True
I039660,True
I039661,False
I039662,True
I039663,True
I039664,True
I039666,False
I039668,True
I039672,False
I039673,True
I039676,True
I039677,True
I039678,True
I039679,True
I039680,True
I039681,True
I039682,True
I039683,False
I039684,True
I039686,True
I039687,True
I039688,True
I039689,True
I039690,True
I039691,False
I039693,False
I039694,True
I039695,True
I039696,False
I039699,True
I039700,True
I039701,False
I039703,False
I039704,False
I039705,True
I039710,True
I039711,True
I039712,True
I039713,True
I039714,False
I039715,False
I039716,False
I039718,True
I039720,False
I039721,True
I039722,False
I039723,True
I039724,True
I039725,False
I039727,False
I039728,True
I039729,True
I039732,True
I039733,False
I039735,True
I039737,True
I039738,True
I039740,False
I039741,True
I039742,True
I039744,True
I039745,True
I039746,True
I039747,True
I039748,False
I039749,False
I039750,True
I039751,True
I039753,False
I039756,True
I039759,True
I039761,True
I039762,True
I039763,False
I039765,False
I039766,False
I039767,False
I039772,True
I039774,False
I039775,False
I039776,False
I039778,True
I039779,True
I039782,False
I039784,False
I039785,True
I039786,False
I039787,True
I039788,True
I039789,True
I039790,True
I039791,False
I039792,False
I039794,False
I039795,True
I039796,False
I039797,False
I039800,False
I039803,False
I039804,False
I039805,False
I039806,True
I039807,True
I039809,False
I039811,True
I039812,False
I039815,False
I039816,True
I039817,False
I039818,False
I039819,False
I039820,False
I039821,False
I039822,True
I039824,False
I039825,False
I039826,True
I039827,True
I039828,True
I039831,False
I039833,True
I039834,False
I039835,False
I039836,True
I039838,True
I039841,True
I039842,False
I039844,True
I039845,True
I039846,True
I039847,True
I039850,True
I039851,False
I039852,False
I039853,False
I039854,False
I039855,False
I039858,False
I039860,True
I039862,True
I039863,True
I039864,True
I039866,True
I039870,False
I039872,True
I039873,False
I039875,True
I039876,False
I039878,True
I039879,False
I039880,False
I039882,False
I039883,False
I039884,True
I039885,False
I039886,False
I039887,True
I039888,True
I039889,False
I039890,False
I039891,True
I039892,True
I039893,True
I039894,False
I039895,True
I039896,False
I039897,False
I039898,False
I039899,True
I039901,True
I039903,False
I039904,False
I039905,False
I039906,True
I039907,False
I039912,False
I039914,True
I039915,False
I039918,True
I039920,False
I039921,True
I039922,True
I039924,True
I039927,True
I039928,True
I039929,True
I039930,True
I039933,True
I039934,True
I039936,False
I039937,False
I039938,True
I039940,False
I039941,False
I039943,False
I039946,False
I039947,True
I039948,False
I039949,True
I039951,False
I039954,True
I039956,True
I039957,True
I039958,True
I039959,True
I039962,False
I039963,True
I039964,True
I039965,True
I039966,False
I039967,True
I039968,False
I039970,True
I039971,True
I039974,False
I039975,True
I039977,False
I039978,True
I039979,False
I039980,False
I039985,True
I039987,True
I039988,True
I039991,False
I039993,False
I039994,True
I039995,False
I039996,False
I039997,False
I040000,True
I040002,False
I040003,True
I040005,True
I040006,True
I040009,True
I040011,False
I040013,False
I040014,False
I040015,True
I040017,True
I040018,True
I040019,False
I040022,True
I040023,True
I040024,True
I040025,True
I040026,False
I040027,False
I040029,True
I040030,False
I040031,False
I040034,True
I040036,True
I040038,False
I040040,False
I040041,False
I040042,False
I040046,False
I040049,True
I040050,True
I040051,False
I040053,True
I040058,True
I040059,False
I040061,False
I040063,True
I040064,True
I040065,True
I040067,True
I040068,False
I040070,True
I040071,True
I040072,False
I040075,False
I040076,True
I040077,False
I040078,False
I040080,False
I040081,False
I040082,True
I040083,True
I040085,True
I040087,True
I040089,True
I040090,False
I040091,False
I040092,True
I040093,True
I040097,False
I040104,True
I040105,False
I040108,True
I040109,True
I040112,True
I040113,True
I040114,True
I040116,True
I040117,True
I040118,False
I040121,False
I040122,False
I040123,True
I040124,True
I040126,True
I040131,False
I040133,True
I040134,False
I040135,True
I040137,False
I040141,False
I040145,True
I040149,True
I040150,True
I040151,False
I040156,True
I040157,True
I040160,True
I040164,True
I040165,True
I040166,True
I040167,True
I040168,False
I040169,False
I040170,False
I040172,True
I040173,True
I040174,True
I040178,False
I040180,True
I040181,True
I040190,True
I040192,False
I040193,True
I040200,False
I040201,False
I040206,True
I040208,True
I040209,False
I040211,True
I040212,False
I040214,True
I040218,True
I040220,True
I040221,True
I040222,False
I040223,True
I040224,False
I040225,True
I040226,False
I040227,False
I040228,False
I040231,True
I040235,True
I040238,False
I040241,True
I040242,False
I040244,True
I040246,False
I040248,True
I040250,True
I040252,False
I040253,True
I040254,False
I040257,False
I040262,False
I040264,True
I040265,True
I040266,False
I040269,True
I040270,True
I040273,False
I040275,False
I040276,True
I040278,True
I040279,True
I040280,False
I040282,True
I040283,True
I040285,True
I040286,False
I040287,True
I040288,True
I040291,False
I040293,False
I040294,False
I040295,True
I040298,True
I040300,True
I040301,False
I040302,False
I040305,False
I040307,False
I040310,False
I040311,False
I040313,True
I040314,True
I040315,True
I040316,False
I040317,True
I040320,True
I040323,False
I040327,False
I040330,True
I040332,False
I040334,False
I040335,True
I040336,False
I040337,False
I040339,True
I040340,False
I040341,True
I040342,False
I040344,False
I040346,False
I040352,False
I040355,False
I040357,True
I040358,False
I040361,False
I040365,False
I040366,False
I040368,False
I040369,True
I040372,False
I040376,False
I040377,True
I040378,False
I040379,False
I040380,True
I040385,False
I040391,False
I040394,True
I040398,False
I040399,False
I040400,False
I040402,False
I040406,True
I040407,True
I040408,False
I040411,False
I040412,False
I040415,True
I040419,True
I040420,True
I040421,True
I040425,True
I040427,True
I040429,False
I040432,False
I040434,False
I040435,True
I040436,True
I040438,True
I040439,False
I040444,False
I040446,True
I040447,True
I040450,True
I040452,True
I040453,True
I040455,True
I040456,False
I040458,False
I040461,True
I040462,False
I040465,False
I040469,True
I040471,True
I040472,True
I040473,True
I040474,True
I040476,True
I040479,False
I040480,True
I040481,False
I040482,True
I040483,False
I040484,True
I040486,False
I040488,True
I040491,False
I040497,True
I040499,False
I040500,True
I040502,False
I040504,True
I040505,False
I040506,False
I040508,True
I040512,False
I040513,False
I040515,True
I040516,False
I040518,False
I040520,True
I040522,True
I040524,False
I040525,True
I040527,True
I040528,True
I040530,True
I040532,True
I040536,True
I040540,True
I040542,False
I040543,True
I040544,True
I040546,False
I040548,False
I040551,True
I040552,False
I040555,True
I040556,False
I040557,False
I040559,True
I040561,False
I040562,True
I040563,False
I040564,True
I040565,False
I040566,False
I040568,False
I040572,False
I040574,True
I040575,True
I040576,True
I040577,True
I040578,False
I040581,False
I040582,True
I040583,False
I040584,True
I040585,True
I040586,True
I040589,True
I040590,True
I040593,True
I040594,True
I040596,True
I040597,False
I040599,False
I040600,False
I040601,False
I040602,False
I040603,True
I040604,False
I040609,True
I040611,True
I040613,False
I040615,False
I040616,True
I040617,False
I040619,True
I040620,True
I040624,False
I040625,True
I040627,False
I040628,False
I040629,True
I040631,False
I040635,True
I040636,False
I040637,False
I040638,True
I040639,False
I040640,True
I040642,True
I040644,True
I040646,False
I040648,True
I040650,False
I040655,True
I040656,False
I040657,False
I040658,True
I040659,True
I040660,True
I040661,False
I040662,False
I040664,False
I040666,False
I040667,False
I040669,True
I040670,True
I040671,False
I040672,True
I040673,True
I040675,True
I040676,False
I040678,True
I040680,False
I040685,False
I040687,True
I040689,True
I040690,True
I040691,True
I040693,False
I040696,True
I040699,False
I040701,True
I040702,False
I040706,True
I040707,True
I040708,False
I040709,False
I040712,False
I040713,True
I040714,True
I040715,True
I040720,True
I040721,False
I040722,False
I040724,True
I040725,True
I040727,True
I040732,True
I040733,False
I040737,False
I040739,True
I040741,True
I040742,True
I040746,True
I040748,True
I040749,True
I040750,True
I040751,False
I040752,False
I040753,False
I040754,False
I040756,True
I040762,False
I040763,False
I040765,True
I040768,False
I040770,True
I040771,True
I040772,True
I040774,True
I040775,True
I040777,True
I040778,True
I040782,False
I040784,False
I040785,False
I040786,True
I040787,True
I040788,False
I040789,False
I040793,True
I040794,False
I040797,False
I040798,True
I040800,False
I040801,False
I040802,True
I040803,False
I040811,True
I040813,True
I040814,False
I040815,False
I040820,True
I040821,False
I040823,True
I040825,False
I040826,True
I040828,False
I040829,False
I040830,True
I040833,True
I040838,False
I040839,True
I040840,True
I040842,True
I040843,True
I040844,False
I040845,False
I040847,False
I040848,False
I040849,True
I040852,True
I040855,True
I040856,False
I040857,False
I040859,False
I040861,True
I040862,True
I040864,True
I040866,False
I040868,True
I040870,False
I040871,False
I040872,True
I040873,True
I040874,True
I040877,True
I040879,False
I040880,False
I040881,False
I040882,True
I040883,False
I040885,True
I040886,False
I040889,True
I040890,False
I040891,False
I040892,False
I040897,False
I040899,False
I040900,True
I040901,False
I040905,False
I040906,False
I040910,True
I040911,True
I040913,True
I040924,True
I040925,False
I040926,True
I040927,True
I040929,True
I040930,True
I040933,True
I040934,False
I040938,False
I040940,True
I040941,True
I040942,True
I040944,False
I040946,False
I040947,True
I040948,False
I040950,True
I040951,True
I040952,True
I040953,False
I040954,True
I040955,True
I040958,False
I040960,False
I040961,False
I040963,False
I040965,True
I040966,True
I040967,True
I040972,False
I040973,True
I040975,False
I040976,False
I040981,True
I040983,False
I040984,True
I040985,True
I040987,False
I040988,True
I040989,True
I040990,False
I040992,False
I040994,False
I040995,True
I040996,True
I040999,True
I041000,True
I041001,True
I041002,True
I041006,False
I041007,True
I041008,True
I041010,True
I041012,True
I041013,False
I041014,True
I041017,True
I041018,True
I041020,False
I041021,True
I041023,True
I041024,True
I041025,True
I041026,False
I041027,True
I041028,False
I041029,True
I041031,False
I041032,True
I041034,False
I041037,False
I041038,False
I041040,False
I041041,True
I041042,False
I041043,False
I041046,False
I041047,False
I041048,False
I041050,False
I041052,True
I041055,False
I041057,True
I041061,False
I041062,True
I041066,True
I041068,False
I041071,True
I041072,False
I041074,False
I041075,True
I041076,False
I041077,True
I041088,False
I041093,False
I041094,True
I041095,False
I041098,True
I041099,False
I041100,True
I041101,True
I041102,True
I041103,False
I041104,True
I041108,False
I041109,True
I041112,False
I041113,False
I041114,True
I041118,False
I041119,False
I041120,False
I041121,True
I041126,False
I041133,True
I041134,False
I041136,False
I041137,True
I041142,True
I041143,True
I041144,False
I041145,True
I041150,False
I041155,True
I041156,True
I041159,False
I041160,True
I041161,True
I041164,True
I041166,False
I041167,False
I041170,True
I041171,True
I041172,True
I041174,True
I041178,False
I041179,True
I041180,False
I041183,False
I041184,False
I041186,True
I041187,False
I041188,True
I041189,True
I041190,True
I041191,True
I041193,True
I041196,True
I041197,True
I041199,True
I041201,False
I041203,False
I041204,True
I041205,True
I041208,True
I041209,True
I041211,False
I041213,False
I041215,False
I041217,True
I041222,False
I041223,True
I041224,True
I041225,False
I041228,True
I041229,True
I041231,True
I041232,False
I041233,True
I041235,True
I041236,False
I041237,False
I041238,False
I041239,True
I041240,True
I041241,True
I041243,False
I041245,True
I041246,False
I041247,False
I041248,False
I041249,False
I041250,False
I041252,True
I041254,True
I041257,False
I041259,False
I041260,False
I041261,False
I041263,False
I041264,False
I041267,False
I041268,True
I041271,False
I041273,False
I041274,True
I041275,True
I041277,True
I041280,True
I041282,True
I041285,False
I041286,False
I041288,False
I041290,False
I041292,True
I041293,True
I041294,True
I041295,True
I041296,False
I041298,False
I041301,False
I041302,True
I041304,False
I041305,False
I041308,False
I041310,True
I041311,False
I041312,False
I041315,True
I041318,True
I041319,False
I041320,False
I041322,False
I041323,False
I041325,False
I041329,True
I041331,False
I041332,True
I041333,False
I041340,True
I041343,False
I041344,True
I041346,False
I041348,False
I041349,False
I041350,True
I041352,True
I041353,False
I041354,True
I041356,False
I041358,True
I041359,False
I041360,False
I041364,True
I041365,True
I041366,False
I041367,False
I041368,True
I041370,False
I041371,True
I041374,True
I041376,True
I041377,True
I041378,False
I041381,False
I041382,False
I041386,False
I041387,False
I041393,False
I041394,True
I041395,False
I041398,True
I041399,False
I041400,False
I041403,False
I041404,False
I041406,True
I041408,False
I041409,True
I041411,False
I041415,True
I041418,True
I041419,True
I041420,True
I041421,True
I041422,True
I041424,False
I041425,False
I041428,True
I041429,False
I041432,False
I041434,False
I041435,False
I041437,True
I041438,True
I041439,True
I041441,False
I041444,True
I041446,True
I041448,False
I041449,True
I041450,True
I041453,True
I041457,False
I041458,True
I041464,False
I041468,False
I041471,True
I041472,False
I041474,False
I041475,False
I041479,False
I041481,True
I041482,False
I041483,False
I041484,False
I041485,True
I041488,True
I041490,False
I041491,False
I041492,True
I041493,False
I041494,False
I041495,False
I041497,True
I041499,False
I041504,False
I041508,False
I041509,True
I041510,True
I041512,False
I041513,False
I041516,False
I041517,True
I041519,True
I041521,True
I041525,False
I041528,False
I041529,True
I041531,False
I041534,True
I041535,True
I041536,False
I041537,True
I041538,False
I041539,True
I041541,True
I041543,False
I041546,False
I041547,True
I041548,False
I041551,True
I041554,True
I041555,False
I041558,True
I041559,False
I041562,False
I041563,True
I041564,False
I041566,False
I041568,False
I041570,True
I041573,True
I041575,True
I041576,False
I041577,False
I041578,True
I041579,True
I041580,True
I041581,True
I041585,False
I041586,True
I041587,True
I041594,True
I041597,False
I041599,True
I041601,True
I041603,False
I041604,False
I041607,True
I041608,False
I041610,False
I041611,False
I041612,False
I041614,False
I041616,False
I041617,False
I041618,True
I041619,False
I041620,True
I041622,True
I041623,True
I041630,True
I041631,True
I041632,True
I041633,True
I041636,False
I041638,True
I041640,True
I041641,False
I041642,True
I041643,True
I041646,False
I041648,False
I041651,True
I041656,False
I041658,False
I041659,False
I041661,True
I041663,False
I041665,True
I041666,True
I041667,True
I041668,False
I041670,False
I041671,False
I041672,False
I041677,True
I041678,False
I041680,True
I041683,True
I041684,False
I041686,True
I041687,False
I041689,True
I041690,False
I041691,False
I041693,True
I041695,True
I041696,True
I041697,True
I041698,True
I041700,True
I041702,False
I041703,True
I041704,False
I041705,True
I041707,False
I041709,False
I041714,True
I041715,True
I041717,False
I041718,False
I041721,True
I041722,False
I041723,False
I041724,True
I041727,True
I041728,False
I041729,True
I041730,False
I041731,True
I041732,False
I041733,False
I041735,True
I041736,False
I041737,False
I041738,True
I041739,True
I041745,True
I041746,True
I041748,False
I041749,True
I041750,True
I041752,True
I041753,False
I041754,False
I041755,True
I041759,False
I041764,True
I041766,True
I041767,False
I041769,True
I041772,True
I041773,True
I041776,True
I041778,True
I041780,True
I041781,True
I041785,True
I041787,False
I041788,True
I041789,False
I041791,False
I041793,True
I041794,True
I041796,False
I041799,False
I041800,True
I041802,True
I041804,False
I041806,False
I041807,False
I041809,False
I041811,True
I041812,False
I041813,False
I041818,False
I041821,True
I041822,True
I041823,False
I041825,True
I041828,False
I041830,False
I041833,False
I041835,True
I041836,False
I041837,False
I041838,True
I041839,False
I041840,True
I041843,False
I041844,False
I041845,True
I041847,False
I041848,True
I041849,True
I041851,True
I041853,True
I041854,True
I041855,False
I041856,True
I041857,True
I041858,False
I041859,False
I041860,True
I041862,True
I041864,True
I041865,False
I041867,False
I041868,False
I041871,False
I041873,False
I041875,False
I041877,True
I041879,False
I041880,True
I041883,False
I041888,False
I041889,True
I041891,False
I041892,False
I041896,True
I041897,True
I041898,True
I041899,False
I041900,False
I041903,True
I041904,False
I041905,False
I041906,False
I041907,True
I041908,False
I041909,False
I041910,True
I041911,False
I041918,True
I041919,True
I041920,False
I041921,False
I041924,True
I041926,False
I041930,False
I041931,False
I041933,False
I041937,False
I041938,True
I041939,True
I041940,True
I041942,False
I041943,False
I041944,True
I041946,True
I041949,True
I041950,False
I041951,True
I041955,False
I041957,False
I041958,True
I041963,False
I041964,True
I041966,False
I041967,True
I041968,True
I041969,False
I041971,True
I041972,True
I041974,False
I041975,False
I041978,True
I041979,True
I041980,True
I041981,True
I041982,False
I041986,False
I041987,False
I041989,True
I041990,True
I041991,True
I041992,True
I041993,False
I041994,False
I041995,True
I042002,False
I042006,True
I042008,True
I042009,True
I042010,False
I042011,True
I042014,False
I042016,False
I042017,True
I042019,True
I042020,True
I042022,False
I042028,False
I042029,True
I042030,False
I042032,False
I042036,True
I042037,False
I042040,True
I042042,False
I042044,True
I042045,True
I042047,True
I042051,False
I042052,True
I042053,True
I042055,True
I042056,False
I042057,True
I042058,True
I042061,True
I042062,True
I042064,True
I042068,True
I042069,True
I042071,True
I042073,True
I042077,True
I042081,False
I042083,True
I042085,False
I042086,False
I042087,False
I042088,True
I042092,False
I042094,True
I042095,False
I042097,False
I042099,False
I042100,False
I042101,False
I042102,True
I042103,True
I042104,False
I042106,False
I042108,False
I042109,True
I042110,True
I042111,True
I042112,True
I042113,False
I042116,True
I042117,True
I042119,True
I042121,False
I042122,False
I042123,False
I042125,False
I042127,False
I042129,True
I042130,True
I042132,False
I042135,True
I042137,False
I042138,True
I042139,True
I042141,False
I042144,False
I042148,False
I042150,False
I042152,True
I042153,False
I042154,False
I042156,True
I042157,False
I042158,True
I042159,False
I042160,False
I042161,False
I042163,True
I042165,True
I042166,True
I042168,False
I042171,False
I042177,True
I042178,True
I042179,False
I042181,True
I042183,True
I042185,True
I042186,True
I042188,False
I042189,False
I042190,True
I042191,True
I042193,True
I042194,True
I042195,True
I042197,True
I042201,False
I042204,True
I042206,True
I042207,True
I042213,True
I042217,True
I042219,True
I042225,False
I042228,True
I042231,True
I042232,False
I042233,False
I042234,True
I042240,True
I042242,False
I042243,True
I042245,True
I042247,True
I042248,True
I042249,False
I042250,False
I042251,True
I042252,False
I042254,True
I042255,True
I042257,True
I042258,False
I042259,False
I042260,True
I042261,False
I042264,True
I042266,False
I042267,False
I042271,False
I042273,True
I042274,False
I042276,False
I042277,True
I042279,False
I042280,False
I042281,False
I042284,False
I042285,True
I042289,False
I042290,True
I042293,True
I042294,True
I042295,True
I042296,False
I042297,False
I042298,True
I042300,False
I042301,True
I042302,True
I042304,True
I042306,True
I042307,False
I042311,False
I042312,False
I042315,False
I042317,False
I042322,True
I042323,True
I042325,False
I042327,True
I042330,False
I042331,False
I042333,True
I042334,True
I042335,False
I042337,True
I042339,True
I042343,False
I042353,False
I042354,False
I042356,True
I042359,False
I042360,True
I042361,True
I042362,True
I042363,True
I042365,True
I042366,True
I042368,True
I042370,True
I042372,False
I042385,False
I042386,True
I042388,False
I042390,False
I042392,True
I042398,True
I042400,False
I042401,False
I042405,True
I042406,False
I042407,False
I042409,True
I042411,False
I042412,True
I042414,False
I042415,True
I042419,True
I042421,True
I042422,True
I042424,True
I042430,False
I042432,True
I042435,False
I042436,False
I042438,True
I042441,False
I042443,True
I042444,True
I042451,True
I042453,True
I042455,True
I042458,False
I042461,False
I042465,False
I042471,True
I042472,True
I042473,True
I042474,False
I042475,False
I042476,True
I042478,True
I042479,False
I042481,False
I042482,False
I042484,False
I042486,True
I042487,True
I042488,False
I042489,False
I042494,False
I042495,True
I042497,False
I042499,True
I042500,False
I042501,True
I042502,False
I042506,True
I042507,True
I042508,True
I042509,True
I042512,True
I042513,True
I042514,False
I042515,True
I042521,True
I042523,False
I042524,False
I042526,True
I042528,False
I042529,True
I042531,False
I042533,False
I042534,True
I042535,True
I042536,True
I042537,False
I042540,True
I042544,True
I042545,False
I042546,True
I042547,True
I042550,False
I042554,False
I042555,True
I042556,False
I042559,True
I042562,False
I042563,True
I042565,True
I042568,False
I042569,True
I042570,True
I042573,False
I042576,False
I042578,True
I042579,False
I042580,False
I042585,False
I042586,True
I042588,False
I042590,False
I042591,True
I042595,True
I042599,True
I042600,False
I042602,True
I042603,True
I042605,True
I042607,False
I042608,False
I042609,True
I042611,True
I042613,True
I042616,False
I042617,True
I042618,True
I042621,False
I042622,True
I042626,False
I042630,True
I042631,True
I042633,False
I042635,True
I042637,True
I042638,True
I042640,False
I042648,True
I042649,False
I042651,False
I042653,False
I042655,True
I042659,True
I042662,False
I042663,True
I042666,True
I042668,True
I042669,True
I042670,True
I042671,True
I042673,True
I042674,False
I042678,False
I042679,True
I042680,False
I042681,True
I042682,False
I042686,True
I042687,True
I042688,False
I042692,True
I042696,True
I042697,False
I042699,False
I042702,True
I042703,False
I042707,False
I042708,False
I042709,False
I042710,True
I042712,True
I042716,False
I042720,False
I042721,False
I042722,False
I042724,False
I042725,False
I042726,True
I042728,True
I042729,True
I042731,False
I042733,False
I042734,True
I042735,True
I042736,True
I042737,True
I042739,False
I042741,False
I042742,False
I042744,False
I042745,True
I042746,True
I042748,False
I042749,True
I042754,True
I042755,True
I042756,False
I042759,True
I042760,True
I042763,True
I042764,True
I042765,True
I042766,False
I042767,True
I042768,True
I042770,True
I042771,True
I042772,True
I042775,True
I042776,False
I042777,False
I042778,False
I042781,False
I042782,False
I042785,True
I042786,False
I042788,True
I042789,False
I042790,True
I042791,False
I042792,False
I042793,True
I042796,True
I042797,True
I042798,True
I042800,True
I042801,False
I042802,False
I042804,True
I042808,True
I042810,True
I042811,False
I042812,False
I042813,False
I042814,True
I042815,False
I042816,True
I042818,False
I042821,True
I042823,True
I042828,True
I042829,False
I042831,False
I042833,True
I042834,True
I042835,True
I042836,True
I042839,True
I042840,True
I042841,True
I042842,True
I042844,True
I042845,True
I042846,True
I042851,True
I042853,False
I042854,True
I042855,True
I042856,True
I042858,False
I042859,True
I042861,True
I042862,False
I042863,True
I042865,False
I042866,True
I042868,False
I042872,False
I042873,True
I042875,True
I042877,False
I042880,False
I042881,False
I042882,False
I042885,False
I042887,False
I042889,False
I042891,False
I042892,True
I042893,True
I042895,True
I042896,True
I042898,True
I042900,True
I042901,False
I042902,True
I042904,True
I042908,True
I042913,False
I042915,False
I042917,True
I042918,True
I042920,True
I042921,False
I042922,True
I042924,True
I042925,True
I042928,True
I042931,True
I042933,True
I042934,False
I042937,False
I042938,True
I042942,True
I042945,False
I042947,False
I042949,False
I042950,False
I042952,False
I042954,False
I042955,False
I042957,True
I042959,True
I042960,True
I042962,True
I042965,True
I042970,False
I042971,True
I042972,True
I042973,True
I042975,False
I042976,False
I042978,True
I042981,True
I042984,False
I042986,False
I042987,True
I042988,True
I042989,False
I042991,False
I042992,False
I042994,False
I042995,True
I042996,True
I042997,True
I042999,True
I043004,False
I043005,True
I043006,False
I043007,False
I043009,True
I043010,False
I043011,False
I043012,True
I043015,True
I043017,True
I043019,False
I043020,False
I043021,False
I043024,True
I043031,True
I043032,True
I043034,True
I043035,True
I043036,False
I043037,False
I043038,False
I043039,True
I043040,True
I043044,True
I043045,False
I043046,True
I043048,False
I043050,False
I043052,True
I043053,False
I043054,True
I043057,True
I043058,True
I043059,True
I043060,True
I043061,True
I043062,True
I043063,True
I043065,True
I043066,False
I043067,True
I043068,False
I043072,False
I043075,True
I043076,False
I043077,False
I043078,False
I043080,False
I043081,True
I043083,True
I043084,True
I043085,False
I043088,True
I043089,True
I043090,False
I043092,False
I043096,False
I043100,True
I043101,True
I043103,False
I043104,False
I043105,False
I043114,True
I043118,True
I043119,False
I043122,True
I043123,False
I043124,True
I043125,True
I043126,True
I043129,False
I043130,False
I043131,True
I043132,False
I043136,True
I043138,False
I043139,True
I043140,True
I043143,True
I043144,False
I043146,True
I043147,True
I043149,False
I043151,True
I043152,True
I043154,True
I043160,False
I043164,True
I043171,False
I043176,False
I043179,False
I043180,False
I043181,False
I043183,False
I043184,True
I043189,True
I043191,False
I043195,False
I043196,True
I043197,False
I043199,True
I043200,True
I043201,False
I043202,False
I043204,True
I043205,False
I043209,True
I043210,False
I043211,False
I043213,False
I043214,True
I043215,True
I043216,False
I043217,False
I043220,True
I043221,True
I043222,False
I043227,False
I043228,True
I043229,False
I043231,True
I043233,True
I043234,True
I043237,True
I043239,True
I043243,True
I043245,False
I043247,False
I043248,False
I043250,False
I043251,False
I043254,False
I043255,True
I043257,False
I043260,True
I043263,True
I043266,False
I043271,False
I043275,False
I043277,True
I043279,True
I043281,False
I043283,False
I043286,True
I043287,False
I043288,True
I043289,False
I043290,True
I043292,False
I043293,False
I043297,True
I043299,False
I043301,True
I043302,True
I043306,True
I043307,False
I043310,False
I043312,False
I043316,False
I043317,False
I043320,False
I043321,True
I043324,False
I043326,True
I043327,False
I043328,True
I043329,True
I043330,True
I043333,True
I043334,False
I043335,True
I043336,False
I043337,True
I043338,False
I043341,False
I043342,True
I043344,False
I043345,True
I043347,True
I043348,False
I043349,True
I043350,False
I043351,False
I043354,True
I043355,False
I043356,True
I043358,False
I043359,True
I043360,True
I043361,True
I043362,False
I043363,False
I043364,True
I043366,True
I043367,True
I043368,False
I043371,True
I043372,True
I043373,True
I043374,False
I043376,True
I043378,False
I043379,True
I043381,True
I043384,False
I043385,True
I043388,False
I043389,False
I043390,False
I043392,False
I043397,True
I043398,False
I043400,False
I043401,False
I043402,True
I043404,False
I043405,False
I043406,True
I043407,False
I043408,True
I043411,False
I043413,True
I043414,True
I043415,True
I043417,False
I043418,True
I043420,True
I043422,True
I043425,True
I043426,False
I043432,False
I043433,False
I043434,True
I043436,True
I043439,True
I043441,False
I043445,True
I043446,True
I043447,True
I043448,True
I043449,True
I043450,False
I043451,True
I043452,True
I043453,False
I043461,False
I043462,False
I043464,False
I043467,False
I043469,False
I043470,True
I043472,True
I043473,False
I043474,True
I043476,True
I043477,True
I043480,True
I043482,False
I043484,True
I043485,False
I043488,False
I043489,False
I043490,False
I043491,False
I043492,True
I043496,True
I043498,False
I043499,False
I043500,True
I043501,False
I043503,True
I043504,False
I043509,False
I043510,False
I043511,True
I043514,False
I043515,True
I043518,False
I043519,False
I043521,True
I043523,False
I043524,True
I043526,False
I043527,True
I043529,True
I043530,False
I043531,True
I043532,False
I043535,True
I043536,True
I043537,True
I043540,True
I043541,True
I043542,False
I043543,False
I043547,False
I043548,False
I043549,True
I043552,False
I043553,True
I043554,False
I043555,True
I043557,False
I043559,False
I043561,False
I043562,False
I043564,False
I043565,True
I043567,True
I043571,False
I043572,False
I043573,False
I043575,True
I043576,False
I043580,False
I043582,False
I043583,False
I043584,True
I043588,True
I043589,True
I043593,False
I043594,False
I043595,True
I043596,True
I043597,False
I043598,False
I043600,False
I043603,False
I043604,False
I043605,True
I043607,True
I043610,False
I043611,True
I043619,True
I043620,False
I043621,False
I043623,False
I043626,True
I043627,True
I043628,False
I043629,True
I043630,False
I043631,False
I043635,False
I043637,True
I043638,True
I043642,True
I043643,False
I043644,False
I043645,False
I043646,True
I043648,True
I043651,True
I043652,False
I043653,True
I043661,False
I043663,True
I043665,True
I043667,True
I043668,True
I043670,True
I043672,True
I043676,True
I043677,True
I043680,True
I043681,False
I043685,True
I043689,False
I043693,True
I043694,False
I043695,True
I043697,True
I043699,False
I043701,True
I043704,True
I043707,False
I043709,False
I043710,True
I043711,True
I043712,True
I043713,True
I043714,True
I043715,True
I043718,True
I043721,False
I043722,True
I043725,False
I043726,False
I043727,True
I043732,True
I043733,True
I043734,False
I043735,True
I043736,True
I043737,False
I043738,True
I043739,False
I043740,False
I043742,True
I043743,True
I043753,False
I043756,True
I043757,True
I043758,False
I043760,False
I043761,False
I043762,False
I043763,True
I043765,True
I043766,False
I043767,False
I043770,True
I043772,True
I043774,True
I043775,False
I043778,True
I043779,False
I043782,True
I043783,False
I043784,True
I043787,False
I043788,True
I043790,False
I043791,True
I043792,True
I043793,False
I043794,False
I043795,False
I043796,True
I043797,True
I043800,True
I043802,True
I043806,True
I043808,False
I043809,False
I043810,False
I043811,False
I043812,False
I043813,True
I043816,False
I043817,True
I043820,True
I043821,False
I043822,False
I043824,False
I043825,True
I043829,True
I043830,False
I043831,False
I043833,False
I043834,False
I043837,False
I043838,False
I043839,True
I043840,True
I043841,True
I043845,False
I043847,False
I043848,True
I043856,True
I043857,True
I043859,True
I043861,True
I043862,False
I043864,True
I043865,False
I043867,False
I043868,True
I043872,False
I043873,True
I043875,False
I043876,True
I043881,True
I043882,True
I043883,False
I043884,True
I043887,False
I043888,False
I043889,False
I043890,False
I043895,False
I043897,True
I043898,False
I043899,False
I043902,True
I043906,True
I043909,True
I043911,False
I043912,False
I043914,True
I043915,True
I043916,True
I043917,True
I043918,True
I043920,True
I043922,False
I043924,False
I043926,True
I043927,True
I043928,False
I043930,True
I043932,True
I043934,True
I043936,False
I043940,True
I043941,True
I043943,False
I043946,False
I043949,False
I043950,False
I043951,True
I043953,True
I043956,False
I043957,False
I043959,False
I043962,True
I043969,True
I043970,False
I043974,False
I043976,True
I043981,True
I043982,False
I043983,False
I043984,False
I043987,True
I043989,False
I043991,True
I043992,True
I043995,True
I043998,False
I044001,False
I044003,True
I044005,False
I044008,True
I044010,True
I044011,True
I044014,False
I044017,True
I044018,False
I044021,False
I044022,True
I044023,True
I044025,False
I044026,True
I044027,False
I044029,True
I044032,False
I044034,True
I044035,True
I044037,True
I044038,False
I044039,False
I044040,True
I044042,True
I044043,False
I044044,True
I044045,False
I044047,False
I044049,False
I044050,True
I044052,False
I044053,True
I044054,True
I044057,False
I044059,False
I044060,True
I044061,False
I044062,False
I044066,True
I044067,False
I044068,True
I044071,False
I044074,True
I044075,True
I044078,False
I044079,False
I044080,False
I044082,False
I044083,False
I044085,True
I044086,True
I044087,False
I044089,False
I044090,True
I044091,False
I044092,True
I044093,True
I044095,True
I044097,False
I044098,True
I044099,True
I044101,False
I044104,False
I044109,False
I044110,True
I044111,True
I044113,True
I044114,False
I044115,False
I044118,False
I044119,False
I044120,False
I044121,True
I044122,True
I044124,True
I044126,False
I044127,False
I044128,True
I044130,True
I044131,True
I044132,False
I044133,False
I044137,True
I044138,True
I044140,False
I044141,False
I044143,True
I044144,True
I044151,True
I044152,True
I044156,False
I044159,True
I044160,True
I044161,False
I044162,True
I044164,True
I044166,False
I044167,True
I044172,True
I044174,False
I044175,False
I044179,True
I044181,True
I044183,False
I044185,False
I044186,False
I044187,False
I044188,False
I044191,True
I044192,True
I044193,False
I044195,True
I044197,True
I044198,True
I044199,True
I044200,True
I044201,True
I044204,True
I044205,False
I044207,False
I044210,False
I044211,True
I044213,False
I044215,False
I044217,False
I044218,True
I044219,True
I044223,False
I044224,False
I044225,True
I044227,True
I044228,True
I044231,False
I044235,True
I044239,False
I044241,False
I044242,False
I044243,False
I044244,False
I044245,False
I044248,False
I044251,True
I044252,True
I044253,True
I044255,False
I044257,True
I044258,False
I044260,False
I044261,True
I044263,True
I044264,True
I044265,True
I044273,True
I044274,True
I044279,True
I044281,False
I044282,False
I044283,True
I044284,True
I044289,True
I044290,False
I044291,True
I044293,True
I044294,False
I044296,False
I044297,False
I044298,True
I044299,False
I044303,False
I044304,True
I044306,False
I044307,True
I044312,True
I044316,True
I044317,True
I044318,True
I044320,False
I044322,True
I044323,True
I044324,True
I044327,True
I044328,True
I044330,True
I044331,True
I044334,False
I044335,True
I044336,False
I044337,True
I044340,False
I044341,True
I044342,False
I044345,True
I044346,True
I044347,False
I044348,True
I044350,False
I044351,True
I044352,False
I044353,False
I044356,True
I044358,False
I044360,True
I044361,False
I044362,False
I044364,True
I044367,False
I044368,True
I044369,True
I044370,True
I044371,False
I044376,True
I044381,True
I044382,True
I044383,True
I044384,True
I044385,False
I044388,True
I044389,True
I044390,False
I044391,False
I044395,False
I044397,True
I044398,False
I044400,False
I044401,True
I044403,True
I044404,False
I044407,False
I044410,True
I044412,True
I044415,True
I044416,False
I044417,False
I044418,True
I044419,True
I044421,False
I044424,False
I044427,True
I044430,False
I044432,True
I044433,True
I044434,False
I044435,False
I044437,False
I044439,False
I044440,True
I044441,True
I044442,True
I044445,False
I044446,False
I044447,False
I044449,True
I044451,False
I044452,False
I044456,True
I044460,True
I044461,True
I044462,True
I044463,False
I044465,True
I044467,True
I044469,True
I044471,False
I044472,False
I044474,True
I044475,True
I044476,False
I044477,False
I044478,True
I044480,True
I044481,True
I044483,True
I044484,False
I044487,True
I044488,True
I044489,True
I044490,True
I044491,False
I044493,True
I044494,False
I044497,False
I044499,True
I044500,True
I044501,False
I044504,False
I044505,False
I044507,True
I044509,False
I044510,True
I044511,False
I044512,True
I044513,True
I044516,False
I044517,False
I044518,True
I044519,True
I044522,False
I044524,True
I044525,False
I044526,False
I044527,False
I044528,True
I044530,False
I044531,False
I044533,True
I044534,True
I044538,False
I044540,True
I044541,False
I044542,False
I044543,False
I044544,True
I044545,True
I044547,True
I044552,False
I044553,False
I044555,False
I044556,True
I044558,False
I044560,True
I044561,True
I044562,False
I044563,False
I044567,True
I044568,False
I044572,False
I044573,False
I044574,True
I044576,True
I044577,True
I044578,True
I044580,False
I044582,True
I044583,False
I044585,False
I044586,True
I044588,False
I044590,True
I044592,True
I044595,True
I044596,True
I044600,False
I044601,False
I044602,True
I044603,True
I044604,True
I044605,True
I044609,True
I044610,False
I044611,False
I044612,False
I044613,True
I044614,False
I044615,True
I044619,True
I044620,False
I044621,True
I044624,False
I044627,False
I044628,False
I044631,True
I044633,False
I044635,True
I044636,True
I044637,False
I044639,True
I044640,True
I044642,True
I044643,True
I044647,True
I044649,False
I044653,True
I044654,True
I044657,True
I044658,False
I044661,False
I044662,True
I044663,True
I044664,True
I044666,True
I044667,True
I044669,True
I044670,True
I044671,True
I044672,False
I044673,True
I044674,True
I044676,True
I044677,True
I044678,True
I044679,True
I044680,True
I044681,True
I044682,True
I044684,True
I044685,True
I044686,False
I044687,True
I044688,True
I044689,False
I044690,True
I044692,False
I044694,False
I044695,True
I044696,True
I044697,True
I044699,True
I044700,True
I044704,False
I044707,False
I044708,True
I044709,True
I044711,False
I044713,True
I044715,True
I044718,False
I044722,False
I044724,False
I044725,True
I044726,True
I044727,True
I044729,True
I044735,False
I044736,False
I044739,True
I044741,True
I044744,True
I044746,False
I044747,False
I044749,True
I044752,True
I044754,False
I044755,False
I044757,False
I044759,True
I044761,True
I044762,True
I044763,True
I044765,True
I044766,True
I044768,False
I044770,False
I044772,True
I044774,False
I044775,False
I044776,False
I044782,False
I044783,False
I044784,False
I044785,True
I044786,True
I044787,False
I044788,True
I044790,False
I044791,True
I044794,True
I044798,True
I044799,True
I044800,False
I044801,True
I044803,False
I044804,False
I044812,False
I044813,True
I044815,False
I044816,False
I044817,True
I044818,True
I044820,False
I044823,False
I044824,True
I044826,False
I044828,False
I044830,True
I044831,True
I044832,True
I044833,False
I044836,True
I044838,False
I044839,True
I044841,False
I044844,False
I044845,True
I044846,True
I044847,False
I044851,False
I044852,True
I044854,True
I044855,False
I044856,False
I044857,True
I044861,True
I044862,True
I044864,False
I044865,False
I044866,False
I044867,False
I044868,True
I044869,True
I044870,False
I044871,True
I044872,True
I044875,True
I044876,False
I044877,True
I044878,False
I044880,True
I044883,False
I044884,False
I044885,False
I044887,True
I044889,True
I044891,True
I044893,False
I044894,False
I044896,False
I044897,True
I044899,False
I044900,False
I044901,True
I044902,False
I044905,True
I044907,True
I044911,True
I044913,False
I044915,False
I044916,True
I044918,True
I044920,True
I044924,False
I044927,True
I044929,True
I044930,True
I044931,False
I044933,False
I044935,True
I044937,False
I044938,False
I044939,True
I044940,True
I044941,False
I044942,True
I044943,True
I044945,False
I044949,False
I044950,False
I044951,True
I044953,True
I044958,False
I044959,False
I044961,False
I044962,False
I044963,False
I044967,False
I044968,False
I044971,True
I044976,True
I044977,False
I044978,True
I044981,False
I044982,False
I044985,True
I044986,False
I044989,True
I044990,False
I044991,False
I044993,False
I044996,True
I044999,True
I045000,False
I045004,False
I045005,True
I045008,True
I045013,False
I045015,True
I045017,True
I045018,True
I045019,True
I045020,True
I045024,False
I045025,True
I045026,True
I045027,True
I045028,False
I045029,False
I045031,False
I045034,True
I045035,True
I045036,False
I045040,True
I045041,True
I045042,True
I045045,False
I045046,True
I045048,True
I045049,False
I045051,True
I045054,True
I045057,True
I045058,True
I045062,False
I045063,False
I045064,False
I045066,True
I045068,True
I045070,True
I045071,True
I045073,False
I045074,False
I045076,True
I045077,True
I045078,False
I045080,False
I045084,False
I045085,True
I045086,True
I045088,False
I045089,True
I045092,False
I045093,True
I045094,False
I045095,True
I045096,True
I045097,False
I045098,False
I045099,False
I045100,False
I045104,True
I045105,False
I045107,False
I045109,False
I045110,False
I045111,True
I045112,True
I045113,True
I045114,False
I045116,False
I045118,False
I045119,True
I045120,False
I045122,True
I045123,False
I045124,False
I045128,False
I045129,True
I045131,True
I045138,True
I045140,False
I045142,True
I045144,False
I045147,False
I045148,False
I045149,False
I045150,True
I045151,False
I045152,False
I045154,False
I045155,False
I045159,False
I045161,False
I045162,True
I045163,False
I045165,True
I045166,False
I045167,False
I045168,False
I045169,True
I045170,True
I045171,True
I045172,True
I045173,True
I045175,True
I045177,False
I045178,False
I045180,False
I045181,True
I045182,False
I045183,True
I045184,True
I045185,False
I045186,True
I045187,True
I045188,True
I045190,False
I045193,True
I045199,False
I045202,False
I045205,False
I045206,True
I045207,True
I045211,True
I045212,False
I045213,True
I045216,False
I045218,False
I045222,True
I045223,True
I045225,True
I045227,False
I045228,False
I045230,True
I045231,True
I045232,False
I045233,False
I045234,False
I045235,True
I045238,False
I045242,False
I045250,True
I045255,False
I045256,False
I045259,False
I045260,False
I045262,True
I045264,False
I045265,True
I045271,False
I045272,True
I045273,True
I045274,False
I045275,True
I045277,True
I045278,True
I045282,True
I045283,False
I045284,False
I045286,False
I045288,False
I045290,False
I045292,False
I045294,False
I045296,True
I045297,False
I045298,True
I045300,True
I045302,True
I045306,False
I045307,True
I045308,False
I045310,True
I045312,True
I045313,False
I045314,False
I045316,True
I045317,False
I045319,True
I045320,False
I045322,True
I045324,False
I045326,True
I045327,False
I045328,True
I045329,True
I045331,True
I045334,False
I045335,False
I045337,False
I045338,True
I045339,False
I045342,True
I045343,True
I045344,True
I045345,False
I045350,False
I045353,True
I045355,False
I045356,True
I045359,False
I045360,False
I045361,False
I045363,True
I045366,True
I045367,False
I045368,False
I045369,False
I045370,False
I045373,False
I045376,False
I045377,False
I045379,True
I045380,True
I045381,True
I045382,False
I045384,True
I045385,True
I045386,True
I045387,True
I045389,True
I045390,True
I045392,True
I045393,False
I045396,True
I045397,True
I045398,True
I045399,True
I045400,True
I045401,False
I045402,False
I045404,False
I045406,False
I045407,False
I045408,True
I045409,False
I045410,True
I045411,True
I045414,True
I045415,False
I045416,True
I045419,False
I045420,True
I045422,False
I045424,False
I045426,True
I045427,False
I045430,False
I045433,False
I045436,False
I045437,True
I045438,False
I045440,False
I045441,False
I045442,True
I045443,True
I045444,True
I045445,True
I045447,True
I045448,False
I045449,True
I045450,False
I045454,True
I045455,True
I045458,True
I045460,True
I045461,True
I045463,False
I045464,True
I045465,True
I045468,True
I045469,True
I045470,False
I045474,False
I045477,True
I045478,True
I045482,False
I045483,True
I045485,False
I045490,False
I045491,True
I045492,False
I045494,False
I045496,True
I045498,False
I045500,False
I045501,True
I045503,False
I045504,False
I045505,True
I045506,True
I045507,True
I045509,False
I045510,True
I045513,True
I045514,False
I045515,True
I045517,True
I045518,True
I045523,False
I045524,False
I045525,False
I045526,False
I045527,True
I045532,True
I045533,True
I045542,False
I045544,False
I045545,True
I045546,False
I045547,True
I045548,True
I045549,False
I045550,False
I045553,True
I045554,False
I045557,False
I045558,True
I045559,True
I045561,True
I045564,True
I045566,True
I045570,False
I045574,False
I045575,True
I045576,True
I045577,True
I045578,True
I045579,True
I045580,True
I045582,True
I045584,True
I045585,False
I045586,True
I045588,True
I045589,False
I045591,False
I045592,False
I045594,True
I045601,False
I045602,False
I045603,True
I045604,True
I045605,False
I045606,True
I045607,True
I045608,True
I045609,True
I045610,False
I045613,True
I045615,True
I045617,False
I045618,False
I045622,True
I045623,False
I045624,True
I045625,True
I045626,True
I045627,False
I045628,False
I045630,True
I045631,True
I045632,True
I045635,True
I045638,False
I045642,False
I045643,False
I045644,False
I045645,False
I045648,True
I045649,True
I045650,True
I045651,False
I045652,True
I045653,False
I045655,True
I045657,False
I045659,False
I045660,True
I045661,True
I045664,True
I045666,True
I045667,False
I045668,True
I045670,True
I045672,True
I045673,False
I045677,True
I045681,False
I045682,True
I045683,False
I045684,False
I045685,True
I045692,False
I045693,False
I045696,False
I045697,True
I045698,True
I045699,False
I045701,False
I045702,True
I045703,False
I045705,False
I045706,True
I045707,False
I045714,True
I045715,True
I045716,False
I045717,True
I045719,True
I045720,True
I045725,True
I045729,False
I045731,False
I045733,False
I045734,True
I045737,True
I045742,True
I045743,False
I045745,True
I045748,True
I045750,False
I045753,False
I045754,True
I045755,True
I045763,True
I045765,True
I045766,False
I045767,True
I045769,True
I045771,False
I045772,True
I045773,True
I045778,True
I045779,False
I045781,False
I045782,False
I045783,False
I045786,True
I045788,False
I045790,False
I045794,True
I045796,False
I045798,True
I045804,False
I045805,True
I045808,False
I045809,True
I045810,False
I045814,True
I045815,True
I045816,False
I045817,True
I045820,True
I045823,False
I045826,False
I045828,True
I045829,False
I045830,True
I045839,False
I045840,False
I045842,True
I045843,False
I045845,True
I045846,False
I045847,False
I045848,True
I045849,True
I045852,False
I045853,True
I045856,True
I045858,True
I045860,False
I045862,True
I045863,False
I045864,False
I045865,False
I045866,False
I045867,True
I045868,True
I045871,False
I045872,False
I045873,False
I045875,False
I045878,False
I045879,True
I045881,True
I045882,True
I045883,False
I045885,False
I045886,True
I045888,False
I045889,False
I045890,False
I045891,True
I045894,True
I045895,False
I045897,False
I045898,True
I045899,True
I045900,True
I045901,True
I045902,False
I045903,False
I045905,False
I045907,True
I045908,False
I045910,True
I045911,False
I045913,False
I045914,False
I045915,False
I045917,False
I045918,True
I045919,False
I045924,True
I045926,True
I045927,False
I045928,True
I045932,False
I045935,False
I045936,False
I045937,True
I045941,False
I045943,False
I045944,True
I045945,False
I045947,False
I045950,False
I045953,False
I045954,True
I045960,True
I045962,True
I045963,True
I045964,False
I045965,True
I045966,False
I045967,True
I045968,False
I045972,False
I045973,True
I045974,False
I045975,True
I045977,True
I045979,True
I045980,True
I045981,False
I045986,False
I045987,True
I045989,True
I045993,True
I045994,True
I045997,True
I045998,True
I045999,True
